N,seed,method,acc,macroF1,macroAUC,brier,ece,far@pd0.9
10,0,B0-heuristic,0.4564,0.22883245382873502,0.7839580188985851,0.6572229398331784,0.10318894842528449,0.5238817285822593
10,0,B1-MLE,0.4364,0.2590995289087791,0.5010902307306484,0.7287555174104117,0.07091496025158804,0.9628506444275967
10,0,B2-expert,0.5492,0.506577482789198,0.7924463706088853,0.5727379071324965,0.11061196871477602,0.489764973464746
10,0,MAP,0.5656,0.4799749969291349,0.7968793816286569,0.5555443955011324,0.06834239847934301,0.49583017437452614
10,0,Proposed-cMAP,0.5652,0.4797114955918943,0.7989034839736341,0.5542708827842703,0.06856796458623797,0.4965883244882487
10,1,B0-heuristic,0.4564,0.22883245382873502,0.7839580188985851,0.6572229398331784,0.10318894842528449,0.5238817285822593
10,1,B1-MLE,0.4352,0.2042656072335322,0.691170739676245,0.6930914429822337,0.08094649717098287,0.6482183472327521
10,1,B2-expert,0.5644,0.48283893247383153,0.8085111182987293,0.5360991205037924,0.02317605168091102,0.5064442759666414
10,1,MAP,0.5664,0.4608990918810177,0.8124538994625691,0.5333414964977881,0.018319519646742805,0.4761182714177407
10,1,Proposed-cMAP,0.5664,0.4608990918810177,0.812453215521414,0.533342030293022,0.018320564436953644,0.4761182714177407
10,2,B0-heuristic,0.4564,0.22883245382873502,0.7839580188985851,0.6572229398331784,0.10318894842528449,0.5238817285822593
10,2,B1-MLE,0.3056,0.30660416017439396,0.6852128159938597,0.7810028751895406,0.13225830224929386,0.620166793025019
10,2,B2-expert,0.4556,0.39526601774984954,0.7561203032944431,0.6399995559805056,0.1020631437281977,0.514783927217589
10,2,MAP,0.4712,0.4362618056677337,0.7582544255685133,0.6233023715272448,0.0892972075275496,0.5405610310841547
10,2,Proposed-cMAP,0.4764,0.4392918698793808,0.7602886927499888,0.6224991753025335,0.08920417966682823,0.5375284306292646
10,3,B0-heuristic,0.4564,0.22883245382873502,0.7839580188985851,0.6572229398331784,0.10318894842528449,0.5238817285822593
10,3,B1-MLE,0.508,0.27837405497850454,0.6188090561311519,0.6388874192394159,0.08700645974756066,0.7460197119029568
10,3,B2-expert,0.42,0.31928333614426974,0.7677415308100506,0.7019282036881945,0.168108834819064,0.4518574677786202
10,3,MAP,0.4456,0.33843651861951957,0.772842007547124,0.6745651826524479,0.14573857080792071,0.45034116755117515
10,3,Proposed-cMAP,0.4456,0.33843651861951957,0.772842007547124,0.6745662153330623,0.14573785363022304,0.45034116755117515
10,4,B0-heuristic,0.4564,0.22883245382873502,0.7839580188985851,0.6572229398331784,0.10318894842528449,0.5238817285822593
10,4,B1-MLE,0.3684,0.307915365572333,0.6600840115693419,0.7267423195808604,0.14639633637799448,0.5943896891584534
10,4,B2-expert,0.5652,0.48690342475212445,0.8043011054972211,0.5511883110222083,0.05958159055026859,0.4564063684609553
10,4,MAP,0.5804,0.4915157409530392,0.8093683350192931,0.537153001442387,0.03559032040367393,0.47536012130401817
10,4,Proposed-cMAP,0.5804,0.4915157409530392,0.8093678146612626,0.5371531555704221,0.035589343444121777,0.47536012130401817
10,5,B0-heuristic,0.4564,0.22883245382873502,0.7839580188985851,0.6572229398331784,0.10318894842528449,0.5238817285822593
10,5,B1-MLE,0.4652,0.38511199140844343,0.6341386358032445,0.7004520617090839,0.12201481134568715,0.714177407126611
10,5,B2-expert,0.4456,0.32965420573303345,0.7552914433608693,0.7216422334947198,0.19641771309411762,0.4927975739196361
10,5,MAP,0.4572,0.33955200493818627,0.7653926020949802,0.6981881175134039,0.19223918877338717,0.4920394238059136
10,5,Proposed-cMAP,0.4572,0.33955200493818627,0.7664092612687683,0.6972696223501006,0.19174229558860528,0.4746019711902957
20,0,B0-heuristic,0.4564,0.22883245382873502,0.7839580188985851,0.6572229398331784,0.10318894842528449,0.5238817285822593
20,0,B1-MLE,0.502,0.2848174706513038,0.6870190960127496,0.6282076208297344,0.06395849014592257,0.6285064442759667
20,0,B2-expert,0.5492,0.506577482789198,0.7924463706088853,0.5727379071324965,0.11061196871477602,0.489764973464746
20,0,MAP,0.5772,0.49682560251618835,0.804864695193252,0.5434567738211868,0.042566372736020625,0.4890068233510235
20,0,Proposed-cMAP,0.5772,0.49682560251618835,0.8059284483471947,0.5426517385684018,0.04039072447949127,0.489764973464746
20,1,B0-heuristic,0.4564,0.22883245382873502,0.7839580188985851,0.6572229398331784,0.10318894842528449,0.5238817285822593
20,1,B1-MLE,0.4116,0.20122117602999032,0.6806832820997107,0.6832921216619783,0.11237459492830147,0.6967399545109931
20,1,B2-expert,0.5644,0.48283893247383153,0.8085111182987293,0.5360991205037924,0.02317605168091102,0.5064442759666414
20,1,MAP,0.57,0.4869013349506135,0.8143659474451391,0.5298154572063859,0.019185972485057125,0.48218347232752085
20,1,Proposed-cMAP,0.57,0.4869013349506135,0.8143669582482558,0.5298126995037976,0.019184995173101457,0.48218347232752085
20,2,B0-heuristic,0.4564,0.22883245382873502,0.7839580188985851,0.6572229398331784,0.10318894842528449,0.5238817285822593
20,2,B1-MLE,0.382,0.367658264303517,0.7246411001561713,0.687858711303216,0.09993795404657943,0.510235026535254
20,2,B2-expert,0.4556,0.39526601774984954,0.7561203032944431,0.6399995559805056,0.1020631437281977,0.514783927217589
20,2,MAP,0.4828,0.42983310168429867,0.7671553737474686,0.6099353061952032,0.05707345138117112,0.5390447308567097
20,2,Proposed-cMAP,0.4792,0.42696027572492556,0.7686052477774334,0.609079541886667,0.056687747368164766,0.5367702805155421
20,3,B0-heuristic,0.4564,0.22883245382873502,0.7839580188985851,0.6572229398331784,0.10318894842528449,0.5238817285822593
20,3,B1-MLE,0.5004,0.3756686186941628,0.6941068429904929,0.6672257959172087,0.13599557326064007,0.6315390447308568
20,3,B2-expert,0.42,0.31928333614426974,0.7677415308100506,0.7019282036881945,0.168108834819064,0.4518574677786202
20,3,MAP,0.474,0.36058533767725065,0.7766943591286684,0.6647885881630243,0.1390804665924342,0.4450341167551175
20,3,Proposed-cMAP,0.474,0.36058533767725065,0.7766943591286684,0.6647886504583352,0.1390804463269276,0.4450341167551175
20,4,B0-heuristic,0.4564,0.22883245382873502,0.7839580188985851,0.6572229398331784,0.10318894842528449,0.5238817285822593
20,4,B1-MLE,0.4344,0.35312628917594635,0.6845308713572703,0.6501792606382332,0.11241287369918317,0.5807429871114481
20,4,B2-expert,0.5652,0.48690342475212445,0.8043011054972211,0.5511883110222083,0.05958159055026859,0.4564063684609553
20,4,MAP,0.5744,0.46590663947639416,0.8107904352563652,0.5331774844312173,0.04631110185279405,0.4723275208491281
20,4,Proposed-cMAP,0.5744,0.46590663947639416,0.8107902716732404,0.5331780456977856,0.04631126947069572,0.4723275208491281
20,5,B0-heuristic,0.4564,0.22883245382873502,0.7839580188985851,0.6572229398331784,0.10318894842528449,0.5238817285822593
20,5,B1-MLE,0.5064,0.43252441300594296,0.7156007389701298,0.6467996667533653,0.11475556864967651,0.6542835481425322
20,5,B2-expert,0.4456,0.32965420573303345,0.7552914433608693,0.7216422334947198,0.19641771309411762,0.4927975739196361
20,5,MAP,0.4836,0.38668319604901624,0.7764185600846079,0.6672122409511483,0.1641835667292595,0.5064442759666414
20,5,Proposed-cMAP,0.4832,0.3863776593189432,0.7771046753088598,0.6663345544605782,0.16401314808037182,0.4935557240333586
50,0,B0-heuristic,0.4564,0.22883245382873502,0.7839580188985851,0.6572229398331784,0.10318894842528449,0.5238817285822593
50,0,B1-MLE,0.5644,0.43338632735191185,0.7797136487112856,0.556729639724397,0.05290175900359988,0.5125094768764216
50,0,B2-expert,0.5492,0.506577482789198,0.7924463706088853,0.5727379071324965,0.11061196871477602,0.489764973464746
50,0,MAP,0.5792,0.47480862495334325,0.8067581980308247,0.540094628043124,0.041475181892927517,0.4806671721000758
50,0,Proposed-cMAP,0.5792,0.47480862495334325,0.807230922905839,0.5397112676675806,0.041557530118423884,0.4806671721000758
50,1,B0-heuristic,0.4564,0.22883245382873502,0.7839580188985851,0.6572229398331784,0.10318894842528449,0.5238817285822593
50,1,B1-MLE,0.5472,0.47248135088535137,0.7709055390336172,0.5797462905803484,0.07069957227912262,0.47687642153146326
50,1,B2-expert,0.5644,0.48283893247383153,0.8085111182987293,0.5360991205037924,0.02317605168091102,0.5064442759666414
50,1,MAP,0.5828,0.5055008720084527,0.8169792186061209,0.5261877077960929,0.025385958878587446,0.46626231993934797
50,1,Proposed-cMAP,0.5828,0.5055008720084527,0.8169734006438258,0.5261915516358464,0.025386812039997823,0.46626231993934797
50,2,B0-heuristic,0.4564,0.22883245382873502,0.7839580188985851,0.6572229398331784,0.10318894842528449,0.5238817285822593
50,2,B1-MLE,0.5112,0.4472920863341139,0.7628333252279571,0.6223663329700796,0.10301625028156375,0.5246398786959818
50,2,B2-expert,0.4556,0.39526601774984954,0.7561203032944431,0.6399995559805056,0.1020631437281977,0.514783927217589
50,2,MAP,0.5324,0.4555544159229422,0.7908851339345088,0.5884634687522885,0.04845555559474082,0.4943138741470811
50,2,Proposed-cMAP,0.5324,0.4555544159229422,0.7908928074911343,0.5884568415773774,0.04844323744089018,0.4943138741470811
50,3,B0-heuristic,0.4564,0.22883245382873502,0.7839580188985851,0.6572229398331784,0.10318894842528449,0.5238817285822593
50,3,B1-MLE,0.5704,0.5042545774684603,0.7714543196280756,0.5691567284850154,0.08611240683193017,0.5064442759666414
50,3,B2-expert,0.42,0.31928333614426974,0.7677415308100506,0.7019282036881945,0.168108834819064,0.4518574677786202
50,3,MAP,0.5436,0.4604874912431927,0.8013440893859811,0.5893883469568533,0.04767971818787179,0.42987111448066717
50,3,Proposed-cMAP,0.5412,0.4584456393279923,0.8016540152160332,0.5893056309350375,0.04881614198667821,0.4397270659590599
50,4,B0-heuristic,0.4564,0.22883245382873502,0.7839580188985851,0.6572229398331784,0.10318894842528449,0.5238817285822593
50,4,B1-MLE,0.5472,0.38163516587279556,0.7609016254465613,0.5815665559831096,0.06691566308551905,0.5519332827899924
50,4,B2-expert,0.5652,0.48690342475212445,0.8043011054972211,0.5511883110222083,0.05958159055026859,0.4564063684609553
50,4,MAP,0.5836,0.4802891916538766,0.8161961958519165,0.5253169405505358,0.03270837791580722,0.4518574677786202
50,4,Proposed-cMAP,0.5836,0.4802891916538766,0.8161948694217248,0.5253155228302425,0.032707112469285295,0.4518574677786202
50,5,B0-heuristic,0.4564,0.22883245382873502,0.7839580188985851,0.6572229398331784,0.10318894842528449,0.5238817285822593
50,5,B1-MLE,0.5496,0.4872397566671258,0.7569565508147791,0.5981208829631937,0.10450303266847591,0.5420773313115997
50,5,B2-expert,0.4456,0.32965420573303345,0.7552914433608693,0.7216422334947198,0.19641771309411762,0.4927975739196361
50,5,MAP,0.5348,0.4325167723906994,0.7886796248913621,0.6102683674525821,0.07798054237385164,0.48218347232752085
50,5,Proposed-cMAP,0.5344,0.4320417409578524,0.7893347982931301,0.6093954905818176,0.07776184014551468,0.48218347232752085
100,0,B0-heuristic,0.4564,0.22883245382873502,0.7839580188985851,0.6572229398331784,0.10318894842528449,0.5238817285822593
100,0,B1-MLE,0.5772,0.5138055282755586,0.7931488719071899,0.5409210191263514,0.041514595559503556,0.4920394238059136
100,0,B2-expert,0.5492,0.506577482789198,0.7924463706088853,0.5727379071324965,0.11061196871477602,0.489764973464746
100,0,MAP,0.5812,0.48972799838318726,0.8091296600576623,0.5346579525691738,0.035319411042060496,0.47081122062168307
100,0,Proposed-cMAP,0.5808,0.4894951882111819,0.8094901860177445,0.5343945860433131,0.036729777264260875,0.4723275208491281
100,1,B0-heuristic,0.4564,0.22883245382873502,0.7839580188985851,0.6572229398331784,0.10318894842528449,0.5238817285822593
100,1,B1-MLE,0.5584,0.47000017055550747,0.8021262858180631,0.5481086497200496,0.03983696296639616,0.5041698256254739
100,1,B2-expert,0.5644,0.48283893247383153,0.8085111182987293,0.5360991205037924,0.02317605168091102,0.5064442759666414
100,1,MAP,0.5844,0.4937306452444644,0.8197588501812725,0.5237437597977629,0.033019088390571556,0.4981046247156937
100,1,Proposed-cMAP,0.5844,0.4937306452444644,0.8197595403484468,0.523742253647207,0.03301709896355888,0.4981046247156937
100,2,B0-heuristic,0.4564,0.22883245382873502,0.7839580188985851,0.6572229398331784,0.10318894842528449,0.5238817285822593
100,2,B1-MLE,0.526,0.4685692562944718,0.7931245863131143,0.5648215994687817,0.06019417174058969,0.47308567096285065
100,2,B2-expert,0.4556,0.39526601774984954,0.7561203032944431,0.6399995559805056,0.1020631437281977,0.514783927217589
100,2,MAP,0.5692,0.5048044053687739,0.8083198229371917,0.5512442645683153,0.04900704254419495,0.48218347232752085
100,2,Proposed-cMAP,0.5692,0.5048044053687739,0.8083214299303747,0.5512377489440669,0.04898868430262435,0.48218347232752085
100,3,B0-heuristic,0.4564,0.22883245382873502,0.7839580188985851,0.6572229398331784,0.10318894842528449,0.5238817285822593
100,3,B1-MLE,0.578,0.502722419569293,0.8052797920787889,0.5377199754355028,0.059670136238836075,0.4943138741470811
100,3,B2-expert,0.42,0.31928333614426974,0.7677415308100506,0.7019282036881945,0.168108834819064,0.4518574677786202
100,3,MAP,0.5612,0.49110517163129297,0.8096785738579519,0.5544788699884422,0.026532686031453288,0.44351781652767247
100,3,Proposed-cMAP,0.5612,0.49110517163129297,0.8096762849148691,0.5544927185321284,0.02655200025872936,0.44351781652767247
100,4,B0-heuristic,0.4564,0.22883245382873502,0.7839580188985851,0.6572229398331784,0.10318894842528449,0.5238817285822593
100,4,B1-MLE,0.5796,0.45521167978863636,0.799015549189569,0.5325052466223771,0.036928614167105245,0.4700530705079606
100,4,B2-expert,0.5652,0.48690342475212445,0.8043011054972211,0.5511883110222083,0.05958159055026859,0.4564063684609553
100,4,MAP,0.5852,0.4956980227005103,0.8184593554415984,0.5230938693510078,0.02262331133165172,0.4533737680060652
100,4,Proposed-cMAP,0.5852,0.4956980227005103,0.8184646658669443,0.5230921115757489,0.022617175986353558,0.4533737680060652
100,5,B0-heuristic,0.4564,0.22883245382873502,0.7839580188985851,0.6572229398331784,0.10318894842528449,0.5238817285822593
100,5,B1-MLE,0.5528,0.5162299301804906,0.7828893277268659,0.5666223682367642,0.08200843641240345,0.5094768764215315
100,5,B2-expert,0.4456,0.32965420573303345,0.7552914433608693,0.7216422334947198,0.19641771309411762,0.4927975739196361
100,5,MAP,0.5376,0.4424564384422398,0.7959474638175144,0.577562865587022,0.06736746333237813,0.48597422289613346
100,5,Proposed-cMAP,0.5376,0.4427094449593071,0.7964056278423687,0.5769690235184392,0.06687102433875566,0.48597422289613346
200,0,B0-heuristic,0.4564,0.22883245382873502,0.7839580188985851,0.6572229398331784,0.10318894842528449,0.5238817285822593
200,0,B1-MLE,0.5828,0.5014502888215469,0.8124670379270128,0.5287382818419848,0.026673606417991467,0.4852160727824109
200,0,B2-expert,0.5492,0.506577482789198,0.7924463706088853,0.5727379071324965,0.11061196871477602,0.489764973464746
200,0,MAP,0.5892,0.4986933159448429,0.8139850219253827,0.528446104484627,0.025363951234419497,0.4715693707354056
200,0,Proposed-cMAP,0.5896,0.4991188972451317,0.8141213186496018,0.5283486892331332,0.027603950012916146,0.47308567096285065
200,1,B0-heuristic,0.4564,0.22883245382873502,0.7839580188985851,0.6572229398331784,0.10318894842528449,0.5238817285822593
200,1,B1-MLE,0.582,0.4993736240170669,0.81669798015086,0.5238670060133273,0.028514992340955357,0.47308567096285065
200,1,B2-expert,0.5644,0.48283893247383153,0.8085111182987293,0.5360991205037924,0.02317605168091102,0.5064442759666414
200,1,MAP,0.5848,0.5044243135241014,0.8215783840967597,0.5188774660632407,0.017421944373058867,0.46853677028051555
200,1,Proposed-cMAP,0.5848,0.5044243135241014,0.821579413273646,0.5188771482173977,0.017420702432837384,0.46853677028051555
200,2,B0-heuristic,0.4564,0.22883245382873502,0.7839580188985851,0.6572229398331784,0.10318894842528449,0.5238817285822593
200,2,B1-MLE,0.5724,0.5087405878589308,0.8139072855387426,0.5330601161421852,0.028307412985149955,0.4541319181197877
200,2,B2-expert,0.4556,0.39526601774984954,0.7561203032944431,0.6399995559805056,0.1020631437281977,0.514783927217589
200,2,MAP,0.5768,0.5086928426305208,0.8157636394714238,0.535398741285977,0.03351543693128104,0.4632297194844579
200,2,Proposed-cMAP,0.5768,0.5086928426305208,0.8157636394714238,0.5353987470649174,0.033515436087479145,0.4632297194844579
200,3,B0-heuristic,0.4564,0.22883245382873502,0.7839580188985851,0.6572229398331784,0.10318894842528449,0.5238817285822593
200,3,B1-MLE,0.5948,0.48612526088457825,0.8160729014387114,0.5248812572862355,0.03333802060799148,0.46853677028051555
200,3,B2-expert,0.42,0.31928333614426974,0.7677415308100506,0.7019282036881945,0.168108834819064,0.4518574677786202
200,3,MAP,0.5884,0.49899530727643293,0.8192590665643011,0.5267545469679076,0.024080474044459343,0.45109931766489764
200,3,Proposed-cMAP,0.5888,0.49800661390627243,0.8192908083931874,0.5267705356251318,0.02420510238472864,0.45109931766489764
200,4,B0-heuristic,0.4564,0.22883245382873502,0.7839580188985851,0.6572229398331784,0.10318894842528449,0.5238817285822593
200,4,B1-MLE,0.5856,0.5115093857514365,0.8137721945928478,0.5324163983209627,0.04902162526350269,0.467778620166793
200,4,B2-expert,0.5652,0.48690342475212445,0.8043011054972211,0.5511883110222083,0.05958159055026859,0.4564063684609553
200,4,MAP,0.5952,0.5112514160058209,0.8198110680269954,0.5230177999166561,0.035562239807321115,0.46474601971190294
200,4,Proposed-cMAP,0.5952,0.5112514160058209,0.8198082456617559,0.5230174621859071,0.03556204979975321,0.46474601971190294
200,5,B0-heuristic,0.4564,0.22883245382873502,0.7839580188985851,0.6572229398331784,0.10318894842528449,0.5238817285822593
200,5,B1-MLE,0.5804,0.5073124089317625,0.8112142743314212,0.5298812626960661,0.023889827948436408,0.4829416224412434
200,5,B2-expert,0.4456,0.32965420573303345,0.7552914433608693,0.7216422334947198,0.19641771309411762,0.4927975739196361
200,5,MAP,0.5648,0.4732486539726186,0.8094179541828991,0.5489724168172753,0.03455725834447027,0.47536012130401817
200,5,Proposed-cMAP,0.564,0.47237578032233385,0.8102968946563056,0.5478470385070696,0.036103544043181814,0.47308567096285065
400,0,B0-heuristic,0.4564,0.22883245382873502,0.7839580188985851,0.6572229398331784,0.10318894842528449,0.5238817285822593
400,0,B1-MLE,0.598,0.492668260213501,0.8198473286409221,0.5196251451482052,0.03459926748360527,0.45034116755117515
400,0,B2-expert,0.5492,0.506577482789198,0.7924463706088853,0.5727379071324965,0.11061196871477602,0.489764973464746
400,0,MAP,0.5876,0.4917865095794683,0.8174690357833455,0.5238711887316332,0.026301241777743654,0.4564063684609553
400,0,Proposed-cMAP,0.5772,0.465582916315988,0.7913030067697125,0.5533383786070696,0.04455019199801803,0.49128127369219105
400,1,B0-heuristic,0.4564,0.22883245382873502,0.7839580188985851,0.6572229398331784,0.10318894842528449,0.5238817285822593
400,1,B1-MLE,0.5928,0.501613674873581,0.8198795247727129,0.5182132275033793,0.02298636452315581,0.4609552691432904
400,1,B2-expert,0.5644,0.48283893247383153,0.8085111182987293,0.5360991205037924,0.02317605168091102,0.5064442759666414
400,1,MAP,0.5964,0.5087060262186298,0.8237827397322122,0.5133913726327248,0.027684744275672604,0.4746019711902957
400,1,Proposed-cMAP,0.5964,0.5087060262186298,0.8237827397322122,0.5133913115936709,0.027684635766166397,0.4746019711902957
400,2,B0-heuristic,0.4564,0.22883245382873502,0.7839580188985851,0.6572229398331784,0.10318894842528449,0.5238817285822593
400,2,B1-MLE,0.5804,0.5032045449094502,0.8208385080661271,0.521267014606385,0.038610582337182064,0.4518574677786202
400,2,B2-expert,0.4556,0.39526601774984954,0.7561203032944431,0.6399995559805056,0.1020631437281977,0.514783927217589
400,2,MAP,0.5852,0.5080618534188948,0.8222885946180554,0.5222771599458417,0.04970930936065707,0.45109931766489764
400,2,Proposed-cMAP,0.5852,0.5080618534188948,0.822289804838972,0.5222772965472317,0.04970911757151636,0.45109931766489764
400,3,B0-heuristic,0.4564,0.22883245382873502,0.7839580188985851,0.6572229398331784,0.10318894842528449,0.5238817285822593
400,3,B1-MLE,0.5888,0.49875478345135604,0.8185862766286773,0.521200002439628,0.020990193963120525,0.46626231993934797
400,3,B2-expert,0.42,0.31928333614426974,0.7677415308100506,0.7019282036881945,0.168108834819064,0.4518574677786202
400,3,MAP,0.5988,0.4883607915197449,0.8226173208998868,0.5174354670234231,0.030454210495977938,0.4579226686884003
400,3,Proposed-cMAP,0.5968,0.4879509721830848,0.822689425942033,0.5177339106065063,0.02937653151364807,0.4579226686884003
400,4,B0-heuristic,0.4564,0.22883245382873502,0.7839580188985851,0.6572229398331784,0.10318894842528449,0.5238817285822593
400,4,B1-MLE,0.574,0.5072624566330813,0.8192565051413431,0.5225606655620892,0.01632728169958548,0.4518574677786202
400,4,B2-expert,0.5652,0.48690342475212445,0.8043011054972211,0.5511883110222083,0.05958159055026859,0.4564063684609553
400,4,MAP,0.5832,0.5116785856676023,0.8213787265849921,0.5199746997244291,0.015040921213107792,0.45564821834723274
400,4,Proposed-cMAP,0.5832,0.5116785856676023,0.8213775939551573,0.5199745262368379,0.01504055869588322,0.45564821834723274
400,5,B0-heuristic,0.4564,0.22883245382873502,0.7839580188985851,0.6572229398331784,0.10318894842528449,0.5238817285822593
400,5,B1-MLE,0.5956,0.48272497029373973,0.8173533247847415,0.5202028181814948,0.021952950549395688,0.46474601971190294
400,5,B2-expert,0.4456,0.32965420573303345,0.7552914433608693,0.7216422334947198,0.19641771309411762,0.4927975739196361
400,5,MAP,0.5928,0.4787453454548556,0.8166702430948003,0.527011650666957,0.013847392803114136,0.46853677028051555
400,5,Proposed-cMAP,0.5928,0.4787453454548556,0.8167085666999316,0.5269833665013088,0.015459065925317896,0.46853677028051555
