method,N,seed,acc,macroF1,macroAUC,brier,ece,far@pd0.9
B0-heuristic,10,2.5,0.4564,0.22883245382873504,0.7839580188985851,0.6572229398331784,0.10318894842528449,0.5238817285822593
B0-heuristic,20,2.5,0.4564,0.22883245382873504,0.7839580188985851,0.6572229398331784,0.10318894842528449,0.5238817285822593
B0-heuristic,50,2.5,0.4564,0.22883245382873504,0.7839580188985851,0.6572229398331784,0.10318894842528449,0.5238817285822593
B0-heuristic,100,2.5,0.4564,0.22883245382873504,0.7839580188985851,0.6572229398331784,0.10318894842528449,0.5238817285822593
B0-heuristic,200,2.5,0.4564,0.22883245382873504,0.7839580188985851,0.6572229398331784,0.10318894842528449,0.5238817285822593
B0-heuristic,400,2.5,0.4564,0.22883245382873504,0.7839580188985851,0.6572229398331784,0.10318894842528449,0.5238817285822593
B1-MLE,10,2.5,0.4198,0.290228451379331,0.631750914984082,0.711488606018591,0.10658956119051784,0.7143037654788982
B1-MLE,20,2.5,0.45613333333333334,0.33583603864347716,0.6977636552644207,0.6605938628506226,0.10657250912171722,0.6170078342178419
B1-MLE,50,2.5,0.5483333333333333,0.4543815440966264,0.767127501477046,0.5846144051176906,0.08069144735836857,0.51908011119535
B1-MLE,100,2.5,0.5619999999999999,0.48775649744399296,0.7959307355055985,0.5484498097683045,0.05335881951413903,0.49052312357846856
B1-MLE,200,2.5,0.5830000000000001,0.502418592710887,0.8140219456632659,0.528807387050127,0.03162424759400456,0.47194844579226686
B1-MLE,400,2.5,0.5882666666666666,0.49770478172911825,0.819293578005754,0.5205114789068636,0.025911106759340805,0.4576699519838261
B2-expert,10,2.5,0.5,0.4200872332737178,0.7807353119783665,0.6205992219703195,0.10999321709788916,0.48534243113469805
B2-expert,20,2.5,0.5,0.4200872332737178,0.7807353119783665,0.6205992219703195,0.10999321709788916,0.48534243113469805
B2-expert,50,2.5,0.5,0.4200872332737178,0.7807353119783665,0.6205992219703195,0.10999321709788916,0.48534243113469805
B2-expert,100,2.5,0.5,0.4200872332737178,0.7807353119783665,0.6205992219703195,0.10999321709788916,0.48534243113469805
B2-expert,200,2.5,0.5,0.4200872332737178,0.7807353119783665,0.6205992219703195,0.10999321709788916,0.48534243113469805
B2-expert,400,2.5,0.5,0.4200872332737178,0.7807353119783665,0.6205992219703195,0.10999321709788916,0.48534243113469805
MAP,10,2.5,0.5144,0.4244400264981052,0.7858651085535228,0.6036824275224006,0.09158786760643621,0.48837503158958806
MAP,20,2.5,0.527,0.43778920205896027,0.7917148951425835,0.5913976417946943,0.07806682196278943,0.48900682335102347
MAP,50,2.5,0.5594,0.46819289469541786,0.803473743450119,0.5632865765919127,0.045614222473964405,0.46752590346221884
MAP,100,2.5,0.5698,0.4862537802950781,0.8102156210488651,0.5441302636436206,0.03897816711205169,0.47232752084912816
MAP,200,2.5,0.5832,0.4992176415590563,0.8166358557112936,0.5302445125892806,0.02841688412250169,0.4657568865301996
MAP,400,2.5,0.5906666666666667,0.4978898519765326,0.820701110118882,0.5206602564541681,0.0271729699877122,0.4607025524387162
Proposed-cMAP,10,2.5,0.5152,0.42490112031050625,0.7867107459536986,0.6031835136055684,0.09152703355882834,0.48508971443012383
Proposed-cMAP,20,2.5,0.5263333333333333,0.4372594749440526,0.7922483267472754,0.5909742050959276,0.07761138848312543,0.48660601465756886
Proposed-cMAP,50,2.5,0.5589333333333334,0.4677734141374099,0.8037134689952813,0.5630627175379836,0.04577877903346501,0.469168562041951
Proposed-cMAP,100,2.5,0.5697333333333333,0.48625714635258843,0.8103529558201247,0.5439880737101506,0.03912929351904711,0.47258023755370226
Proposed-cMAP,200,2.5,0.5832,0.49897831060569686,0.8168100533509867,0.530043270138926,0.029068464126816056,0.46563052817791256
Proposed-cMAP,400,2.5,0.5886,0.4934542832098425,0.8163585229896698,0.5256164650154376,0.030303350245091662,0.46651503664392213
