variant,seed,acc,macroF1,macroAUC,brier,ece,far@pd0.9
Proposed (full),0,0.5756,0.4750149383079935,0.8071864238957907,0.539381185760166,0.04899913119461269,0.4746019711902957
-constraints (MAP),0,0.5776,0.47802268184229707,0.8068474426372658,0.539693815573902,0.048243880367683616,0.4806671721000758
-prior (MLE),0,0.5596,0.4960168122179205,0.7948160556578806,0.5442305921427573,0.034546186952015175,0.488248673237301
-reliability,0,0.5804,0.4929550140658123,0.808848542348075,0.5372922786199414,0.04246572627484267,0.4746019711902957
-virtual evid. (hard),0,0.5704,0.4694377138390221,0.8047216312698777,0.5428269390496028,0.04277412632376125,0.4761182714177407
Proposed (full),1,0.5916,0.49532088951537634,0.8200238340999502,0.5230055913516417,0.034757115910557475,0.48597422289613346
-constraints (MAP),1,0.5916,0.49532088951537634,0.8200387988914213,0.5230154519977472,0.034765374925600584,0.48673237300985595
-prior (MLE),1,0.57,0.48130648882676547,0.7999909213760875,0.5535224427988154,0.04953365000756849,0.5049279757391963
-reliability,1,0.5904,0.4884225556310327,0.8199045211146782,0.5224085158203967,0.040719378683897856,0.4844579226686884
-virtual evid. (hard),1,0.5876,0.483471629520029,0.8188811124105908,0.5262673041669397,0.03897533058723792,0.4852160727824109
Proposed (full),2,0.5544,0.48021131185210264,0.8031262251255177,0.5609333210015369,0.03389275489416624,0.4806671721000758
-constraints (MAP),2,0.5544,0.48021131185210264,0.8031202884548884,0.5609338075722075,0.03389545126600019,0.4806671721000758
-prior (MLE),2,0.5348,0.4423960076031072,0.7835565734518344,0.5793068913055084,0.08363157808422539,0.5519332827899924
-reliability,2,0.5508,0.47098221983650546,0.8017848777498862,0.5622543520823284,0.033311242641343594,0.4965883244882487
-virtual evid. (hard),2,0.55,0.4774307864745606,0.8015232472124748,0.5628126894364263,0.04898952890699513,0.4920394238059136
Proposed (full),3,0.5588,0.48542933416557205,0.80874919487995,0.5606577102287863,0.024094291486774045,0.4382107657316149
-constraints (MAP),3,0.5576,0.4847068544305073,0.8081852259294726,0.561241595721652,0.023210854663729016,0.4404852160727824
-prior (MLE),3,0.568,0.5099123371245896,0.7908123612951482,0.5646722226246284,0.0859451116007513,0.5087187263078089
-reliability,3,0.5592,0.4916502115417323,0.8086720365775714,0.5610538649809933,0.039467173674797046,0.44275966641395
-virtual evid. (hard),3,0.5544,0.48045268349904746,0.8066809489701718,0.5627029590527273,0.02150944745025897,0.46171341925701287
Proposed (full),4,0.5904,0.4912063955879697,0.8165524029069264,0.524395868772888,0.028516453094160746,0.4579226686884003
-constraints (MAP),4,0.5904,0.4912063955879697,0.8165524029069264,0.5243958279060765,0.02851641636391642,0.4579226686884003
-prior (MLE),4,0.5492,0.39600987500732676,0.7762351534738858,0.5767270956357188,0.04883838257240428,0.5238817285822593
-reliability,4,0.5936,0.4936804851209214,0.8179721507378683,0.522417785608552,0.024924767517963645,0.4624715693707354
-virtual evid. (hard),4,0.5892,0.4837111344832184,0.8142454500454446,0.5281626643381122,0.029127167526048506,0.4746019711902957
Proposed (full),5,0.5392,0.43595531814080657,0.7958257617803088,0.5892773000200884,0.08363121094103265,0.4783927217589083
-constraints (MAP),5,0.5392,0.43595531814080657,0.7953909067609201,0.5899258410288952,0.08376469729141385,0.4761182714177407
-prior (MLE),5,0.5448,0.4987187574833084,0.7784871602490238,0.5789418542950205,0.0913967067801166,0.5511751326762699
-reliability,5,0.544,0.4435943100148353,0.7972411234585122,0.5880612502021612,0.08236125123832169,0.46398786959818045
-virtual evid. (hard),5,0.5392,0.4370203254183833,0.7940351111995484,0.5900913904986526,0.07622068598708587,0.4844579226686884
