prior_noise,N,seed,method,T_mono_violation,acc,ece,macroAUC
0.15,20,0,MAP,0.0,0.5916,0.032311801323339516,0.8098549771934123
0.15,20,0,cMAP,0.0,0.5916,0.032468280170605296,0.8109190450297399
0.15,20,1,MAP,0.0,0.5776,0.015308581660488731,0.8176792998385005
0.15,20,1,cMAP,0.0,0.578,0.01570110581586328,0.8176658059592822
0.15,20,2,MAP,0.010101010101010102,0.5196,0.04711181994126304,0.7858504061472082
0.15,20,2,cMAP,0.010101010101010102,0.5208,0.042877007955296066,0.7863092581558642
0.15,20,3,MAP,0.0,0.5288,0.09755762353716867,0.7911408865112294
0.15,20,3,cMAP,0.0,0.5288,0.09755772208265588,0.7911398694820936
0.15,20,4,MAP,0.0,0.5852,0.03528688088773265,0.8143733795356182
0.15,20,4,cMAP,0.0,0.5852,0.03528634151255074,0.8143722522189384
0.15,20,5,MAP,0.020202020202020204,0.5172,0.13150940943918277,0.7881981344932287
0.15,20,5,cMAP,0.020202020202020204,0.5152,0.13302909464016818,0.7885477482489002
0.15,20,6,MAP,0.0,0.4916,0.11211474521499849,0.7830996176474327
0.15,20,6,cMAP,0.0,0.4916,0.11211407058919597,0.7830996159037196
0.15,20,7,MAP,0.0,0.5784,0.039163826515234625,0.8177862074709508
0.15,20,7,cMAP,0.0,0.5784,0.03913560325296498,0.8177950983045895
0.15,50,0,MAP,0.0,0.5876,0.030911130829332733,0.8114826978183574
0.15,50,0,cMAP,0.0,0.5876,0.03096926002014766,0.811565727914095
0.15,50,1,MAP,0.0,0.5884,0.02042536296764188,0.8189270654067504
0.15,50,1,cMAP,0.0,0.5884,0.020444163720241267,0.8189136802107215
0.15,50,2,MAP,0.0,0.552,0.05240491472943113,0.802929726172383
0.15,50,2,cMAP,0.0,0.552,0.05240496321112301,0.802929726172383
0.15,50,3,MAP,0.010101010101010102,0.5608,0.04874039584930614,0.8087233279940456
0.15,50,3,cMAP,0.010101010101010102,0.5608,0.049524008668963504,0.8088813172615907
0.15,50,4,MAP,0.0,0.5916,0.022228256898747824,0.8188406757626451
0.15,50,4,cMAP,0.0,0.5916,0.022228919193252664,0.8188440253654354
0.15,50,5,MAP,0.020202020202020204,0.5428,0.0800933365068621,0.7970443659335239
0.15,50,5,cMAP,0.020202020202020204,0.5424,0.07986216709124903,0.7975326310087784
0.15,50,6,MAP,0.0,0.5104,0.08495064296209784,0.7916076535033946
0.15,50,6,cMAP,0.0,0.5104,0.08494613490179327,0.7916207249627443
0.15,50,7,MAP,0.0,0.5872,0.032695529597061186,0.8196363733722591
0.15,50,7,cMAP,0.0,0.5872,0.03268839118629458,0.819627363427067
0.5,20,0,MAP,0.04040404040404041,0.5608,0.09645470851327144,0.7104310692847714
0.5,20,0,cMAP,0.0,0.5628,0.09722145919968939,0.7660514265253264
0.5,20,1,MAP,0.0,0.482,0.06155497326572894,0.7406195912978278
0.5,20,1,cMAP,0.0,0.4824,0.0626149667494696,0.7408760244565238
0.5,20,2,MAP,0.09090909090909091,0.2212,0.28746916468068784,0.7174716567969996
0.5,20,2,cMAP,0.0,0.2296,0.28638965085381096,0.7221985418817137
0.5,20,3,MAP,0.04040404040404041,0.1548,0.468618974722268,0.6413910744080277
0.5,20,3,cMAP,0.04040404040404041,0.1444,0.48681899735798834,0.65621904387285
0.5,20,4,MAP,0.0,0.5236,0.10326732077631197,0.7789150495270047
0.5,20,4,cMAP,0.0,0.5236,0.10326747195111836,0.7789150495270047
0.5,20,5,MAP,0.10101010101010101,0.1632,0.5307967419966624,0.6792246905742028
0.5,20,5,cMAP,0.0,0.1648,0.5300964368882604,0.6888885045792565
0.5,20,6,MAP,0.04040404040404041,0.0988,0.6352904403594917,0.6861379900223457
0.5,20,6,cMAP,0.0,0.0988,0.6436926319017822,0.6882704837634377
0.5,20,7,MAP,0.0,0.5096,0.12412845064497136,0.7681853439523392
0.5,20,7,cMAP,0.0,0.5096,0.12390693581446698,0.7686203146380225
0.5,50,0,MAP,0.06060606060606061,0.5236,0.09080312539409435,0.7691439329522511
0.5,50,0,cMAP,0.0,0.5432,0.07363284301731557,0.7727664999081727
0.5,50,1,MAP,0.0,0.5264,0.04459287946014107,0.7852997735039093
0.5,50,1,cMAP,0.0,0.5264,0.04410678049510161,0.7855566700661687
0.5,50,2,MAP,0.10101010101010101,0.3292,0.18286961231659402,0.7280337655003936
0.5,50,2,cMAP,0.0707070707070707,0.3516,0.19096274924725254,0.7384348251875121
0.5,50,3,MAP,0.10101010101010101,0.1984,0.33895486380818246,0.7136932276827899
0.5,50,3,cMAP,0.0,0.1852,0.36272698350556387,0.7076545517945552
0.5,50,4,MAP,0.0,0.5324,0.08755672587947208,0.7976612987187339
0.5,50,4,cMAP,0.0,0.5324,0.08755803094133197,0.7976562163205547
0.5,50,5,MAP,0.12121212121212122,0.1924,0.40402346725968213,0.6978713420475786
0.5,50,5,cMAP,0.0,0.1836,0.40628550685710874,0.70628171466086
0.5,50,6,MAP,0.0707070707070707,0.1192,0.4884627663465273,0.6817146530058351
0.5,50,6,cMAP,0.06060606060606061,0.1052,0.5200694021693113,0.687061139589662
0.5,50,7,MAP,0.020202020202020204,0.5276,0.06823212512929888,0.777751450086531
0.5,50,7,cMAP,0.020202020202020204,0.5276,0.0590519887981576,0.7791828179765863
