rep,model,acc,macroAUC,ece,brier,far@pd0.9,macroF1,cwece
0,class-prior constant,0.4356,0.5,0.003530833784597065,0.653518007766015,1.0,,
0,CPT-oracle,0.588,0.8146326235168426,0.017974789943152367,0.5268639903851905,0.4576523031203566,0.4732911248253902,0.020289683893212004
1,class-prior constant,0.4396,0.5,0.0075308337845970685,0.6608261982632783,1.0,,
1,CPT-oracle,0.5848,0.8286708491262257,0.02439158133198784,0.5152813680472181,0.42753095411507647,0.47811974865981827,0.019506299806005087
2,class-prior constant,0.4372,0.5,0.005130833784597055,0.6554649768633873,1.0,,
2,CPT-oracle,0.5768,0.8139495432548476,0.014809163428584564,0.5302733250559825,0.5033557046979866,0.47229433497028406,0.02071149740343859
3,class-prior constant,0.4532,0.5,0.02113083378459707,0.6469637580298582,1.0,,
3,CPT-oracle,0.6152,0.8262656922117978,0.022880108288876815,0.5051903560879801,0.4531700288184438,0.5109278892983401,0.019051065350085286
4,class-prior constant,0.4332,0.5,0.0011308337845970517,0.656751972550103,1.0,,
4,CPT-oracle,0.5832,0.820292556651129,0.01136061483503001,0.5227065330487036,0.48164464023494863,0.4700894120611011,0.018090094718550356
5,class-prior constant,0.448,0.5,0.015930833784597087,0.6474086113260608,1.0,,
5,CPT-oracle,0.596,0.8275918762147465,0.007907939134643566,0.5073463748783507,0.45687134502923976,0.48656130657741414,0.022070237395395202
6,class-prior constant,0.4456,0.5,0.013530833784597074,0.6478764860834542,1.0,,
6,CPT-oracle,0.612,0.8308750784426177,0.021660038137741415,0.5042458236757451,0.4236783320923306,0.4962489171641228,0.01856835411019308
7,class-prior constant,0.4452,0.5,0.013130833784597062,0.6534348906927886,1.0,,
7,CPT-oracle,0.5972,0.8249505159614383,0.021822996884051482,0.5156399176580411,0.4793814432989691,0.4988879829320872,0.01938125144613988
8,class-prior constant,0.4236,0.5,0.008469166215402946,0.6578560783878488,1.0,,
8,CPT-oracle,0.5888,0.8262482753875534,0.011816595427742936,0.5144981178774115,0.40425531914893614,0.48441657024494283,0.016276983193160316
9,class-prior constant,0.4356,0.5,0.003530833784597065,0.6560772255806787,1.0,,
9,CPT-oracle,0.6076,0.8298071642378858,0.011936581009796533,0.5065417805283063,0.4216606498194946,0.5045348515878529,0.016616120426985993
10,class-prior constant,0.4268,0.5,0.0052691662154029095,0.6555338807554865,1.0,,
10,CPT-oracle,0.5896,0.82027219009486,0.017695490234989054,0.5207330077655766,0.4615969581749049,0.5012353329932919,0.01580393942339047
11,class-prior constant,0.43,0.5,0.002069166215402929,0.651336500756242,1.0,,
11,CPT-oracle,0.59,0.8191729923449834,0.019787753002779195,0.5197181019331281,0.4681818181818182,0.49561896680646766,0.016405470591764316
12,class-prior constant,0.4448,0.5,0.012730833784597051,0.6508252258378415,1.0,,
12,CPT-oracle,0.5852,0.8219058378685702,0.023876034864766096,0.5172070815584783,0.4901675163874727,0.47121245294799413,0.017510196827423587
13,class-prior constant,0.4052,0.5,0.026869166215402918,0.6645896546963055,1.0,,
13,CPT-oracle,0.5896,0.824029860374202,0.006907399613597763,0.5229256491877966,0.44090202177293936,0.49153650363744417,0.021029072315802366
14,class-prior constant,0.4312,0.5,0.0008691662154028945,0.6578609229112724,1.0,,
14,CPT-oracle,0.604,0.8239536778139982,0.018125067855345116,0.5162436554888216,0.4647058823529412,0.4910065994506061,0.01956054921901047
15,class-prior constant,0.4312,0.5,0.0008691662154028945,0.6560491195190473,1.0,,
15,CPT-oracle,0.5776,0.819663381269281,0.021206480506248772,0.5230306948201642,0.46522064323111445,0.47159581198958883,0.02063356763217213
16,class-prior constant,0.4344,0.5,0.002330833784597086,0.6513512345222381,1.0,,
16,CPT-oracle,0.582,0.8201690259272639,0.014117424812389928,0.518191762009162,0.466012084592145,0.473984226424954,0.017934339085297405
17,class-prior constant,0.4252,0.5,0.0068691662154029,0.6576476046284406,1.0,,
17,CPT-oracle,0.5964,0.8295586482079769,0.015432581367289975,0.5070970778374493,0.42973977695167287,0.4855379157723547,0.015503699930146587
18,class-prior constant,0.426,0.5,0.0060691662154029324,0.6482391427774653,1.0,,
18,CPT-oracle,0.608,0.8286006004195796,0.01912824021099684,0.5072990121504687,0.47198772064466615,0.49821473199453015,0.017480026992879646
19,class-prior constant,0.4296,0.5,0.0024691662154029403,0.657005007700894,1.0,,
19,CPT-oracle,0.5904,0.8225073041456115,0.016861148579313524,0.5193570683363795,0.44033232628398794,0.4879151853100287,0.018619067462691076
