rep,N,method,ess,acc,macroF1,macroAUC,brier,ece,cwece,far@pd0.9
0,10,B1-MLE,,0.3728,0.16723046280510742,0.5406862797376069,0.7535939578027169,0.10377292713960727,0.15316730653361302,0.9316493313521546
0,10,Proposed,1.0,0.5396,0.425979353210316,0.7895658216265498,0.5652266434574387,0.032585233611819996,0.05220439129687367,0.5445765230312035
0,10,Proposed,2.0,0.5552,0.4463203302040304,0.7946786680624628,0.5561722331517334,0.030733343506448574,0.03782620634561046,0.5066864784546805
0,10,Proposed,5.0,0.5492,0.47873313012715035,0.7927746451130249,0.5596632898282762,0.056922563701019994,0.038866259457056795,0.5208023774145617
0,50,B1-MLE,,0.556,0.41315008508937173,0.767085294210976,0.5732336015043812,0.06550449762797031,0.05702202364455305,0.5445765230312035
0,50,Proposed,1.0,0.5856,0.4719655134619728,0.8052021222121584,0.5362554316789787,0.042746149313749295,0.03338119800350522,0.4606240713224368
0,50,Proposed,2.0,0.5856,0.4720508028285759,0.807165948214667,0.5351844488946934,0.042287435831254785,0.030279767837298008,0.46285289747399705
0,50,Proposed,5.0,0.5868,0.49327643691894196,0.807261552016109,0.5370793293582752,0.03862381424429698,0.027547140590306787,0.4814264487369985
0,100,B1-MLE,,0.544,0.43151319853859404,0.7792565687109829,0.5648979818204881,0.06095607804293829,0.04923277249435853,0.4866270430906389
0,100,Proposed,1.0,0.5788,0.4835611645304499,0.8072221795388654,0.5362870805892617,0.030722986460010027,0.02904256863596091,0.46953937592867756
0,100,Proposed,2.0,0.5876,0.48838734051329113,0.8083851619605749,0.5340385107476296,0.04267425011819081,0.028937959228142913,0.4673105497771174
0,100,Proposed,5.0,0.5912,0.489223321613648,0.8093098040802361,0.5329854595214112,0.030582252702016494,0.021396399896723907,0.4769687964338782
0,200,B1-MLE,,0.5788,0.4385948155598071,0.8029694966686629,0.5392599499755008,0.04771219751826366,0.027459288084333098,0.5104011887072808
0,200,Proposed,1.0,0.5864,0.470587501409474,0.8105994576227016,0.5299569477833994,0.019519452183056514,0.02340337782966974,0.45988112927191677
0,200,Proposed,2.0,0.5868,0.4670303066520823,0.8108697132191537,0.5295923106539917,0.02369458137506948,0.02266427135182663,0.45690936106983654
0,200,Proposed,5.0,0.59,0.47492193708730945,0.8111779132567749,0.5298296066513273,0.03421367435503328,0.02305814268753039,0.4687964338781575
0,400,B1-MLE,,0.574,0.42054052017032667,0.8055109041286179,0.5355130937881807,0.042374082936190494,0.02616322215784586,0.47473997028231796
0,400,Proposed,1.0,0.5812,0.43280274410659975,0.8106736903376743,0.5298620252411242,0.026859279406855834,0.021726711810977777,0.46805349182763745
0,400,Proposed,2.0,0.5804,0.43914997910180253,0.8106820658824494,0.5298686182199577,0.029801689460745583,0.02315962081300558,0.45468053491827637
0,400,Proposed,5.0,0.5776,0.4384971726326254,0.8105598299871204,0.5307338408631496,0.03969167890727606,0.022931641812690418,0.46136701337295694
1,10,B1-MLE,,0.452,0.3420466586399886,0.6952967569847435,0.6895834073269567,0.05763744021177509,0.12808324267962015,0.6467589220684632
1,10,Proposed,1.0,0.5376,0.4578461387723243,0.7994347915143376,0.5589132270878356,0.072873081009413,0.043493295817731925,0.5440640932265113
1,10,Proposed,2.0,0.5416,0.4702134079085176,0.8026465748457707,0.5501448553367168,0.047667912991809905,0.039481009996914916,0.5302257829570284
1,10,Proposed,5.0,0.544,0.475087396737094,0.802207935666497,0.5481717998820305,0.03368835242439781,0.03206127825669594,0.5142024763292061
1,50,B1-MLE,,0.4772,0.3829953811299314,0.7370033147295367,0.6811248689363916,0.18645776887966603,0.12483763416761207,0.5579024034959942
1,50,Proposed,1.0,0.54,0.4373414702378192,0.8040897412841881,0.5654695276439603,0.051533987249832984,0.06082635484993042,0.471959213401311
1,50,Proposed,2.0,0.5456,0.4406078856898529,0.8075324524808649,0.5544061104752037,0.04076631242456474,0.05136118664417773,0.4690458849235251
1,50,Proposed,5.0,0.544,0.443783799018736,0.8081376665975766,0.5477460903007455,0.0383861835047629,0.04316048331101787,0.4741442097596504
1,100,B1-MLE,,0.5244,0.42821758012491573,0.7798871053504486,0.5900472594650302,0.110690353877777,0.06544932084088546,0.5404224326292789
1,100,Proposed,1.0,0.5564,0.45855963711043013,0.8097505539049434,0.5395973010826965,0.04757670970597289,0.03185949339078292,0.4559359067734887
1,100,Proposed,2.0,0.5612,0.4559603407780643,0.8103716586450496,0.5384982707572545,0.043768941864365106,0.03218550860581272,0.4668608885651857
1,100,Proposed,5.0,0.5536,0.44947510351276426,0.8093137766272941,0.5394688194918213,0.04236871311741246,0.03456510877133259,0.4675892206846322
1,200,B1-MLE,,0.5648,0.45572116776873994,0.8170657740587881,0.532007954041099,0.03512201265588104,0.03329011010509023,0.44136926438455937
1,200,Proposed,1.0,0.572,0.4631816556663768,0.8209223394672179,0.526771537726827,0.03548583330720172,0.03036746174189789,0.42753095411507647
1,200,Proposed,2.0,0.5692,0.4620322679787525,0.8206470079850133,0.5265563277133738,0.02820215707678268,0.03022327667357564,0.42534595775673706
1,200,Proposed,5.0,0.5616,0.45589518165736564,0.8188102488656925,0.5282790811128598,0.023956232848786053,0.030445783521310686,0.4471959213401311
1,400,B1-MLE,,0.5764,0.4653815754087138,0.8208536235944854,0.5249907277409432,0.033367985123115534,0.02829873198781683,0.42534595775673706
1,400,Proposed,1.0,0.5804,0.4686149747361216,0.8235604856784577,0.5226754003052186,0.02800582684143181,0.026254588447685072,0.4224326292789512
1,400,Proposed,2.0,0.5768,0.46702764078701986,0.8232712036305844,0.5227412423047524,0.02832151826856038,0.026855888303202635,0.42680262199563
1,400,Proposed,5.0,0.5712,0.46495173419928454,0.8216797024372,0.5239407917633061,0.025757150796284187,0.026322682659344475,0.43335761107064824
2,10,B1-MLE,,0.3264,0.2932490028207887,0.6988542358938905,0.7693541801561269,0.12136008169525393,0.16810351142429703,0.5920954511558538
2,10,Proposed,1.0,0.5352,0.5055752252147245,0.7986704003381822,0.5848496147164601,0.09334592869951801,0.0798853612515924,0.46308724832214765
2,10,Proposed,2.0,0.5004,0.46210539031481634,0.7884343513777398,0.5922937087978156,0.050305094446470015,0.07047284786308616,0.465324384787472
2,10,Proposed,5.0,0.4684,0.4224743403154884,0.7689302572920693,0.6155847494770914,0.06019762694413189,0.0766003157378475,0.47874720357941836
2,50,B1-MLE,,0.4804,0.4496266969395369,0.7527322759963709,0.6419598420501142,0.08080489112549519,0.08743147522793801,0.5384041759880686
2,50,Proposed,1.0,0.5208,0.4930851016214083,0.7932430334086522,0.5820628294814444,0.031209648019785225,0.05727898367787644,0.4929157345264728
2,50,Proposed,2.0,0.5312,0.49114412838433497,0.7959075080183837,0.5761289519552497,0.050358501630905765,0.05622077997780822,0.488441461595824
2,50,Proposed,5.0,0.5376,0.4774177555266756,0.7910149702959718,0.5851707833069175,0.06403199225196986,0.05989865564446208,0.47949291573452646
2,100,B1-MLE,,0.5184,0.44944238427539424,0.7831087713654776,0.5866728128276919,0.06666120169684228,0.06695808724300326,0.5197613721103654
2,100,Proposed,1.0,0.5244,0.4757161566843785,0.8011542243818817,0.5632873711370071,0.03636137914236772,0.053574186117667545,0.4936614466815809
2,100,Proposed,2.0,0.5292,0.4703830028521825,0.8022106390257591,0.559256868111812,0.02482494591317339,0.04956620180596899,0.49142431021625654
2,100,Proposed,5.0,0.5448,0.4687436626248811,0.800602336736828,0.5618502255266099,0.027656504202341944,0.04739067583615918,0.48471290082028334
2,200,B1-MLE,,0.5256,0.466317109632793,0.8006177729681072,0.562484879996313,0.0615839205272643,0.050820087650976814,0.5011185682326622
2,200,Proposed,1.0,0.5248,0.46317391380866446,0.8022905235143443,0.5583569156029075,0.057635232542376236,0.05117290026309012,0.5070842654735273
2,200,Proposed,2.0,0.5256,0.46374581253347225,0.8027885794627778,0.556486135031552,0.04497530763025224,0.04665572496495549,0.4981357196122297
2,200,Proposed,5.0,0.5316,0.46113266873324826,0.8021913368921578,0.5574952074364186,0.03342178798226505,0.04367753385440753,0.49217002237136465
2,400,B1-MLE,,0.5284,0.4600441289524208,0.8003186906644156,0.5565506390453242,0.062164022671470705,0.04306519906139069,0.5041014168530947
2,400,Proposed,1.0,0.5308,0.4587990700692248,0.8060913355964064,0.5465858399678127,0.039110017351213756,0.03923097790430066,0.49962714392244595
2,400,Proposed,2.0,0.5364,0.4646320417122576,0.8068021537257941,0.5461445110836668,0.03802787539944103,0.0389353465667567,0.4981357196122297
2,400,Proposed,5.0,0.5404,0.46976139459733907,0.8065113689539549,0.5475367913174407,0.037376964763052585,0.037955376364431345,0.4899328859060403
3,10,B1-MLE,,0.5072,0.2768934413037595,0.5814133853434347,0.7103820934908717,0.16879223827304835,0.11687110617086081,0.781700288184438
3,10,Proposed,1.0,0.5408,0.3933850381750541,0.7885801482871115,0.5757784203116375,0.07125736945529697,0.07133757021544886,0.4783861671469741
3,10,Proposed,2.0,0.524,0.391775944809684,0.7870063729434618,0.6010088160299678,0.06598032716993249,0.08802096815705657,0.4603746397694525
3,10,Proposed,5.0,0.4916,0.3697302182615093,0.7729580568024109,0.6450232526455421,0.08342331944701178,0.11599524712270262,0.44668587896253603
3,50,B1-MLE,,0.5608,0.43927965830421545,0.7377479481800839,0.5736966440932729,0.0781275306225158,0.05755841904782601,0.4762247838616715
3,50,Proposed,1.0,0.566,0.4465538766460788,0.8107586910421232,0.5303230078975133,0.03130838705293236,0.04125998578959013,0.4553314121037464
3,50,Proposed,2.0,0.5656,0.4487382092254,0.8094323520524263,0.5383317209903971,0.048098355367613116,0.047616433265400104,0.4603746397694525
3,50,Proposed,5.0,0.5464,0.4371243277090344,0.8022511658401676,0.5640367220166472,0.019896766989641358,0.06567058675576207,0.45821325648414984
3,100,B1-MLE,,0.5844,0.5021328810404141,0.801734157118708,0.5406494559672629,0.05806782318858971,0.03908747694365581,0.47982708933717577
3,100,Proposed,1.0,0.5936,0.49563423411508906,0.8163594125448078,0.5212042423561065,0.023404963066739316,0.028201471161102932,0.4668587896253602
3,100,Proposed,2.0,0.6004,0.4926748876670907,0.816178617381214,0.5253212823714098,0.03421553224259469,0.03312189044906862,0.4711815561959654
3,100,Proposed,5.0,0.5804,0.4833013376431956,0.8121821260233391,0.5406660195151529,0.024994877593996927,0.04664870914952218,0.4675792507204611
3,200,B1-MLE,,0.5796,0.4912718456992218,0.8083748605691682,0.5346194476644176,0.034270988190290876,0.03519260267231342,0.48054755043227665
3,200,Proposed,1.0,0.6004,0.5122525666391496,0.8191593349074553,0.5155729037805508,0.024618286666022497,0.030335442069878867,0.4819884726224784
3,200,Proposed,2.0,0.6064,0.5185301016877468,0.8203323175213025,0.51555640234694,0.039639312945365775,0.028161143391616763,0.4675792507204611
3,200,Proposed,5.0,0.6044,0.4936162325420351,0.8189012712444723,0.5224694820619982,0.051222707255972874,0.03889255444365173,0.46829971181556196
3,400,B1-MLE,,0.5976,0.4982300567388549,0.8174818989079511,0.5204613222928061,0.025562800842576876,0.03303849073159042,0.47478386167146974
3,400,Proposed,1.0,0.5996,0.5002305716021563,0.8229062166612815,0.5135499679004796,0.029846220752388183,0.03078226844921211,0.4769452449567723
3,400,Proposed,2.0,0.6012,0.4987067186879937,0.8227966086976541,0.5137128689274947,0.028219820862436087,0.030003064232802662,0.46829971181556196
3,400,Proposed,5.0,0.6032,0.5006063123923015,0.8219549754615751,0.5162755219685454,0.037448409848510056,0.03229949464496806,0.4783861671469741
4,10,B1-MLE,,0.4452,0.36071235277714214,0.6533036605706909,0.732057275478055,0.12194563436585884,0.13066904717768366,0.7055800293685757
4,10,Proposed,1.0,0.5636,0.49274278036405955,0.8082409806990882,0.5554774145828552,0.08203633504210477,0.04969364705367173,0.4750367107195301
4,10,Proposed,2.0,0.578,0.48968383421737055,0.810641354461592,0.5412592732890211,0.05159489129237824,0.037646027528815865,0.4588839941262849
4,10,Proposed,5.0,0.5664,0.45757933341062923,0.8094917536024897,0.5419080701265446,0.055100740634623994,0.03739381287131583,0.4566813509544787
4,50,B1-MLE,,0.5332,0.46835893675084583,0.7649653073722346,0.6018718505085227,0.1206325451684589,0.07403395971824644,0.5080763582966226
4,50,Proposed,1.0,0.5588,0.48956848810416503,0.8079711573870241,0.5566474055733941,0.10847674192270709,0.05961365142495852,0.46622613803230545
4,50,Proposed,2.0,0.57,0.4919153981210803,0.8109202218791463,0.5455620100774853,0.08609993734855029,0.049367446383285184,0.4684287812041116
4,50,Proposed,5.0,0.5724,0.4703716182828519,0.8130000770796701,0.5382062239969985,0.0689837057866165,0.04050803746680033,0.46255506607929514
4,100,B1-MLE,,0.5488,0.4585991750438095,0.8039340115098661,0.5633969915768439,0.09810357682387656,0.06237204803417645,0.49706314243759175
4,100,Proposed,1.0,0.5772,0.46843641378146234,0.8169380940827297,0.5427516493315501,0.06757408291540015,0.050177864583878684,0.46402349486049926
4,100,Proposed,2.0,0.5764,0.46243447423885464,0.817380516821648,0.53959106268088,0.059790841954925025,0.04582995084726003,0.4618208516886931
4,100,Proposed,5.0,0.5784,0.46001481017770934,0.8169776374971958,0.5367319112506295,0.055014616960701375,0.0399809942336873,0.460352422907489
4,200,B1-MLE,,0.5756,0.4888846200478349,0.8143748304418643,0.5435068892603143,0.05546793568758184,0.04410720031731991,0.4684287812041116
4,200,Proposed,1.0,0.5784,0.48614354882443483,0.8166449040656352,0.5372641064948807,0.045585368563886515,0.039575701131416556,0.47430249632892807
4,200,Proposed,2.0,0.5768,0.4824980840377941,0.8171578275572822,0.5354837838389682,0.04441909790649772,0.03806428294158871,0.4750367107195301
4,200,Proposed,5.0,0.5788,0.4773856230710854,0.8171528897395877,0.5333825561928823,0.0401617787936631,0.03576779354008563,0.46769456681350957
4,400,B1-MLE,,0.5728,0.4964927651560815,0.8170851710141804,0.5342970010930918,0.035854451080784486,0.03446468052997757,0.4720998531571219
4,400,Proposed,1.0,0.5704,0.49738318420376615,0.8173753472990666,0.5318588442412041,0.03174839681567079,0.030743150482719802,0.4698972099853157
4,400,Proposed,2.0,0.5732,0.4976702907521055,0.8175014373909109,0.5313557677284634,0.029058385048987848,0.030449393857881847,0.47577092511013214
4,400,Proposed,5.0,0.5744,0.4880716487317827,0.8174802942810133,0.5307482433737705,0.03087117178896065,0.030463515925238247,0.46769456681350957
5,10,B1-MLE,,0.404,0.3300346091669133,0.6243100271535837,0.7167977270316914,0.07363165055592392,0.1364559785784576,0.8011695906432749
5,10,Proposed,1.0,0.5148,0.4179133921514667,0.7763823798032422,0.6011597097295386,0.042907914625247796,0.07784559561830419,0.5906432748538012
5,10,Proposed,2.0,0.4852,0.3688131571583704,0.7761809002750167,0.6232612248450692,0.09664910670962884,0.09789697385378027,0.5665204678362573
5,10,Proposed,5.0,0.4752,0.3572838206477962,0.7708961811084489,0.6580552126248069,0.13260893627599862,0.12399010086881856,0.5350877192982456
5,50,B1-MLE,,0.5564,0.4957592991560641,0.7668113460724622,0.5925694739698049,0.11360420917098223,0.08049014620454617,0.5328947368421053
5,50,Proposed,1.0,0.5416,0.4556965969317626,0.787934142750452,0.5755382927180716,0.09809855761970446,0.06675904554170896,0.5241228070175439
5,50,Proposed,2.0,0.5396,0.4379349096398432,0.7863787019291428,0.5850566013162759,0.09712128853840832,0.07431661483542383,0.5307017543859649
5,50,Proposed,5.0,0.5148,0.3948737758259354,0.7839117910738275,0.609429275090869,0.1141135405424568,0.0917489811063159,0.533625730994152
5,100,B1-MLE,,0.5712,0.473985097356666,0.7851737107819184,0.5608637647664941,0.08704314102595125,0.05809053792438744,0.49780701754385964
5,100,Proposed,1.0,0.562,0.46015824984098275,0.8046342851032104,0.5486152455963508,0.07245747942104411,0.053893016308181066,0.483187134502924
5,100,Proposed,2.0,0.5616,0.46038014154679463,0.8032097926049611,0.555061205340141,0.068226071982107,0.05670145552471887,0.49415204678362573
5,100,Proposed,5.0,0.5412,0.4227036513105337,0.798697431410019,0.5746949419160874,0.08815356692305577,0.07099029217426218,0.5007309941520468
5,200,B1-MLE,,0.58,0.4883648622103708,0.812900448288085,0.5316774517126978,0.04957581200828716,0.03493108386898891,0.46271929824561403
5,200,Proposed,1.0,0.5784,0.4694393149589773,0.8135415826865172,0.5304738795982964,0.03896541325072598,0.035528040526883964,0.4817251461988304
5,200,Proposed,2.0,0.5808,0.480886596485431,0.812923780604584,0.5342819838903404,0.039116312485338554,0.04340751048117549,0.47149122807017546
5,200,Proposed,5.0,0.5676,0.46153569236905856,0.8090522176659765,0.5475091241130344,0.04353956941539002,0.05318650717298208,0.48099415204678364
5,400,B1-MLE,,0.5904,0.4854052804253212,0.8196514306349396,0.5184952190191061,0.022068521942898635,0.019073928692588636,0.45248538011695905
5,400,Proposed,1.0,0.59,0.46185915507757097,0.8216808664359373,0.5162510774741033,0.02391305474232654,0.023652691447486808,0.4605263157894737
5,400,Proposed,2.0,0.5876,0.4542527512901009,0.8218353360927404,0.5174620089217609,0.02514097359542569,0.026043567030361148,0.4590643274853801
5,400,Proposed,5.0,0.5852,0.46802235146949017,0.8192444257495064,0.5236723085118064,0.029574496592152357,0.03321027471242175,0.4590643274853801
6,10,B1-MLE,,0.4328,0.2612070921459415,0.7381782104369166,0.6678383442496258,0.09021340692324732,0.12041468478070819,0.5860014892032762
6,10,Proposed,1.0,0.456,0.375840101417,0.768250606455973,0.6740329697672738,0.15424028696341419,0.11541438253154011,0.5003723008190618
6,10,Proposed,2.0,0.4596,0.37969834045108963,0.7681846142819334,0.676375168519817,0.15041269415229702,0.12365112788994956,0.5070737155621743
6,10,Proposed,5.0,0.4812,0.38593593369718054,0.7682967024318943,0.6891960653244772,0.12427384256157818,0.13363940394009474,0.5048399106478034
6,50,B1-MLE,,0.5148,0.44575636705495075,0.7580088997482677,0.5781937375270815,0.07207624922201225,0.05691352450504106,0.5577066269545793
6,50,Proposed,1.0,0.5892,0.5169443657768712,0.8165793353562053,0.5308132698299991,0.04039060552740602,0.03979626060893545,0.47058823529411764
6,50,Proposed,2.0,0.5628,0.4966878719792649,0.8080663622327912,0.5485172864905489,0.01829594143017742,0.05052859419332299,0.46835443037974683
6,50,Proposed,5.0,0.5288,0.4364344651402924,0.7944119533625572,0.5868154366710141,0.056626546778443115,0.07857370901225555,0.4810126582278481
6,100,B1-MLE,,0.5452,0.4271047408627735,0.785518075406042,0.5538662499977658,0.045140698017018754,0.0416628551759248,0.49069247952345496
6,100,Proposed,1.0,0.5892,0.5069260309667699,0.8211714434184592,0.5229071753977329,0.033627435422542096,0.036897177201331774,0.4355919583023083
6,100,Proposed,2.0,0.5704,0.4621464727137114,0.8147903245691515,0.5361589593780439,0.020939385065495347,0.046629010681151994,0.45346239761727475
6,100,Proposed,5.0,0.5444,0.4304635579945095,0.803594186955173,0.5662140290234088,0.0447816201820203,0.06947609482181437,0.4758004467609829
6,200,B1-MLE,,0.5976,0.49959980189506925,0.8164567340308122,0.5167453091999232,0.03298870418126356,0.02592861911335239,0.44527177959791514
6,200,Proposed,1.0,0.6064,0.5134281741905017,0.8278443422313282,0.5084210864765623,0.025551506792243363,0.023156310763102542,0.4274013402829486
6,200,Proposed,2.0,0.6036,0.5160539071575804,0.8258189713469547,0.5134233329423109,0.030733924767213896,0.028001757810412337,0.43857036485480266
6,200,Proposed,5.0,0.5764,0.45970693647796834,0.816986634317837,0.5320122603354865,0.016191758319155605,0.04379128913561271,0.44750558451228595
6,400,B1-MLE,,0.5948,0.49597070868344484,0.825815394941899,0.5116894926897677,0.027583166770900114,0.029126820327644916,0.4236783320923306
6,400,Proposed,1.0,0.6064,0.49486120534830125,0.830578582845589,0.5056354651125399,0.019742224222838653,0.024750095691957793,0.4244229337304542
6,400,Proposed,2.0,0.604,0.4969799597696733,0.8308293472109498,0.5066819814373859,0.024317385034537304,0.027112262630148574,0.42591213700670144
6,400,Proposed,5.0,0.592,0.49542844970636923,0.8280920125660151,0.513737259264497,0.022804298052786078,0.03431603627034011,0.4355919583023083
7,10,B1-MLE,,0.4944,0.36912126124654443,0.6036196019808766,0.7225723892817637,0.15176734855785562,0.12951918057270784,0.646539027982327
7,10,Proposed,1.0,0.5604,0.5095744053515395,0.806796461621577,0.5519573749096549,0.06744990405665745,0.0522292106651766,0.4889543446244477
7,10,Proposed,2.0,0.5816,0.5069977552102272,0.8122146623438411,0.5348536100142753,0.0254871511636878,0.032149302713084804,0.5036818851251841
7,10,Proposed,5.0,0.584,0.49903406959900654,0.8125337315737127,0.5313167107847614,0.030665041511801595,0.024748633207622557,0.5051546391752577
7,50,B1-MLE,,0.5552,0.4604573203784089,0.7561256311966487,0.5963135026429456,0.11041276974200334,0.07363572279696284,0.5250368188512519
7,50,Proposed,1.0,0.5456,0.510647003935526,0.8120998752555151,0.537180088316617,0.04209322433658911,0.04130023326345599,0.5007363770250368
7,50,Proposed,2.0,0.566,0.5224286899417309,0.8137266814516086,0.5332468638421236,0.02555756403081058,0.03433141536781735,0.4845360824742268
7,50,Proposed,5.0,0.574,0.520092975520006,0.8142911595831748,0.5300834718736737,0.020572269541913733,0.026940265638585696,0.4948453608247423
7,100,B1-MLE,,0.542,0.5100818235656422,0.7960217943695718,0.5532411424116229,0.07450869594227295,0.04979997953841993,0.5066273932253313
7,100,Proposed,1.0,0.5644,0.5028229758766551,0.8093390774564035,0.5409923608654246,0.045055771353040584,0.04169208157035271,0.5058910162002945
7,100,Proposed,2.0,0.5612,0.5010565914504369,0.8107334284262228,0.5382428013027469,0.03714173808213716,0.03810137426981976,0.5022091310751104
7,100,Proposed,5.0,0.5756,0.5114928308113397,0.8129391596064957,0.5335182356651198,0.020174583665127345,0.0334993300016702,0.49042709867452133
7,200,B1-MLE,,0.5812,0.5056427102451599,0.8105021981749652,0.5328850449881567,0.034722637965676977,0.03519306226352532,0.4963181148748159
7,200,Proposed,1.0,0.5776,0.5089589434119197,0.8196248080599171,0.5240320014183372,0.02283949675960109,0.026079639882201834,0.48379970544919
7,200,Proposed,2.0,0.5784,0.5079864194395911,0.8194884956694372,0.5239354633592289,0.021233178667031116,0.02728087034696188,0.4683357879234168
7,200,Proposed,5.0,0.5752,0.5061053765218406,0.818351126130752,0.524913170404799,0.015312220595570282,0.028459567518067483,0.46612665684830634
7,400,B1-MLE,,0.58,0.5073421091762015,0.8152559888121278,0.5277043431341742,0.017351567980804682,0.025832653782737504,0.4852724594992636
7,400,Proposed,1.0,0.5832,0.5126647870556169,0.822146478793174,0.5198667759883266,0.01681108247207536,0.023812252936001678,0.48379970544919
7,400,Proposed,2.0,0.5816,0.5116303172647537,0.8221493613108697,0.519763516364909,0.018156032322958343,0.02379010453822601,0.49189985272459497
7,400,Proposed,5.0,0.5784,0.509378975055371,0.8218757111629702,0.520275552897399,0.018402475578674492,0.022911747266893552,0.47717231222385864
8,10,B1-MLE,,0.506,0.38190678253046684,0.6896322476723005,0.6531619089436351,0.1070463299223195,0.10112002087920316,0.8275075987841946
8,10,Proposed,1.0,0.4628,0.35207271802518486,0.7667267298962155,0.6605033031495428,0.16377570152306292,0.11735193952367078,0.4870820668693009
8,10,Proposed,2.0,0.4572,0.34738258463401817,0.7571307828932125,0.6765346844003809,0.15948042151730646,0.12540025751456013,0.5113981762917933
8,10,Proposed,5.0,0.4376,0.3288854446848175,0.7461145229859021,0.6970554731392158,0.1658778090395464,0.13478995914452432,0.5113981762917933
8,50,B1-MLE,,0.5452,0.4980326130253392,0.782565758081696,0.5824450677846832,0.05672969751101253,0.05907865793947609,0.48024316109422494
8,50,Proposed,1.0,0.562,0.49663860276866467,0.8094529684854368,0.5477976251013026,0.02465064855709155,0.04225475466410413,0.45440729483282677
8,50,Proposed,2.0,0.5552,0.4818047309012917,0.8063779672547007,0.555985256633213,0.03981680652816079,0.04870869217343024,0.4521276595744681
8,50,Proposed,5.0,0.5296,0.4450662682080761,0.7935302322354971,0.5829470300638383,0.047885318761982196,0.06678518443628687,0.47720364741641336
8,100,B1-MLE,,0.556,0.4851171016536043,0.7997798290541991,0.5582114251985837,0.07704322569618201,0.048091878385419715,0.44680851063829785
8,100,Proposed,1.0,0.5716,0.47397053090697494,0.8160655711084814,0.5337647158718711,0.037182688589692196,0.03882786875177505,0.4338905775075988
8,100,Proposed,2.0,0.5712,0.48537439750678585,0.8139815950860356,0.5385362970285049,0.037696518977171245,0.040395961438235914,0.44376899696048633
8,100,Proposed,5.0,0.554,0.4711046009478509,0.8077165659221792,0.5545094430614552,0.036706112676247654,0.05443654407160406,0.45288753799392095
8,200,B1-MLE,,0.5596,0.48364398613655546,0.8089953847283662,0.5382641376257074,0.04877934031500658,0.03410132968568276,0.42325227963525835
8,200,Proposed,1.0,0.5748,0.47189131559674,0.8224952583283611,0.5205201928140913,0.014176158264392585,0.02231968361373562,0.41641337386018235
8,200,Proposed,2.0,0.5744,0.48490809418889524,0.8225924724931251,0.5216356103411154,0.02032890088941881,0.026840177890912406,0.4217325227963526
8,200,Proposed,5.0,0.5692,0.48974802093270736,0.8199064243116476,0.5299046463150993,0.015075466133119116,0.033350391043118696,0.42325227963525835
8,400,B1-MLE,,0.5704,0.4680375872927233,0.8176963126576717,0.5252336843753639,0.03860136095527215,0.027897546443278142,0.44072948328267475
8,400,Proposed,1.0,0.5788,0.4947190498203154,0.823011897455789,0.5191926157367827,0.023826969737429406,0.025515809871705875,0.44148936170212766
8,400,Proposed,2.0,0.5752,0.49392639710116615,0.8234140362463327,0.5187851432563699,0.02185230874129451,0.02515216432748735,0.4369300911854103
8,400,Proposed,5.0,0.5768,0.48841606539424604,0.8238370248883273,0.520954546873724,0.014751702062161318,0.02893899985525457,0.42249240121580545
9,10,B1-MLE,,0.4352,0.2690235981072121,0.6714441986094181,0.686316666411801,0.07574309211074157,0.10796266477348282,0.5826714801444043
9,10,Proposed,1.0,0.5936,0.4828977581588609,0.820639330176911,0.5228576974693946,0.0650406898222212,0.03769609981546963,0.43465703971119135
9,10,Proposed,2.0,0.5948,0.4853632152457291,0.8210355718501112,0.5191248483095748,0.041265438824650065,0.027105715755383855,0.41732851985559566
9,10,Proposed,5.0,0.5948,0.4982162505166208,0.8199017155366615,0.5195785312130538,0.03778573263541846,0.023327636938406726,0.42815884476534294
9,50,B1-MLE,,0.5488,0.4981367914371531,0.7699422226912505,0.5973875793070577,0.10387795559741357,0.0713249023913692,0.4620938628158845
9,50,Proposed,1.0,0.592,0.5236714874204025,0.8194506988944699,0.521948915130115,0.038170625723554605,0.026486435582386496,0.4252707581227437
9,50,Proposed,2.0,0.5968,0.519360302560933,0.8215395553400757,0.5175667672563244,0.03174884354079576,0.020519770615409594,0.4187725631768953
9,50,Proposed,5.0,0.5952,0.502830663533615,0.8221219252237468,0.5164258940347616,0.02278424565980806,0.0179064353753744,0.4223826714801444
9,100,B1-MLE,,0.58,0.5128245017593539,0.8033117776859711,0.5485553765170987,0.06460646615963683,0.043894036539854485,0.4714801444043321
9,100,Proposed,1.0,0.5908,0.5148418759895156,0.8172170531344898,0.5270492207022498,0.03734749407770419,0.030228470608003537,0.4411552346570397
9,100,Proposed,2.0,0.5944,0.5173745080976682,0.8191436760462444,0.5226038973635112,0.043029971813622295,0.02774640257258086,0.42454873646209385
9,100,Proposed,5.0,0.5996,0.5084465209053897,0.8211671970196106,0.5184646597364714,0.03768907674045912,0.02455649599750703,0.42743682310469316
9,200,B1-MLE,,0.5732,0.46058887848049423,0.8131807092579508,0.5330189845220017,0.048767364981309416,0.027873252924344026,0.4671480144404332
9,200,Proposed,1.0,0.5904,0.48950772159973366,0.8175305833079729,0.5234151692630746,0.034617689384828815,0.026514615057727862,0.45126353790613716
9,200,Proposed,2.0,0.5956,0.49014138666636475,0.8188637214853896,0.5209770484394252,0.0328848628023774,0.025857939050743566,0.44620938628158846
9,200,Proposed,5.0,0.5996,0.4885715610243966,0.8207952353997078,0.5178263165643407,0.02982122703981253,0.020266685805969038,0.4296028880866426
9,400,B1-MLE,,0.5992,0.49532915681879575,0.8235989910393385,0.5147106101995793,0.0177932300635213,0.019291387486492978,0.4505415162454874
9,400,Proposed,1.0,0.6028,0.49761965405800546,0.8241544326431159,0.5136037362667166,0.015783624574084273,0.017594033647440534,0.4389891696750903
9,400,Proposed,2.0,0.6016,0.4972418706799846,0.8244638164737399,0.5130837356315507,0.018507892730190365,0.01872559208926815,0.4368231046931408
9,400,Proposed,5.0,0.6,0.49489801951804574,0.8247971242299954,0.5122799353657652,0.012820203750784827,0.017340064080104207,0.43465703971119135
10,10,B1-MLE,,0.5172,0.39327486183491334,0.6757114900442159,0.6638461608200455,0.13078190941972334,0.0981394466670927,0.6836501901140685
10,10,Proposed,1.0,0.4992,0.38015439136934465,0.7816024533122063,0.6748890381553557,0.1990153516803792,0.12371565980300776,0.5346007604562738
10,10,Proposed,2.0,0.4844,0.367621274468111,0.779260821852652,0.6770242715995195,0.20053875921713618,0.12731268946121696,0.5391634980988593
10,10,Proposed,5.0,0.4712,0.3620174368475344,0.7750332586269885,0.6885822277481666,0.20779918104780848,0.1347114582346025,0.5346007604562738
10,50,B1-MLE,,0.5324,0.48425173196202465,0.7619404287617785,0.6008184829256814,0.15593325207675462,0.08502026686373902,0.6091254752851711
10,50,Proposed,1.0,0.5448,0.4780801282275319,0.802478578554237,0.5738051884604478,0.11989226781732867,0.06950509790286369,0.49809885931558934
10,50,Proposed,2.0,0.5332,0.46154794246569175,0.7992558719717283,0.5842643620589871,0.12091209084312622,0.07268142480575265,0.5133079847908745
10,50,Proposed,5.0,0.5136,0.4187274735243331,0.7914980018359344,0.6118440324093968,0.13804414004215723,0.0873935944910092,0.5163498098859316
10,100,B1-MLE,,0.5544,0.5053543254078835,0.7962507255274328,0.5585989335687509,0.10574761017730241,0.0554233979355898,0.5148288973384031
10,100,Proposed,1.0,0.5728,0.49631547738430726,0.8090894736690448,0.5427816075946696,0.06989270135284867,0.043736978692468204,0.49049429657794674
10,100,Proposed,2.0,0.5588,0.4905065280904747,0.8070443538762444,0.5490234580194917,0.07482263881047484,0.04697667668488694,0.5011406844106464
10,100,Proposed,5.0,0.5396,0.47055435210531926,0.8005575002376693,0.5708503445562577,0.09166846027376803,0.059177426075534945,0.5216730038022813
10,200,B1-MLE,,0.5636,0.4990270251542317,0.8062364976823466,0.5366968342335711,0.07116363520370332,0.03983539744630177,0.46387832699619774
10,200,Proposed,1.0,0.5672,0.49860739647441177,0.8137049984379917,0.5330270951833791,0.05691583717076265,0.035893361729105726,0.467680608365019
10,200,Proposed,2.0,0.56,0.48572685812828953,0.8118545470917622,0.538099880445259,0.06117324311647295,0.0405839126339124,0.46844106463878327
10,200,Proposed,5.0,0.5452,0.46693834966956715,0.8068680545256085,0.5547135558244152,0.07413292219103783,0.05048672512281309,0.48136882129277564
10,400,B1-MLE,,0.5724,0.4928924185778841,0.8152081201974899,0.5268930376753408,0.04538950541616368,0.027992018456212235,0.45019011406844106
10,400,Proposed,1.0,0.5664,0.49869502068099836,0.8159090865316027,0.5268051746325516,0.03535972383872464,0.024857403399563535,0.4463878326996198
10,400,Proposed,2.0,0.5648,0.5013275442578972,0.8146755991641301,0.5290485893478479,0.03525645741801924,0.027007572471206824,0.4585551330798479
10,400,Proposed,5.0,0.5564,0.49425901302837527,0.8117774344173195,0.5380327307433587,0.042989308319920545,0.03775638823544173,0.47452471482889735
11,10,B1-MLE,,0.432,0.2062987531253907,0.5921044311036616,0.7543761111316897,0.09635744069692467,0.14693247370320145,0.8242424242424242
11,10,Proposed,1.0,0.4976,0.43359562321441414,0.7728509696122178,0.598177042215099,0.08761900981841819,0.07696010596850028,0.571969696969697
11,10,Proposed,2.0,0.5032,0.4434947774634566,0.7749088765445973,0.5934890587917967,0.07614255041597368,0.07475564246110164,0.568939393939394
11,10,Proposed,5.0,0.4948,0.4428637416296422,0.774924887621493,0.5909391954874326,0.08143714378614922,0.07512779441053544,0.5696969696969697
11,50,B1-MLE,,0.5332,0.4014267878407656,0.7461054732175465,0.5932057944110227,0.09812376875829922,0.0620796704914262,0.5424242424242425
11,50,Proposed,1.0,0.554,0.46326565960518584,0.8030071173435925,0.5381135503697672,0.031635055466274736,0.031230166812957795,0.48484848484848486
11,50,Proposed,2.0,0.548,0.4637294167620701,0.8000366431210895,0.5432771105448473,0.03699774570692303,0.03723223460267849,0.503030303030303
11,50,Proposed,5.0,0.5376,0.4665202576375851,0.7925497323997732,0.5555045789495573,0.04163353370118626,0.04407678091595439,0.5257575757575758
11,100,B1-MLE,,0.5604,0.4588705713973005,0.7964737690093461,0.5631074479354916,0.07382097348022752,0.049370003710089504,0.48484848484848486
11,100,Proposed,1.0,0.5584,0.4796064246701719,0.8081878324353828,0.5362935653885522,0.03730991652870164,0.0343640310501035,0.4893939393939394
11,100,Proposed,2.0,0.5552,0.4823888943465877,0.8060103452358937,0.5378554583330535,0.03118484345294444,0.03615184670560723,0.5128787878787879
11,100,Proposed,5.0,0.5424,0.4849053491610749,0.7997012368746574,0.5450991300442006,0.03447024270841583,0.03984872691620922,0.5083333333333333
11,200,B1-MLE,,0.5712,0.4714963658591497,0.809968933448987,0.5395758918262149,0.05151479939265779,0.03896875095440866,0.4621212121212121
11,200,Proposed,1.0,0.5624,0.4855497442763438,0.812127023249747,0.5333846631488494,0.03599107514044323,0.03590042935063687,0.4893939393939394
11,200,Proposed,2.0,0.562,0.4883631452145327,0.8109392033706047,0.5339560474522156,0.029798275158623922,0.034581179915554025,0.4962121212121212
11,200,Proposed,5.0,0.5584,0.48777385410982843,0.8056232874378759,0.5384391127695662,0.020404589747133137,0.03360033858487768,0.5037878787878788
11,400,B1-MLE,,0.576,0.49134693838884397,0.813772081025964,0.5326863057290518,0.04050434694364404,0.03339592407565513,0.48863636363636365
11,400,Proposed,1.0,0.5724,0.4850292666573707,0.8147022524196885,0.5308198739493721,0.03996684748274306,0.03279937651262187,0.4856060606060606
11,400,Proposed,2.0,0.5704,0.4878071323225971,0.8145215793802468,0.5301189810253695,0.0291672091368931,0.03205373298172372,0.49015151515151517
11,400,Proposed,5.0,0.5644,0.4879553683243631,0.8126344642638126,0.5308670819277976,0.022269155069126707,0.031196203120515464,0.49924242424242427
12,10,B1-MLE,,0.5216,0.27913409143032986,0.6442369590778562,0.650786948426482,0.13578327258022585,0.09381112071280046,0.8113619810633649
12,10,Proposed,1.0,0.4736,0.35916423353455473,0.7562994916885142,0.6976692185382868,0.19180599807881069,0.1290067765829016,0.57319737800437
12,10,Proposed,2.0,0.4656,0.35314706258085965,0.7559620351801222,0.6983932582596207,0.1979310279121912,0.1278360125742292,0.5994173343044428
12,10,Proposed,5.0,0.4612,0.35003026920887503,0.7542458563071952,0.7012352851112048,0.20088727341338108,0.13282803272004154,0.6132556445739257
12,50,B1-MLE,,0.552,0.4434931562084622,0.746011800644953,0.6105183477254301,0.15134349773133565,0.08485546052682205,0.5142024763292061
12,50,Proposed,1.0,0.5488,0.4253213393415234,0.7909482585532415,0.5848958609548578,0.09109201139860576,0.07211987708701918,0.5069191551347414
12,50,Proposed,2.0,0.5304,0.41467784791988155,0.7873039665266245,0.598498386513295,0.10427384876565575,0.08132544690721921,0.5214857975236707
12,50,Proposed,5.0,0.5116,0.3931734864966762,0.7793845513464155,0.6253112584294654,0.12454207646340773,0.09581380482177002,0.5630007283321194
12,100,B1-MLE,,0.5732,0.48040808956600434,0.7970842206180608,0.5483697120105069,0.06405438790478751,0.03936249553721327,0.4857975236707939
12,100,Proposed,1.0,0.5764,0.4637298898364467,0.8072205871460744,0.5405182492873825,0.04680777183203492,0.041618575369031005,0.48142753095411506
12,100,Proposed,2.0,0.5704,0.4519182226029783,0.8042035254440858,0.5510135275892104,0.042304213882442106,0.0472226775453007,0.4879825200291333
12,100,Proposed,5.0,0.5452,0.4306459471799169,0.7942599892773827,0.5790006041628997,0.06766094317762313,0.06671545285101135,0.5243991260014567
12,200,B1-MLE,,0.584,0.49408247599734156,0.8065503153286191,0.5314510145582231,0.032235964772728255,0.02443371561107997,0.4959941733430444
12,200,Proposed,1.0,0.584,0.4740086983555567,0.8173208926486385,0.5240449113846631,0.022845923305370167,0.02809602551109893,0.4945375091041515
12,200,Proposed,2.0,0.584,0.48265545218267775,0.8154762778394344,0.5287764051242708,0.017819082254426792,0.03280971769176524,0.5032774945375091
12,200,Proposed,5.0,0.568,0.46172276211315694,0.8092969981063296,0.5442899974924524,0.03152616467419076,0.04473493697387081,0.5142024763292061
12,400,B1-MLE,,0.5812,0.4847451505608916,0.8120224981715254,0.5227372938937906,0.019990859073867096,0.02005027942575547,0.4850691915513474
12,400,Proposed,1.0,0.5888,0.4793136586004423,0.8171914100135522,0.5216095942967393,0.018986098433870738,0.0185859242854172,0.48943918426802624
12,400,Proposed,2.0,0.5888,0.481248816325011,0.8164272628101148,0.5228991230243409,0.01632625211096344,0.023436230769944603,0.5018208302986161
12,400,Proposed,5.0,0.5816,0.4797782520247482,0.8142240595083237,0.5291617403198716,0.029141755138500616,0.03124148934195239,0.507647487254188
13,10,B1-MLE,,0.5284,0.2942178385957779,0.6932589337668382,0.6624034545552416,0.1176675710825406,0.08299412201125499,0.6788491446345256
13,10,Proposed,1.0,0.566,0.43070201478609943,0.8014884080610607,0.5534347032908689,0.029563885241932965,0.03400739332973514,0.5085536547433903
13,10,Proposed,2.0,0.5572,0.4527953357624289,0.800512352083717,0.5573287829433635,0.02926677657668936,0.04115448873976176,0.5108864696734059
13,10,Proposed,5.0,0.54,0.4455913904535213,0.7951241920370504,0.5739130636323816,0.04016762979428963,0.0581007401861133,0.5062208398133748
13,50,B1-MLE,,0.5264,0.4524648453165862,0.7590289284823956,0.6139345327257102,0.11902371675322619,0.07398191131485704,0.5357698289269052
13,50,Proposed,1.0,0.5508,0.44452739609732717,0.8096650420826339,0.5545406724946075,0.06473989268858665,0.04704333437380073,0.46967340590979784
13,50,Proposed,2.0,0.5516,0.44694863024943904,0.8093558400452866,0.5559677713310032,0.050856458448388396,0.048434487891913056,0.47667185069984447
13,50,Proposed,5.0,0.552,0.45078817445659225,0.8053984171626208,0.5635449980191831,0.0482516668529338,0.05552991050196225,0.4891135303265941
13,100,B1-MLE,,0.5344,0.4669088150143544,0.7865718083464511,0.5852944408154029,0.1201129179144244,0.06278961718786352,0.5155520995334371
13,100,Proposed,1.0,0.5364,0.4762314026009151,0.8090575846253075,0.5519311551982801,0.08125124992555603,0.04750592087493065,0.48755832037325036
13,100,Proposed,2.0,0.5452,0.475098620779602,0.8095201257540575,0.5518032376476995,0.061931267708319956,0.04788782158152775,0.4937791601866252
13,100,Proposed,5.0,0.5512,0.4746110163257936,0.8082788358989447,0.5561382997472418,0.04704691472160372,0.04840424605558789,0.4821150855365474
13,200,B1-MLE,,0.568,0.4829044979056334,0.8128629970302339,0.5396696534516588,0.04206640921802915,0.03598005149713016,0.4735614307931571
13,200,Proposed,1.0,0.5664,0.4879494858535986,0.8181131204070712,0.5334978524373364,0.026571765588016414,0.032539548098456585,0.47433903576982894
13,200,Proposed,2.0,0.5624,0.47385062438788633,0.8176119558583786,0.5340013139796637,0.02882825149913603,0.03340105462247133,0.46967340590979784
13,200,Proposed,5.0,0.5612,0.48260629448158954,0.8162188362333143,0.5378606936020902,0.029733375934896084,0.0365170866457948,0.46578538102643857
13,400,B1-MLE,,0.5888,0.5035303566689376,0.8210215550863772,0.5256345267199469,0.012034939031373206,0.017744217436962813,0.468895800933126
13,400,Proposed,1.0,0.5892,0.5071199155877771,0.8234471977443343,0.5236477103186428,0.014966074374948233,0.01951520190273141,0.4595645412130638
13,400,Proposed,2.0,0.588,0.5103592268837943,0.8235600003291634,0.5237976246328124,0.014954918138301649,0.019241132973449492,0.45800933125972004
13,400,Proposed,5.0,0.5868,0.5045970068340953,0.8222485953440488,0.5254592704836856,0.020551871420348176,0.02263188374700069,0.4797822706065319
14,10,B1-MLE,,0.4984,0.35290747115740445,0.6864585188874829,0.6489706918202001,0.15148085607879996,0.09489228779686588,0.7338235294117647
14,10,Proposed,1.0,0.5804,0.4694629900639156,0.8101656851819554,0.5377355738935979,0.04686905329082989,0.032855849596472836,0.4742647058823529
14,10,Proposed,2.0,0.5816,0.4814690066432763,0.8085661136470386,0.5385129566607335,0.042242677488358395,0.029831535889341634,0.46176470588235297
14,10,Proposed,5.0,0.5716,0.4799009942034536,0.8036544519261973,0.5463606681648218,0.03302531232681079,0.031997007921330735,0.4786764705882353
14,50,B1-MLE,,0.5164,0.4655977761012394,0.7699913221496155,0.6182773538043392,0.13548149034339202,0.08315690197428925,0.6338235294117647
14,50,Proposed,1.0,0.5524,0.47958769442055493,0.8051066230563119,0.5549997154571622,0.07463261065990015,0.04809959473236234,0.5205882352941177
14,50,Proposed,2.0,0.5552,0.48285002959294,0.808522335292266,0.5446343557071467,0.0581577592858631,0.040097218096568694,0.4889705882352941
14,50,Proposed,5.0,0.5628,0.4921428792263688,0.8097319961588719,0.5386770734357688,0.03408529194395616,0.03144330685767266,0.4772058823529412
14,100,B1-MLE,,0.5576,0.5021988429745772,0.8009356818977947,0.5640767815192372,0.06608201610647868,0.04852052815088339,0.4852941176470588
14,100,Proposed,1.0,0.546,0.49111486056474796,0.809093163778305,0.5380890222694011,0.03883949259200757,0.03460269618391494,0.4632352941176471
14,100,Proposed,2.0,0.55,0.4903915079157447,0.810904556841903,0.5354875108789,0.03333242749959024,0.03271609152959086,0.475
14,100,Proposed,5.0,0.554,0.4879471577755644,0.8125972484030382,0.5330406356491166,0.029964551862442856,0.028286396401255676,0.47573529411764703
14,200,B1-MLE,,0.5676,0.4957582319309934,0.8122947430683436,0.5345135762275184,0.038916433840575346,0.029682359569160002,0.45294117647058824
14,200,Proposed,1.0,0.5692,0.48019443182566296,0.8154028538074464,0.5268525395352752,0.026500245858266783,0.02123460812361721,0.46544117647058825
14,200,Proposed,2.0,0.5724,0.4860894177953117,0.8159247361404856,0.5264014827838187,0.024174594599681992,0.02255498794460745,0.47205882352941175
14,200,Proposed,5.0,0.5716,0.4864254029546975,0.8164617018651783,0.526323864431802,0.028306181055905703,0.025303780872256508,0.46838235294117647
14,400,B1-MLE,,0.5764,0.48250057468930696,0.817664603279508,0.5258348145292481,0.027335166944860895,0.02616379873087047,0.45294117647058824
14,400,Proposed,1.0,0.5868,0.47700260375137316,0.821573037976123,0.5198885569958659,0.018655568376652807,0.024359205720836663,0.4632352941176471
14,400,Proposed,2.0,0.5868,0.4767319924617413,0.8214835281005948,0.5199176442854266,0.017403286797215915,0.024149076698446664,0.4661764705882353
14,400,Proposed,5.0,0.5836,0.4747038654274043,0.8212392630170977,0.5203485525040557,0.02336879847276006,0.0239217198045154,0.46397058823529413
15,10,B1-MLE,,0.4328,0.3988772011739703,0.6795289601795235,0.6691254623145444,0.1095056363918019,0.11231567706434056,0.6432311144353029
15,10,Proposed,1.0,0.5512,0.479230758885455,0.802316791468284,0.5592101502975875,0.06388418262624317,0.05202190640432014,0.5026178010471204
15,10,Proposed,2.0,0.5604,0.4834364380290369,0.8052908009933316,0.5456169542150902,0.028021485185721316,0.035425052045059774,0.49962602842183995
15,10,Proposed,5.0,0.572,0.48332836477921476,0.8056890911401307,0.5427850209435614,0.016807189943163013,0.029288836028928532,0.4943904263275991
15,50,B1-MLE,,0.546,0.4580581195746459,0.7822742291690665,0.5874834437061008,0.12161423507522776,0.07069819045383731,0.5130890052356021
15,50,Proposed,1.0,0.5684,0.4638754408000683,0.8122605396882244,0.5380685411137125,0.05115709075935216,0.03658011810032091,0.47718773373223633
15,50,Proposed,2.0,0.5732,0.4691121029421861,0.8129532570503671,0.5340093976957209,0.030898792222869606,0.027459545493796884,0.4846671652954376
15,50,Proposed,5.0,0.5828,0.48239875175604013,0.8120842637676537,0.5325062374632349,0.020057117061039298,0.020621510481604013,0.4943904263275991
15,100,B1-MLE,,0.5644,0.4599088646564969,0.7939110328388148,0.5458097305848311,0.06527842095161407,0.039246675153635294,0.4786836200448766
15,100,Proposed,1.0,0.5728,0.4627845589864447,0.8134458949786698,0.5336421352098356,0.03944751471777989,0.03126049645364582,0.487658937920718
15,100,Proposed,2.0,0.5732,0.46501216442329585,0.8139749480679837,0.5319815682558195,0.02953515048355265,0.025701964290150196,0.4906507105459985
15,100,Proposed,5.0,0.5772,0.48525073950605346,0.8137511022270125,0.5308790479687582,0.021465325491910017,0.02003738859963489,0.49364248317127896
15,200,B1-MLE,,0.5796,0.4755867726791857,0.8110764556716666,0.5353204507142443,0.04364192266237483,0.03548162098997136,0.4816753926701571
15,200,Proposed,1.0,0.572,0.4718747890256127,0.8152935647569328,0.531234921290325,0.03397926326894497,0.03000658578588014,0.4816753926701571
15,200,Proposed,2.0,0.5804,0.4782553722013461,0.8151549541360088,0.5307725583688767,0.03655495802622141,0.027698961058023074,0.48541510845175767
15,200,Proposed,5.0,0.58,0.48450470897204656,0.8143230745778199,0.5306195909284732,0.019830569929128718,0.023186173166587547,0.4913986537023186
15,400,B1-MLE,,0.5744,0.4747580771733725,0.8142363140014982,0.529472139170798,0.032385472658035055,0.025794790545377946,0.47718773373223633
15,400,Proposed,1.0,0.5892,0.4793994512610145,0.8173580053112235,0.5261317926036495,0.0293673260873509,0.02005206681601749,0.4824233358264772
15,400,Proposed,2.0,0.5876,0.4725124789813992,0.8171011240122912,0.5260381397400373,0.025528554581741,0.018738521817107407,0.4869109947643979
15,400,Proposed,5.0,0.5864,0.4717311007572926,0.8165426650544922,0.5263078076914002,0.014601175482137064,0.016999076996538298,0.49289454001495886
16,10,B1-MLE,,0.4216,0.3765899562543887,0.7043796493976979,0.6905246581394381,0.07026061520222755,0.1397453320931275,0.6487915407854985
16,10,Proposed,1.0,0.5656,0.46523961872490704,0.8005618718913977,0.5664963755800362,0.08529893923899458,0.05824319176582789,0.486404833836858
16,10,Proposed,2.0,0.57,0.47404218073181437,0.8020303677086857,0.5566314812904222,0.06392003524372067,0.05101311804282258,0.4901812688821752
16,10,Proposed,5.0,0.572,0.4779608899676329,0.8027844273802813,0.5489015083701952,0.05351561017502886,0.04241882206713194,0.4984894259818731
16,50,B1-MLE,,0.53,0.4528107396921899,0.7776920416934701,0.5775785529477183,0.04780840139236536,0.05480402161388978,0.5105740181268882
16,50,Proposed,1.0,0.5572,0.47514575563615224,0.801442565549692,0.5518554598679218,0.04797554955506314,0.04414891590476105,0.48564954682779454
16,50,Proposed,2.0,0.5576,0.474368157071008,0.8039890910513134,0.5487471457068814,0.030056442130418564,0.041464880752754535,0.48564954682779454
16,50,Proposed,5.0,0.5676,0.47919668883588673,0.8065928556393278,0.5440900810377989,0.02405656060143822,0.037884798775366935,0.4901812688821752
16,100,B1-MLE,,0.5596,0.4814887269264431,0.7936600511247434,0.5494970709200883,0.045543853313888764,0.03834484116108743,0.513595166163142
16,100,Proposed,1.0,0.5724,0.4862913792358074,0.8100262523247658,0.5315093859486253,0.03566330397723274,0.030557786500526967,0.49697885196374625
16,100,Proposed,2.0,0.5748,0.4856816789903853,0.8100543044420663,0.5320714222237427,0.031517851948008185,0.026354600976086533,0.49924471299093653
16,100,Proposed,5.0,0.576,0.48550427628775045,0.8093314446457847,0.5336345073886543,0.033906762937851595,0.027403165953487674,0.486404833836858
16,200,B1-MLE,,0.5588,0.4726858805896014,0.8102566529983344,0.5333048438894659,0.026796257325894822,0.03080312699461693,0.472809667673716
16,200,Proposed,1.0,0.578,0.48640936421330566,0.8166341732398792,0.5248872836562862,0.016854090107977882,0.027920394204499214,0.4705438066465257
16,200,Proposed,2.0,0.5728,0.47777319650820604,0.8161648049229071,0.5244060190466888,0.014628375895971301,0.02766812311603684,0.4818731117824773
16,200,Proposed,5.0,0.5776,0.4921240049003739,0.8145939336412402,0.526259380892813,0.019888338684052535,0.025750932649763972,0.48036253776435045
16,400,B1-MLE,,0.5748,0.46889426866009637,0.8134111832110889,0.5275089864822037,0.026903477987445794,0.026369544645313346,0.4780966767371601
16,400,Proposed,1.0,0.5792,0.4803121394604254,0.8151427190207335,0.524715522185576,0.021007433146871916,0.021746499816204096,0.4697885196374622
16,400,Proposed,2.0,0.5804,0.48805926994982485,0.8151743598340582,0.5242688581636271,0.029249839878197337,0.021741759221297757,0.47205438066465255
16,400,Proposed,5.0,0.5768,0.49073529774514646,0.8146659900498854,0.5247609949290142,0.028526790030601972,0.02508339423011416,0.47129909365558914
17,10,B1-MLE,,0.4396,0.3808356878705268,0.6903273157766061,0.7038105005951087,0.10179780751233529,0.14568685842591525,0.8052044609665427
17,10,Proposed,1.0,0.554,0.44731999241894305,0.7917587798387578,0.5676256887036459,0.08925628581971459,0.05174771359945794,0.5449814126394052
17,10,Proposed,2.0,0.5512,0.4486808278084866,0.7930585788921922,0.5688196004982832,0.08547192167964322,0.051192909879426964,0.5405204460966543
17,10,Proposed,5.0,0.5484,0.44214805256797385,0.7933643500815283,0.5722737346899482,0.08785502854511441,0.05921856992797077,0.5226765799256505
17,50,B1-MLE,,0.508,0.4522403619917482,0.7268390486098868,0.6590001471692661,0.16062349993980543,0.10926819628674347,0.5100371747211896
17,50,Proposed,1.0,0.5688,0.47503537927985773,0.8155298171214524,0.5335194300612502,0.02032846771502267,0.034028039699378815,0.46765799256505575
17,50,Proposed,2.0,0.586,0.49305091452660926,0.8175769696937416,0.5270840104109228,0.027222364875138152,0.02940987762993731,0.45427509293680296
17,50,Proposed,5.0,0.5788,0.48979538318133997,0.8129034787555134,0.5315913028943694,0.02184085942244551,0.02900588847366011,0.47137546468401487
17,100,B1-MLE,,0.5392,0.4969123985413768,0.7859309285736649,0.6051230826041578,0.0827477597360878,0.07816645835050921,0.5130111524163569
17,100,Proposed,1.0,0.5696,0.49790921735952065,0.8241736780571692,0.526202775810289,0.01942364799261888,0.04002861318572548,0.43643122676579926
17,100,Proposed,2.0,0.578,0.5083001330858944,0.8252473652069887,0.5220476565202968,0.020200823582454237,0.0368038145900141,0.4356877323420074
17,100,Proposed,5.0,0.5924,0.5037876968681402,0.8225722184347097,0.5219306227963055,0.03474586029374208,0.03027957923879851,0.4401486988847584
17,200,B1-MLE,,0.5588,0.48953276867112394,0.8075957291486423,0.5454045740296268,0.054546869221123125,0.04379429484232729,0.48252788104089217
17,200,Proposed,1.0,0.5728,0.47662839779925104,0.8253553228837986,0.5234080565808883,0.045231593621298735,0.04102431141114056,0.441635687732342
17,200,Proposed,2.0,0.5864,0.4933785420525614,0.825939790952,0.5217009780680659,0.024062473321450305,0.0371415994283977,0.4401486988847584
17,200,Proposed,5.0,0.5884,0.47967908151454824,0.8245928144437396,0.5211264883830908,0.03686436438340543,0.035523961986614463,0.44609665427509293
17,400,B1-MLE,,0.5752,0.49468989477316255,0.8205316710317795,0.5213433464362727,0.052252454492842965,0.03204319605531964,0.4349442379182156
17,400,Proposed,1.0,0.5948,0.4909634088577457,0.8285647567791695,0.5119859898061301,0.03312785945388636,0.02516016732784429,0.43940520446096654
17,400,Proposed,2.0,0.5956,0.4879858397208556,0.8284013826504545,0.5122087187534679,0.03162322840350246,0.02530133561602021,0.43866171003717475
17,400,Proposed,5.0,0.5952,0.49314506226106036,0.82712256540324,0.5142045016705097,0.029401032188394852,0.026784727191691775,0.4356877323420074
18,10,B1-MLE,,0.4636,0.4279386624579689,0.699656495439987,0.6911935053569732,0.08130152382863506,0.13002760076075467,0.8526477359938603
18,10,Proposed,1.0,0.5676,0.5109688746622989,0.8123110762454979,0.5363767991458225,0.039203872902358966,0.03837116828084118,0.5180353031465849
18,10,Proposed,2.0,0.584,0.5065285802144327,0.8165305004148328,0.5262485295712366,0.0359406619081619,0.03097700524065422,0.48810437452033767
18,10,Proposed,5.0,0.5832,0.4883210808620517,0.8168214573195626,0.5246703611822768,0.03848174090362857,0.02773885284996197,0.4834996162701458
18,50,B1-MLE,,0.5424,0.4884792617344886,0.7867833343139669,0.582287815866092,0.0941532488378216,0.0758606276818282,0.5610130468150422
18,50,Proposed,1.0,0.56,0.5015321482104506,0.8144354299345833,0.5310748497913526,0.05718644987596046,0.04085735993943519,0.5172678434382195
18,50,Proposed,2.0,0.5744,0.49885424608533874,0.8153646267569479,0.526250075797303,0.047777956694723026,0.03389111419414319,0.5157329240214888
18,50,Proposed,5.0,0.5744,0.4960553453335882,0.8160670517574027,0.5235096841109973,0.04841678131340316,0.030578657878415218,0.49194167306216424
18,100,B1-MLE,,0.5568,0.4981350395332675,0.8025466627756953,0.5432712780202817,0.0515332588388501,0.0515600930985064,0.5049884881043745
18,100,Proposed,1.0,0.5468,0.5011607677201207,0.8105656325018971,0.5329308276032254,0.03605225210535817,0.03984861050444381,0.5218726016884113
18,100,Proposed,2.0,0.5592,0.5106478359496931,0.8126938423108618,0.5289401201134795,0.0331650978337875,0.0350880125513344,0.5141980046047583
18,100,Proposed,5.0,0.5784,0.5148539426254164,0.815320399808582,0.5243965756305609,0.041543704149147063,0.03089809603532076,0.5003837298541827
18,200,B1-MLE,,0.574,0.5010076841504066,0.8133278852576692,0.527543318742787,0.039266018816367806,0.0356985620105982,0.5049884881043745
18,200,Proposed,1.0,0.5824,0.515250901717262,0.8185406517653101,0.5195006409558311,0.02921109082553922,0.026168357208768762,0.4896392939370683
18,200,Proposed,2.0,0.5804,0.5148623131949311,0.8188393589718759,0.5188367552011875,0.022688299453205638,0.026271427300318336,0.4927091327705295
18,200,Proposed,5.0,0.5848,0.5138635083872231,0.8194395927841411,0.5183115278576234,0.02726257960933532,0.026191823820645912,0.488871834228703
18,400,B1-MLE,,0.5928,0.49270469002476985,0.8212062021067922,0.5158154561679092,0.03060798159237023,0.02366530143385675,0.48810437452033767
18,400,Proposed,1.0,0.5904,0.4957579693872924,0.8229214573362947,0.5127903993765365,0.010266896258657739,0.0182037381719788,0.4819646968534152
18,400,Proposed,2.0,0.59,0.49509988028630586,0.8229489182290938,0.5129372408544872,0.011028071618618993,0.01945533932572152,0.48580199539524177
18,400,Proposed,5.0,0.5908,0.4998388853238101,0.8225755089432668,0.5136422928283506,0.016378897458413064,0.019004853936002705,0.4834996162701458
19,10,B1-MLE,,0.5056,0.4539536235183942,0.6671273005061653,0.6899732794104088,0.14878298778507798,0.11583794788713919,0.904833836858006
19,10,Proposed,1.0,0.5436,0.4367054866877359,0.7935531928167876,0.5920390414230207,0.06607429600698386,0.07427806307204451,0.5317220543806647
19,10,Proposed,2.0,0.5384,0.43228928100623293,0.7974912683756046,0.5924017988305924,0.05544500287550207,0.0800878192452637,0.49924471299093653
19,10,Proposed,5.0,0.5424,0.4392401291358412,0.7954470690384887,0.6002782050980772,0.045699926299421344,0.0840859655077332,0.47583081570996977
19,50,B1-MLE,,0.538,0.4608624311683852,0.7664163133327264,0.5792757639347068,0.06183952156635404,0.06427795008376933,0.5158610271903323
19,50,Proposed,1.0,0.5624,0.484169249063723,0.801563878626685,0.5560947100127008,0.04870052808648299,0.05099330902551645,0.5098187311178247
19,50,Proposed,2.0,0.5604,0.48424276959069124,0.8025973166995964,0.5589559738838726,0.038194633418844506,0.05729804174796109,0.4962235649546828
19,50,Proposed,5.0,0.5524,0.45509919154533474,0.8016695761227021,0.5695052100740009,0.03282960058138667,0.06781642072135607,0.48942598187311176
19,100,B1-MLE,,0.5636,0.46873705205706157,0.7744734903419136,0.5553121172908081,0.06772681155322288,0.04421366790556608,0.4569486404833837
19,100,Proposed,1.0,0.5688,0.48110239307245317,0.8097275648662022,0.5368570523152363,0.025073072302841403,0.03893294848789805,0.45845921450151056
19,100,Proposed,2.0,0.5664,0.47252767408230734,0.809264970680436,0.5398029913804823,0.0205085725159855,0.04066252191599789,0.46676737160120846
19,100,Proposed,5.0,0.5548,0.45216121155143113,0.8067556869059103,0.5497699724029022,0.019301636433952864,0.05239395270090121,0.47205438066465255
19,200,B1-MLE,,0.572,0.4870687363586639,0.8107630245591295,0.535453337537129,0.02974152541616529,0.031122754610353576,0.45845921450151056
19,200,Proposed,1.0,0.5852,0.4917307103258061,0.8190942010663671,0.5242211000097102,0.021449237938844852,0.022653107893767465,0.452416918429003
19,200,Proposed,2.0,0.5816,0.481618400359401,0.818929837948258,0.5246887541016253,0.017739772411734838,0.025447781692460827,0.46148036253776437
19,200,Proposed,5.0,0.5764,0.4860264977717661,0.8169270667586374,0.5301213197535586,0.019564505616311584,0.03284416834711859,0.47205438066465255
19,400,B1-MLE,,0.5732,0.4781742811607368,0.8149206040750264,0.5304024595546889,0.026209294909499692,0.028473861856096686,0.45317220543806647
19,400,Proposed,1.0,0.5752,0.473125314721686,0.8204057010876793,0.524047451737312,0.013167921207445745,0.024885303373997355,0.44637462235649544
19,400,Proposed,2.0,0.576,0.4784651012337469,0.8211490232928712,0.5222628127020399,0.013758914871468533,0.023169521927667483,0.4516616314199396
19,400,Proposed,5.0,0.5824,0.4923219310067622,0.8213490414222756,0.5218025135605869,0.026849648180027802,0.02162100923585129,0.45468277945619334
