seed,N,alpha0,selected,acc,macroF1,macroAUC,brier,ece,cwece,far@pd0.9
0,10,1,5,0.5508,0.4359801596065234,0.7997064069825324,0.5544208889662301,0.029290258388957695,0.04677121824496056,0.5037764350453172
0,10,2,5,0.562,0.45698904727544876,0.8043184369222811,0.5449937605181812,0.0275763475230397,0.036208486815262626,0.5128398791540786
0,10,5,5,0.5676,0.5078744778262,0.8015232574582489,0.547964422987576,0.04575706206049732,0.035069233106057224,0.5045317220543807
0,10,10,5,0.5616,0.5119451580506647,0.7986227050486141,0.5550158735717814,0.06286529483082483,0.042729698949065475,0.5181268882175226
0,10,20,5,0.552,0.5037431194126819,0.7964432475332366,0.5611579370902603,0.08521958691790779,0.05148524478368631,0.5211480362537765
0,10,50,5,0.548,0.49933090738643504,0.7948536207514376,0.5661153198069578,0.09835933849538608,0.057155182271822,0.5143504531722054
0,10,100,5,0.5492,0.4973360424875743,0.7943100581069271,0.5680357543888411,0.10047349719598923,0.058951867964291006,0.513595166163142
0,50,1,20,0.5796,0.46999738739285735,0.8142208668074131,0.530570961233815,0.03415727388880361,0.03445837786775595,0.4705438066465257
0,50,2,20,0.578,0.4743012983206788,0.8152841737853362,0.529684153391721,0.031259520362379827,0.030483587954089134,0.46827794561933533
0,50,5,20,0.5856,0.506813155009471,0.8142330032147556,0.5311963167857262,0.01692520367887239,0.02641739004007672,0.479607250755287
0,50,10,20,0.588,0.5178403329159024,0.8104882589685822,0.536499076984851,0.033157150628034864,0.030911548951503318,0.5052870090634441
0,50,20,20,0.5744,0.5136264619025371,0.8051950544436381,0.544931729819669,0.04649173704389331,0.03462626208373036,0.5143504531722054
0,50,50,20,0.5548,0.5034809375416472,0.7993854146398545,0.556154894711403,0.07929711350636275,0.047859598041585655,0.5158610271903323
0,50,100,20,0.5484,0.4995601344808042,0.7968238261386432,0.5621515729573433,0.09494286289455679,0.05573633903122674,0.520392749244713
0,200,1,20,0.5872,0.4842273506405256,0.8192727061922986,0.5229007390641042,0.014320505527094374,0.026553278576368633,0.4690332326283988
0,200,2,20,0.5844,0.4814063368344899,0.8192920770095069,0.5230347685513695,0.01730595506241737,0.02431885685105067,0.472809667673716
0,200,5,20,0.5852,0.48502360410574846,0.8183903058435107,0.5240407051043747,0.014695167349570994,0.023266181931597327,0.4690332326283988
0,200,10,20,0.5828,0.48479252644015497,0.8167020027807825,0.5262060828075852,0.018340537715341533,0.022980605807738027,0.4780966767371601
0,200,20,20,0.582,0.49704727103770535,0.8131781986136922,0.5308771307418032,0.022916018149725544,0.02356269833535176,0.4901812688821752
0,200,50,20,0.5808,0.5058116868063204,0.8066409888030099,0.5414975396482816,0.05381596546662447,0.03303652870819372,0.5105740181268882
0,200,100,20,0.5636,0.5022358284779507,0.8016884774249532,0.5507166482089906,0.06809753026597472,0.04182343003981541,0.5188821752265861
0,400,1,10,0.5736,0.4455807532488705,0.8199229317208337,0.5206448308015166,0.03910218843124724,0.024531687085338972,0.45770392749244715
0,400,2,10,0.574,0.449077665197197,0.8198837918089703,0.5209912582068612,0.039152661669558005,0.0253158683885289,0.4690332326283988
0,400,5,10,0.574,0.45412768818016847,0.8189452455136583,0.5226418424976238,0.04195586197233086,0.0250225524985807,0.4811178247734139
0,400,10,10,0.5752,0.46105797417072963,0.8174673015123606,0.5251966150154794,0.03835590976453107,0.02748124083302139,0.4697885196374622
0,400,20,10,0.5756,0.463383694763521,0.8151803566973866,0.5290067235899362,0.033471533013189544,0.025343688530099072,0.48564954682779454
0,400,50,10,0.5768,0.47548029736951136,0.8100768831648295,0.5367102697703131,0.036550053022517306,0.027146157561946212,0.5007552870090635
0,400,100,10,0.5704,0.47382268815194284,0.8054039879069298,0.5446297358724714,0.053272624727355965,0.03650122018686086,0.5128398791540786
1,10,1,5,0.5612,0.48006582625691485,0.8034449735939926,0.5515750994081696,0.060505281760747105,0.04504854674612334,0.5362537764350453
1,10,2,5,0.566,0.4929146807280406,0.8057904365065941,0.5432027609210761,0.03548531582874189,0.036385788233811736,0.527190332326284
1,10,5,5,0.5684,0.49501506938516365,0.8064305589996658,0.541312945187012,0.04810961742328442,0.03776105780396287,0.5143504531722054
1,10,10,5,0.5544,0.46142141951984367,0.8057956323779121,0.5426279050468983,0.031624371606054365,0.03788614076094079,0.5113293051359517
1,10,20,5,0.5544,0.458250466366751,0.8054995046292657,0.544065071638292,0.02889974366656577,0.0399223573973601,0.5166163141993958
1,10,50,5,0.5544,0.4588733814408455,0.8047878449132553,0.5452927159151951,0.03703591984307506,0.04061653223570025,0.5090634441087614
1,10,100,5,0.5524,0.4573913086227875,0.8045842663450895,0.5457773669851348,0.03454233372445705,0.041561368265748196,0.5075528700906344
1,50,1,10,0.528,0.43612762807870775,0.8043638603359661,0.5745535288878173,0.06266867202334818,0.07668988620157971,0.46676737160120846
1,50,2,10,0.5308,0.43977048724066464,0.8083066607102536,0.5592049888453478,0.05055896961887133,0.0646569346288826,0.47205438066465255
1,50,5,10,0.5424,0.45179072485212163,0.8100882216630232,0.5475004902742007,0.03420962592094234,0.04984306210024954,0.486404833836858
1,50,10,10,0.5448,0.44821734916608763,0.8091299058877914,0.5445592124436955,0.03434861422381662,0.04632922939867813,0.49395770392749244
1,50,20,10,0.548,0.4474913601156171,0.807838445611254,0.5442499696792981,0.03846212031246377,0.04582854748089285,0.506797583081571
1,50,50,10,0.5552,0.45806835750747976,0.8060510245723597,0.5450077868426095,0.03736821464668493,0.043432781661228506,0.5128398791540786
1,50,100,10,0.5516,0.4550047577337027,0.8052804817492549,0.5455474888910048,0.0375714109747727,0.042987550582917616,0.5083081570996979
1,200,1,1,0.5668,0.46828862173034336,0.820165054951899,0.5264608807231265,0.0355393173791955,0.037656556915531936,0.4554380664652568
1,200,2,1,0.5696,0.4703938451273255,0.8202856972546179,0.525419560029706,0.03103747705286965,0.03500460882902064,0.4569486404833837
1,200,5,1,0.574,0.4744799574156253,0.819735793195498,0.5256584612111854,0.032530629371169545,0.0339182026483863,0.45845921450151056
1,200,10,1,0.5724,0.4765878105471745,0.8177023724269447,0.528096467948668,0.036315499924134534,0.033883175956119456,0.45468277945619334
1,200,20,1,0.5688,0.46711513528600124,0.8146224329586443,0.5321188168686953,0.03875181839926269,0.03479302110043561,0.4675226586102719
1,200,50,1,0.56,0.4529516247571215,0.8111074263904814,0.537827085068755,0.0328507699085828,0.039590827710765955,0.486404833836858
1,200,100,1,0.5568,0.4550951822569531,0.8083331565400815,0.541205790629247,0.03413582680679694,0.04167469604306888,0.5007552870090635
1,400,1,5,0.5652,0.4578215216329869,0.8213646540343182,0.5218463372947657,0.024422733644148893,0.02712581028215992,0.45845921450151056
1,400,2,5,0.5664,0.46025876329838,0.8217491957119459,0.5212607809924549,0.02146345233446616,0.026735379080947655,0.4607250755287009
1,400,5,5,0.5684,0.46544658063942623,0.8219453899687595,0.5210946147174096,0.01848404515566158,0.025982031792083138,0.45996978851963743
1,400,10,5,0.5676,0.46786451964625775,0.8207725368246349,0.5225875593626229,0.019416470534148876,0.02803903502211911,0.4607250755287009
1,400,20,5,0.568,0.4707967163545252,0.8179110973484742,0.5260936814795055,0.026875222935966298,0.029367816702222476,0.47129909365558914
1,400,50,5,0.5652,0.4665253211428184,0.8136521354374784,0.5326251923934918,0.03652824975781362,0.03421456879032564,0.48564954682779454
1,400,100,5,0.5604,0.4651264814017331,0.8105727717935179,0.5373653252371597,0.03132735896420534,0.03859735620744641,0.4962235649546828
2,10,1,2,0.5556,0.5299677729763304,0.812218410851612,0.5650700446346396,0.09063386818791722,0.08231394913717544,0.4826283987915408
2,10,2,2,0.5284,0.4858803786495413,0.8023209353533135,0.5717986426173269,0.04521528488836072,0.07448530358167893,0.4909365558912387
2,10,5,2,0.492,0.4511238382691233,0.782022920647723,0.5953993940626293,0.059901766826169704,0.07475379263280997,0.4916918429003021
2,10,10,2,0.4828,0.43603249998668153,0.771262833726289,0.6116961281088339,0.07913184926795258,0.08439876623190085,0.49773413897280966
2,10,20,2,0.458,0.39336594421250587,0.7640979446926253,0.6230378899578692,0.08638241013927495,0.0899966725467961,0.5196374622356495
2,10,50,2,0.4508,0.3792015145201641,0.75905764902529,0.6313642203220589,0.09605086803003868,0.09417334388703599,0.5279456193353474
2,10,100,2,0.4472,0.37616655402782784,0.7572016360323679,0.6344618099121075,0.10634227426874894,0.09831855891059399,0.5279456193353474
2,50,1,2,0.552,0.5106181059447713,0.8131654027772838,0.549318199043027,0.026461392850545162,0.055931361370928044,0.45468277945619334
2,50,2,2,0.5624,0.5148291485438313,0.8151044805467332,0.5445244636887019,0.02737796336441047,0.051712006136567325,0.4607250755287009
2,50,5,2,0.552,0.49862226621268985,0.8087919535851068,0.5549773869490634,0.02770067470296112,0.05487573676124488,0.4743202416918429
2,50,10,2,0.5192,0.4557763444893097,0.7970293587890436,0.5745524680660367,0.0212075957361812,0.06390861707852002,0.4773413897280967
2,50,20,2,0.4924,0.42068427871572656,0.7828862992649072,0.596201740408561,0.04689644785464275,0.0758079132676361,0.48942598187311176
2,50,50,2,0.478,0.40203498823821016,0.7693886034534873,0.617502507976856,0.08746541517261427,0.0872973562035367,0.49924471299093653
2,50,100,2,0.4604,0.3875928030744157,0.7628868420010211,0.6268396815787798,0.09463031738185015,0.09068796432046379,0.5158610271903323
2,200,1,2,0.5544,0.48982642853322284,0.818054559586094,0.5310957818891674,0.0383160182728642,0.04196371042731315,0.4780966767371601
2,200,2,2,0.5592,0.4955770633907834,0.8188459727370787,0.5288705614432828,0.033500336345885555,0.03814198068211494,0.4743202416918429
2,200,5,2,0.5604,0.48299985134714307,0.8178690339943091,0.5291695903534029,0.021121119575279543,0.03589221988574181,0.479607250755287
2,200,10,2,0.5628,0.48011184819384606,0.8145329957046934,0.5357269047366596,0.020664226467061425,0.040666275138539015,0.4818731117824773
2,200,20,2,0.558,0.4691199790484822,0.8073894389661476,0.5506742775150948,0.018958563365595833,0.049652993073080194,0.486404833836858
2,200,50,2,0.5152,0.43172741968815287,0.7908451246448827,0.5804305265082023,0.02930614032830803,0.0671062513884977,0.48564954682779454
2,200,100,2,0.4872,0.40859211013534225,0.7771718704948865,0.6020070051053424,0.05645557891650904,0.07907532356865833,0.4826283987915408
2,400,1,5,0.5684,0.49491049973793233,0.8238159953734574,0.519008800943848,0.028144195595050867,0.030162757012030528,0.47507552870090636
2,400,2,5,0.5712,0.49267799750046015,0.8239627246302939,0.5188087176456377,0.02419686105696413,0.029987069176240035,0.47583081570996977
2,400,5,5,0.5712,0.48412820277394664,0.8232859799785712,0.5204002308078369,0.024788632561948718,0.029276232227298207,0.472809667673716
2,400,10,5,0.5708,0.48629815898566087,0.8207759670550516,0.5249185647690556,0.024505244767547854,0.03586785512424286,0.4690332326283988
2,400,20,5,0.5664,0.47498263558042336,0.8167063455053988,0.534291711043983,0.019727297504456186,0.03918819527821796,0.472809667673716
2,400,50,5,0.5496,0.45585802651014234,0.8055680614667657,0.5570054423356816,0.02254887495612018,0.052504876137756167,0.47205438066465255
2,400,100,5,0.5256,0.4385153423422773,0.7923633732320119,0.5800327931917177,0.03164308778332115,0.06680664148155357,0.4735649546827795
3,10,1,1,0.5448,0.4150603687490787,0.790240915682972,0.5822475693373168,0.07046227932411617,0.0680895573584894,0.49773413897280966
3,10,2,1,0.5376,0.4194679593231312,0.7914153717119126,0.6023486321241571,0.05784203704372387,0.08287310094722107,0.46827794561933533
3,10,5,1,0.5016,0.3824132443496173,0.782923092179148,0.6406682064091656,0.0776945536060617,0.11179233132362708,0.44939577039274925
3,10,10,1,0.472,0.36045206077902425,0.7755818197683588,0.6671920613075331,0.10558813783691462,0.12683769774215553,0.4478851963746224
3,10,20,1,0.4356,0.3320589025397218,0.7710641574804875,0.686088700490424,0.1437047369117889,0.1369675096554401,0.45392749244712993
3,10,50,1,0.4196,0.3187216414960834,0.7681700662932677,0.7001653396364497,0.16282568063469927,0.14452009837400687,0.45468277945619334
3,10,100,1,0.412,0.31196086676251644,0.7670500505935579,0.7054329050915176,0.17163772856672643,0.14697789457825866,0.4516616314199396
3,50,1,1,0.5608,0.4519527179152807,0.8110049316056028,0.5398714493983003,0.04089232256956494,0.04463816967550952,0.486404833836858
3,50,2,1,0.5572,0.4498566879255126,0.8106633059532364,0.5466672062751639,0.027344700569079474,0.04958946856205647,0.4675226586102719
3,50,5,1,0.546,0.44827592419520473,0.8058189186532632,0.5689765794492114,0.015000036285914387,0.060691873625754116,0.4607250755287009
3,50,10,1,0.526,0.4227503852348937,0.7984274714776549,0.5977019520837015,0.05294190472643814,0.08857244969775542,0.459214501510574
3,50,20,1,0.5032,0.3999774646207729,0.7882520161154675,0.6316291351027865,0.06514134004767382,0.10628650112482357,0.45392749244712993
3,50,50,1,0.4632,0.35376125450737217,0.7759871098766267,0.6697199733649606,0.11000239856161524,0.12816385314948459,0.45317220543806647
3,50,100,1,0.4312,0.32830603455155566,0.7711486172513453,0.6881495828549365,0.14613231558477277,0.13886605577568173,0.4509063444108761
3,200,1,2,0.5792,0.4846810755586306,0.8200396053564314,0.5248881927884098,0.02208175792814036,0.0326064737501028,0.4607250755287009
3,200,2,2,0.5828,0.48461678043661244,0.8205601726925216,0.5247964605325137,0.022391304090366607,0.03415915185074278,0.4607250755287009
3,200,5,2,0.5852,0.48044812341610466,0.8188313940089009,0.5306976185718595,0.028315167713575,0.03892371356998269,0.4675226586102719
3,200,10,2,0.5772,0.4687861932576597,0.8147058825875699,0.5425689942249606,0.028922371267759813,0.04503778559530526,0.459214501510574
3,200,20,2,0.5556,0.4528198037292682,0.8083401069951803,0.5638054365063887,0.015361875758059213,0.06210706984500403,0.4501510574018127
3,200,50,2,0.5252,0.41694574442739185,0.7959467048671764,0.6067185792434717,0.041385471579434924,0.09415687497254846,0.4486404833836858
3,200,100,2,0.488,0.3728366376584679,0.7850268270671001,0.6417566917836579,0.08001766031626878,0.11292611730222912,0.45317220543806647
3,400,1,5,0.5788,0.481233904632203,0.8228274968282856,0.5233628268901661,0.03092485630974008,0.03836410002387926,0.46299093655589124
3,400,2,5,0.5768,0.4695361465507499,0.8226878364053455,0.5234872859133325,0.028207743517315892,0.03717518426457655,0.47129909365558914
3,400,5,5,0.576,0.46312152295917985,0.8212789680039391,0.5256383421253906,0.02614841017272916,0.039479225960175085,0.4607250755287009
3,400,10,5,0.5828,0.4847825689255523,0.8191756601892031,0.5306649553914522,0.031134019005376264,0.040710793469774145,0.45392749244712993
3,400,20,5,0.5768,0.4693835903822534,0.8155482222757562,0.5410731201410064,0.025221953800059517,0.042942174328361005,0.4561933534743202
3,400,50,5,0.5544,0.4544683858566561,0.8068887706435153,0.569239943870506,0.031509634651575844,0.06693689656774351,0.452416918429003
3,400,100,5,0.528,0.4199449172654518,0.797442185282869,0.6025697724787903,0.03591711316691125,0.09344810697553368,0.4478851963746224
4,10,1,2,0.5736,0.5051023767259802,0.8145348901059535,0.5426957253839372,0.08130732209952059,0.047506767749172896,0.4607250755287009
4,10,2,2,0.5896,0.5029612453930883,0.8170448212494443,0.5279414699282236,0.05242707046988249,0.03271338872116551,0.45770392749244715
4,10,5,2,0.5764,0.4744651129937235,0.8166107068032364,0.5291037608035442,0.05670897811357058,0.036073046841773655,0.4637462235649547
4,10,10,2,0.574,0.47409269479312244,0.8135749690657255,0.5352912174205763,0.05678193371386854,0.04310442246287801,0.4773413897280967
4,10,20,2,0.5708,0.47494704594190196,0.8108272440175799,0.5406434803732855,0.055307030726858226,0.04861365974185158,0.479607250755287
4,10,50,2,0.5684,0.47568864463922006,0.8087249780979393,0.5448962998605243,0.05644011673260757,0.051492578392053415,0.4780966767371601
4,10,100,2,0.568,0.4761264790077536,0.8079550391855096,0.5465223063957118,0.05318610103294415,0.052544222863729506,0.47658610271903323
4,50,1,10,0.578,0.5135707436692954,0.815362394692617,0.544214605639988,0.09117073589653263,0.053756797273659486,0.459214501510574
4,50,2,10,0.5852,0.5053424095497219,0.818924188811902,0.5334120185334337,0.07496397904319285,0.04420592387375806,0.4554380664652568
4,50,5,10,0.5812,0.4917103870004283,0.8212496552459317,0.5263398498794677,0.06441866357725239,0.03667151982677468,0.459214501510574
4,50,10,10,0.5748,0.47339709477349795,0.8200931519267411,0.5273742817947332,0.06546339524972176,0.03861003590539888,0.4554380664652568
4,50,20,10,0.5712,0.4667568345849739,0.8171375771288065,0.5320858071313982,0.06212132541175382,0.042993623749788164,0.46676737160120846
4,50,50,10,0.572,0.47503373701484375,0.8129604632672318,0.539213084754831,0.05541397334407529,0.047829004885354985,0.472809667673716
4,50,100,10,0.57,0.4763551950707814,0.8101216580149566,0.5431120371008463,0.05263900266471479,0.050756901984634666,0.4780966767371601
4,200,1,50,0.586,0.5027254157140634,0.8223432105656878,0.52827116067559,0.04242021800250357,0.04311097024741731,0.4569486404833837
4,200,2,50,0.5844,0.496367153188656,0.8231040768022728,0.5262574833183692,0.03900221864560214,0.04099316178231187,0.4501510574018127
4,200,5,50,0.5848,0.4895931274579017,0.8240762045724715,0.5235628554134639,0.037441514678000797,0.03920540053697077,0.44939577039274925
4,200,10,50,0.5808,0.481278655853112,0.8237125746539397,0.5225758384625484,0.04073739494268751,0.03679488385307574,0.45996978851963743
4,200,20,50,0.5792,0.4748335743065996,0.8222409513653018,0.5237542436483441,0.046192702130918056,0.036093044559190234,0.4554380664652568
4,200,50,50,0.574,0.4774433535953264,0.8185201258173087,0.5292990996609162,0.04878792017904147,0.040283561140567706,0.459214501510574
4,200,100,50,0.574,0.4784824031946693,0.8151219874849382,0.5350508252004467,0.04972268598406338,0.04540163788185619,0.4675226586102719
4,400,1,20,0.5736,0.49261783887992333,0.8246383562956914,0.5201162692737434,0.030785021629651417,0.03385893389236272,0.46299093655589124
4,400,2,20,0.5748,0.4927753700104105,0.8249066615976082,0.5196329713783043,0.0324069785483657,0.03186166972079873,0.4622356495468278
4,400,5,20,0.5796,0.4918621184792309,0.8251814468380205,0.5190115432270295,0.028484536643063597,0.03149255430972487,0.452416918429003
4,400,10,20,0.5852,0.4949305786601295,0.8250519759995115,0.5191361833782445,0.02850967845355178,0.03113048687124514,0.4501510574018127
4,400,20,20,0.5828,0.4913902603870071,0.8243226391585936,0.5204961412844291,0.02993278394437433,0.032155854893147325,0.4509063444108761
4,400,50,20,0.5844,0.49089028944409896,0.8214106135048164,0.524948047918971,0.03554376930717715,0.03632171875168429,0.46148036253776437
4,400,100,20,0.5752,0.4845990152919004,0.8182220889661409,0.530160198619633,0.04542528634746009,0.0417326829614717,0.459214501510574
5,10,1,1,0.522,0.4319572702589555,0.7819683703492301,0.6018851401846322,0.05077011381809718,0.08316496588482511,0.5317220543806647
5,10,2,1,0.482,0.38555842470245894,0.7821169149000116,0.6206496612438301,0.09687346672637107,0.10090277301317575,0.4735649546827795
5,10,5,1,0.4744,0.3721564785836802,0.7755979938873658,0.6545914380537236,0.1346055816743742,0.12339026641176877,0.46676737160120846
5,10,10,1,0.466,0.36463502674846204,0.7697390381774868,0.6762498283823626,0.15720690353280206,0.13626307302398996,0.46827794561933533
5,10,20,1,0.4576,0.3533904133494742,0.765769341250062,0.6908500361481249,0.16933486090801758,0.1430914825928618,0.4690332326283988
5,10,50,1,0.4504,0.3371658837745238,0.7627884246364647,0.7013352856417776,0.18138281658210204,0.1483206464673501,0.47658610271903323
5,10,100,1,0.4496,0.33226210362576486,0.761627711577427,0.705172587201148,0.1837623193100943,0.15027492828909336,0.47658610271903323
5,50,1,2,0.5424,0.4611768335218504,0.7970711176158746,0.5737325208081624,0.09817996743807902,0.07003858879648102,0.4901812688821752
5,50,2,2,0.538,0.4440315733307531,0.7957471887303365,0.5825335470704042,0.09156818748886698,0.07807729871562467,0.4871601208459215
5,50,5,2,0.5164,0.41098979052109513,0.7930264576182788,0.6053823566993042,0.1124769985022358,0.09443410578000805,0.4705438066465257
5,50,10,2,0.4892,0.3856660146173127,0.7886610950797366,0.6287696437733835,0.14381524357205794,0.11154266655577671,0.479607250755287
5,50,20,2,0.4808,0.3718857250121442,0.7825053450410574,0.6529361069929467,0.156739308542339,0.13032651671946735,0.466012084592145
5,50,50,2,0.4688,0.35197475016021706,0.7741082342651324,0.6790997249832006,0.16755966570840727,0.13976070318296807,0.466012084592145
5,50,100,2,0.4572,0.3382536187179399,0.76827486126877,0.6921443038860597,0.17753155727202904,0.14537217823993615,0.47205438066465255
5,200,1,1,0.5708,0.4762476024572799,0.818386527171175,0.5305811716532333,0.03916824021311024,0.03821013207171197,0.452416918429003
5,200,2,1,0.5736,0.4769016221208934,0.8179933189602626,0.5334241386218745,0.03702649160934787,0.04630925987822915,0.46148036253776437
5,200,5,1,0.562,0.46508082282356933,0.8154739897904144,0.544663653422964,0.04133623109823339,0.05700118163132443,0.46299093655589124
5,200,10,1,0.5484,0.45136770871855125,0.8105501326791944,0.5612967313569374,0.060093932739877474,0.07061286544080203,0.459214501510574
5,200,20,1,0.5244,0.4171858628601,0.8036300352058467,0.5856190692156317,0.09277524644967258,0.08551718582053629,0.459214501510574
5,200,50,1,0.4924,0.38826784110347995,0.7924002688500476,0.6249833827285269,0.13590990106986736,0.10932988224685422,0.46299093655589124
5,200,100,1,0.4768,0.3705105045883111,0.7832276540897588,0.6532855354997773,0.1565827995354204,0.12747725662439227,0.4622356495468278
5,400,1,2,0.5772,0.46875658586573515,0.8235849258152023,0.5198669985618498,0.030863168897842783,0.025938562041230212,0.4652567975830816
5,400,2,2,0.5768,0.4586561479507454,0.8238105096416656,0.5201619987209825,0.03296163881336293,0.029583087598160793,0.46676737160120846
5,400,5,2,0.578,0.4573125797643274,0.8225556478219141,0.5242105341956191,0.029542952076796535,0.036399520978318015,0.472809667673716
5,400,10,2,0.5764,0.46577753688258494,0.8193648033783902,0.5332542082103661,0.025415868928404358,0.046666958012105006,0.46676737160120846
5,400,20,2,0.552,0.44954618745410224,0.8136029667414102,0.5502751786615543,0.04729716459084197,0.06119678765002831,0.4607250755287009
5,400,50,2,0.5196,0.41339550800713293,0.8026696916858352,0.5862317875071744,0.09360532515056791,0.0878249019140739,0.46827794561933533
5,400,100,2,0.4944,0.39018714186237247,0.7929448377742112,0.619332286595417,0.1304101458356738,0.10663500028411316,0.4697885196374622
6,10,1,1,0.4304,0.3561124842304838,0.7581159576428247,0.6957034174433755,0.18148383666712142,0.12623770897210249,0.5370090634441088
6,10,2,1,0.4316,0.35742542700035534,0.7558400816254616,0.7000966450608673,0.1740808624756518,0.12690557896254215,0.5302114803625377
6,10,5,1,0.4484,0.3622895577184515,0.7532042167264511,0.7151135643625929,0.14966330415103857,0.1343748711049409,0.5438066465256798
6,10,10,1,0.4492,0.35776849968302404,0.7502300789308001,0.7263660789623104,0.15428479013143284,0.14328323663417544,0.5536253776435045
6,10,20,1,0.4468,0.34881403274082934,0.7482896530198304,0.7343038790027345,0.1615484652747578,0.14966586207829946,0.5657099697885196
6,10,50,1,0.4332,0.3360958858221578,0.7466008087990359,0.7401413597709386,0.1781180448526685,0.15309118302418886,0.5702416918429003
6,10,100,1,0.4304,0.3339045604226987,0.7459004763447845,0.7423014786820807,0.18237073164058895,0.15394978214374366,0.5709969788519638
6,50,1,1,0.5748,0.5115494592481578,0.8103878852524763,0.540626123948389,0.03247385455171596,0.04174465984273458,0.48564954682779454
6,50,2,1,0.5532,0.4779377746126179,0.801882154374349,0.5602396441274122,0.016481370188172077,0.05075242747913138,0.4947129909365559
6,50,5,1,0.5152,0.4221901694875631,0.7848307275053145,0.6027662272396669,0.054673684085014614,0.07670636120901152,0.520392749244713
6,50,10,1,0.492,0.40237255630840907,0.7727740058371125,0.6414364869714997,0.09598355418841927,0.09932893825950752,0.5362537764350453
6,50,20,1,0.4752,0.3837046117089192,0.7630723612554482,0.6768938993526789,0.11752814218674111,0.11855669278169187,0.552870090634441
6,50,50,1,0.4588,0.3663055493084477,0.7541333502854468,0.7109282500923633,0.1440372148202609,0.13838502505763814,0.5657099697885196
6,50,100,1,0.4544,0.3616769657537749,0.7501808993880157,0.7262212493667028,0.15446481734040196,0.14714961163201246,0.5702416918429003
6,200,1,2,0.5888,0.5004759971043405,0.822639501171651,0.5186550386943672,0.01574923144887271,0.023549007046560287,0.46299093655589124
6,200,2,2,0.5836,0.48726101470285654,0.8200411639405029,0.5255033028436165,0.024150051949197962,0.030472291611720784,0.4690332326283988
6,200,5,2,0.5576,0.4496794955196364,0.809674156109337,0.5473012242221985,0.02767071590115349,0.045558321170371084,0.48338368580060426
6,200,10,2,0.534,0.4253495516781417,0.7977419471093552,0.5764581101744448,0.046354174691102264,0.06753857590820747,0.5015105740181269
6,200,20,2,0.5136,0.4141595571470844,0.7845165942189443,0.614322957298219,0.07537298880148327,0.08878212550397266,0.5264350453172205
6,200,50,2,0.4844,0.38799267683033334,0.7687332198774606,0.6653835467582395,0.11401827461772529,0.11402269613513902,0.5422960725075529
6,200,100,2,0.4692,0.3749640676579049,0.7598847877286911,0.6959507565280317,0.13434691890367306,0.13042353640783888,0.5634441087613293
6,400,1,2,0.5864,0.4762438454880332,0.8257079200015748,0.5138257654974188,0.01666834192964698,0.018255367849926554,0.47507552870090636
6,400,2,2,0.5856,0.46950725591192877,0.8248447403425997,0.5160830684310075,0.013458541391785171,0.021571718660401064,0.47129909365558914
6,400,5,2,0.5796,0.4743019929477591,0.8208234225719306,0.5256579682936574,0.024948664197125343,0.03309329390760265,0.47583081570996977
6,400,10,2,0.5692,0.46763582469360554,0.8128796267296967,0.5433596859361314,0.023383375680624253,0.04703952260752926,0.4962235649546828
6,400,20,2,0.538,0.42975079837141306,0.800070656356184,0.5733761778720662,0.03929699159294462,0.06638282452267269,0.49924471299093653
6,400,50,2,0.5016,0.40176879964619566,0.7812386809685136,0.6265783819596356,0.08692108049429031,0.09669834280390038,0.5287009063444109
6,400,100,2,0.4844,0.38844098001152977,0.768941993631441,0.6661718129042221,0.1115664421368259,0.11628003829309529,0.540785498489426
7,10,1,5,0.562,0.5070132194435234,0.805479364440409,0.548757491304346,0.06766239954604213,0.04796972330883094,0.4788519637462236
7,10,2,5,0.5732,0.48827472524989585,0.8123942043166176,0.5331479382619702,0.03440976582433708,0.026662496030061718,0.4947129909365559
7,10,5,5,0.5736,0.4872739801251005,0.8128369029622892,0.5317855083463588,0.03902785867134281,0.028600670498613062,0.4788519637462236
7,10,10,5,0.5608,0.4609592007567938,0.809056203484323,0.5385517533058837,0.04352384298825996,0.03385960175556498,0.48564954682779454
7,10,20,5,0.5524,0.4547888251202862,0.8050964245431435,0.5458541879970676,0.05561780185655769,0.03977229747300739,0.5090634441087614
7,10,50,5,0.5512,0.45498469381034734,0.8015316667140503,0.5524156642947505,0.06839773808109843,0.04558322839864954,0.513595166163142
7,10,100,5,0.548,0.45269120364235477,0.8000829825526332,0.55509630953618,0.07363384357013575,0.047824555152944814,0.513595166163142
7,50,1,10,0.5484,0.5039533232468015,0.8126210392134501,0.5348995677297947,0.05136695236560074,0.043503822835088544,0.4773413897280967
7,50,2,10,0.5632,0.5159482692134121,0.8144977002002982,0.5311249287086357,0.030050570971696992,0.03319717960006171,0.4780966767371601
7,50,5,10,0.5776,0.5158654626427976,0.8150059390654174,0.5288727972169376,0.03749601265496331,0.028304788338550824,0.4637462235649547
7,50,10,10,0.5696,0.47148583783327425,0.8127147112755017,0.5314262802443956,0.035207660756720285,0.028690777564612274,0.4773413897280967
7,50,20,10,0.5584,0.461494819960271,0.808800518550947,0.537473540462246,0.041882144860915474,0.032469680335749825,0.5
7,50,50,10,0.5504,0.4546423138961072,0.8039224061964056,0.5464351480881771,0.06163336753078443,0.040641301724196194,0.5113293051359517
7,50,100,10,0.5484,0.4529867759515249,0.8015788395288062,0.5513999810636071,0.06762755969254344,0.04458361583091155,0.5151057401812689
7,200,1,1,0.582,0.5091200585403212,0.8214931715439658,0.5236211797311513,0.03334752909883627,0.033606463911667,0.4622356495468278
7,200,2,1,0.574,0.49486096786806955,0.82165683673994,0.523538015729952,0.03534709033976572,0.03283137148101821,0.46676737160120846
7,200,5,1,0.5744,0.49438717990189174,0.8205208351157822,0.5248065182342906,0.039094115199250386,0.03449195033031292,0.4569486404833837
7,200,10,1,0.5712,0.49219306492829046,0.818925080086254,0.5265193847456703,0.03251764783713881,0.03277703052650541,0.4652567975830816
7,200,20,1,0.5704,0.4893610138210101,0.8165670285791584,0.5287571549770939,0.024773499610167334,0.029913381220648835,0.4743202416918429
7,200,50,1,0.5688,0.4800129427084377,0.8117421199730664,0.5342833262509623,0.04033981210536014,0.03276917979928545,0.4947129909365559
7,200,100,1,0.5548,0.4574189549385307,0.8072908791405243,0.5406212045206236,0.05453463257225008,0.03767522189953464,0.5113293051359517
7,400,1,1,0.5888,0.5128647201727086,0.8230526321754519,0.5183671728780724,0.03802091984932218,0.02843579959260539,0.4705438066465257
7,400,2,1,0.5868,0.5114909822418794,0.8232096971963305,0.5182999924661799,0.03291528309491042,0.027718614879873676,0.46148036253776437
7,400,5,1,0.5788,0.5024601250022277,0.8233881475509763,0.5190405026366571,0.022510166778838585,0.027566383974934043,0.45996978851963743
7,400,10,1,0.5768,0.4952934036842225,0.8222984571945225,0.5207867287274547,0.01956710312571715,0.030037280564867506,0.46148036253776437
7,400,20,1,0.574,0.49318044744353245,0.8204186767006725,0.5234281583282442,0.02293611878729999,0.03177614027537379,0.46299093655589124
7,400,50,1,0.57,0.48828659101577143,0.8166533557233773,0.5282086882660244,0.026747471125633603,0.02849780496808597,0.4780966767371601
7,400,100,1,0.5608,0.4617040158687983,0.8122496103966994,0.5337019951164806,0.035319119224815905,0.03293694153031022,0.48942598187311176
8,10,1,1,0.47,0.35119297121926996,0.7727869867062679,0.6511505551404658,0.1539279220751868,0.11227892752929862,0.5279456193353474
8,10,2,1,0.46,0.3434445171439311,0.7633607774413202,0.6687358360861099,0.1525368050269616,0.12269741261705497,0.5370090634441088
8,10,5,1,0.4464,0.3300734262733895,0.750669145142391,0.6921475923504153,0.1552096367833586,0.1330610615500035,0.56797583081571
8,10,10,1,0.4444,0.3268972203156804,0.7439345565004047,0.7052985764747381,0.15286719285330466,0.13869701627323408,0.5913897280966768
8,10,20,1,0.4436,0.3276169386527773,0.7385749931664248,0.7138577976523558,0.1499970053238912,0.13982474675736742,0.5876132930513596
8,10,50,1,0.4432,0.3268211313560412,0.7340231183171264,0.7198825145217485,0.14923816045031202,0.14084015615500053,0.5883685800604229
8,10,100,1,0.4404,0.3240511592169942,0.7325201575692859,0.7220648463652406,0.15046226530949708,0.1416114540974064,0.5883685800604229
8,50,1,1,0.5604,0.47391499592838804,0.811741928460552,0.5402111460802714,0.026849934247528573,0.04195065268727605,0.48867069486404835
8,50,2,1,0.5556,0.46158815700203154,0.8082861022502742,0.5502033986041274,0.028469654603385863,0.05328783731127192,0.49924471299093653
8,50,5,1,0.5356,0.4399533470218086,0.7949713357482925,0.5794820985565082,0.050096077827588105,0.07423722532618393,0.4947129909365559
8,50,10,1,0.5028,0.3963217561541238,0.7813768857041368,0.6121674421029236,0.07974797963403052,0.08997860376527102,0.5196374622356495
8,50,20,1,0.4808,0.3578962749441228,0.7651698471156771,0.6469188272834687,0.10598100766470658,0.10599583057540377,0.5558912386706949
8,50,50,1,0.468,0.3471782828913013,0.7487192831219438,0.683994465373002,0.13975246271468714,0.12730535179253283,0.5687311178247734
8,50,100,1,0.4636,0.34414888414771116,0.7412963285793903,0.7018460540129762,0.14425952119370786,0.13547819088601426,0.5830815709969789
8,200,1,5,0.5744,0.467874846105102,0.8210353563181634,0.5195410856185295,0.023308192396081884,0.028921946475809337,0.46148036253776437
8,200,2,5,0.5764,0.47974502859316226,0.8210932072043176,0.5210539514670559,0.017493366373025947,0.02970109553419121,0.45845921450151056
8,200,5,5,0.5696,0.4805905570476845,0.8179079755209347,0.5303097723515054,0.01244342138823187,0.038883974121713676,0.4743202416918429
8,200,10,5,0.5564,0.46720695324801487,0.8115040587827707,0.5464835995902498,0.025220891939676946,0.05090120338508984,0.4947129909365559
8,200,20,5,0.54,0.4464861034196474,0.7992928672244503,0.5730999174053774,0.04837941261654404,0.06948587096032868,0.4879154078549849
8,200,50,5,0.4976,0.3898154783124721,0.7774428993607556,0.6208364325736162,0.08623641217507669,0.09383586041460278,0.5468277945619335
8,200,100,5,0.476,0.35387853092336286,0.7606459228252886,0.6563763668238154,0.11350668451144744,0.11120119698848716,0.5611782477341389
8,400,1,5,0.5896,0.5100061655079788,0.8232555633566815,0.5157654153825015,0.01889571112795733,0.02246838537200216,0.466012084592145
8,400,2,5,0.5892,0.5113052965100786,0.8242498508656486,0.5156351797174359,0.01633233675211814,0.021513158131877274,0.46676737160120846
8,400,5,5,0.5812,0.4867136833948456,0.8233019775359331,0.5187338573611623,0.02216893546847808,0.02586648664390693,0.46676737160120846
8,400,10,5,0.5664,0.47736734355665195,0.8204137544820622,0.5267916710797271,0.026917907566671444,0.03460437106541627,0.4705438066465257
8,400,20,5,0.5648,0.468186980370584,0.8136432342686192,0.5426676656448851,0.025019353713755525,0.047429027547428705,0.48489425981873113
8,400,50,5,0.5292,0.4151237197487635,0.7954993164681587,0.5791339464509819,0.0435980387100832,0.07147741480191777,0.48942598187311176
8,400,100,5,0.4912,0.3676476065426227,0.7788271736702366,0.6160689666678296,0.08790264114655014,0.091403648338544,0.5302114803625377
9,10,1,20,0.5868,0.4843845342842669,0.8195183908812855,0.5301326101200431,0.07515470035469815,0.043194185735375396,0.45845921450151056
9,10,2,20,0.5852,0.48788793260264157,0.8200463579967704,0.525094971225839,0.058794662241969116,0.03347852124091614,0.45996978851963743
9,10,5,20,0.5784,0.4877202978648681,0.8184653266628855,0.5237800467352439,0.05017971962334031,0.029977341223293926,0.46148036253776437
9,10,10,20,0.5792,0.49241171334012535,0.8171646425222877,0.5241444657459579,0.04278834907117558,0.028982984159187004,0.46299093655589124
9,10,20,20,0.5796,0.4949864650789452,0.8160117543724645,0.524661158571952,0.038463433871450535,0.02840693980333433,0.466012084592145
9,10,50,20,0.5776,0.48991464123608175,0.8149545819947327,0.5251456520135893,0.033285918854596634,0.02784173322397026,0.46676737160120846
9,10,100,20,0.5752,0.48836851029095074,0.8145387624806902,0.5253472742764733,0.03455896025217377,0.02850411710448192,0.46827794561933533
9,50,1,50,0.5768,0.5084713785161734,0.8173939118639043,0.5257834357243557,0.045727699931333576,0.028875310518480503,0.45996978851963743
9,50,2,50,0.5864,0.5067883668170825,0.8198332216161881,0.520749696839961,0.03446930377376614,0.024461779149015633,0.46148036253776437
9,50,5,50,0.5816,0.49657138907620346,0.8208158871878177,0.5190227348336972,0.03691748908369691,0.020630010085381005,0.4554380664652568
9,50,10,50,0.58,0.49271708817578685,0.8198742429740608,0.5198129029559133,0.03865447945343255,0.02223595668752688,0.4554380664652568
9,50,20,50,0.5796,0.4887529868510617,0.8186259658518096,0.5212867658878054,0.03291234281441979,0.02334826254958914,0.4652567975830816
9,50,50,50,0.5816,0.49395331558566274,0.8167086747664274,0.5231957351084223,0.032332914084357095,0.025894053661486525,0.466012084592145
9,50,100,50,0.5804,0.4918223887301445,0.8156858152444477,0.5242129343248568,0.03071264175507363,0.027089212634114717,0.466012084592145
9,200,1,20,0.5732,0.474899831788611,0.8174730815463787,0.5254696160875386,0.042576800832341555,0.029562262787506628,0.45770392749244715
9,200,2,20,0.5772,0.47358487401988186,0.8188406563689984,0.5231525296794358,0.036752439908407944,0.026968386373060864,0.45996978851963743
9,200,5,20,0.5764,0.46855813184836737,0.8210640155839173,0.52008389870867,0.03989906528849373,0.02552432051880014,0.452416918429003
9,200,10,20,0.5796,0.4832425961950313,0.8217262771627467,0.5187985716018855,0.03314597842552207,0.024417975599538518,0.4569486404833837
9,200,20,20,0.5824,0.48769969683242903,0.8213302608393785,0.5188012769967789,0.027828446494040773,0.023697725376401163,0.46148036253776437
9,200,50,20,0.5788,0.48562821658277394,0.8199025646044354,0.5203010955317979,0.03144776014208607,0.0253281076596873,0.4652567975830816
9,200,100,20,0.5796,0.49209752606777074,0.8185059702237327,0.5218775578630217,0.03378275819199638,0.02668596963741036,0.4652567975830816
9,400,1,5,0.5848,0.48400515328262844,0.8241907647742075,0.5155376622470053,0.02262520340950096,0.018246666410239625,0.45317220543806647
9,400,2,5,0.5828,0.4820295263797814,0.8244934822503377,0.5150855829227547,0.025081562714517242,0.017623906799878027,0.45468277945619334
9,400,5,5,0.584,0.4805448302135184,0.8246698945834519,0.51439026550179,0.02647406257516811,0.01834365551754841,0.4569486404833837
9,400,10,5,0.5824,0.4782845948102514,0.8249061147869988,0.5142308862942359,0.0275576566930579,0.02037065525056459,0.459214501510574
9,400,20,5,0.5848,0.4887667548840204,0.8242840487984017,0.5148874905327165,0.031008312362626505,0.022115101388555502,0.45770392749244715
9,400,50,5,0.5812,0.4834218760890149,0.8224064155209031,0.5171891908424394,0.02750500369709636,0.022668248247814268,0.45392749244712993
9,400,100,5,0.5812,0.4859772705679774,0.8204177054950328,0.5195291179962643,0.0319609400152107,0.024095547585371805,0.46676737160120846
10,10,1,2,0.5156,0.39472988801793996,0.789692629199491,0.6435984492850705,0.17762351954116692,0.11122430048908812,0.5098187311178247
10,10,2,2,0.5048,0.38919137820705146,0.7873648080665401,0.6467324223731955,0.17612078510032325,0.11839048731101919,0.5158610271903323
10,10,5,2,0.4904,0.3760542479320041,0.782653536325492,0.6598312930855518,0.18375333480860415,0.12868964273669847,0.5098187311178247
10,10,10,2,0.4824,0.3687131646725739,0.7794770149813268,0.670075368374013,0.19190275611819874,0.1329731572167314,0.5128398791540786
10,10,20,2,0.4752,0.36326015787825017,0.7771616194059532,0.6774988674190716,0.1981226108536878,0.13734460829127976,0.5151057401812689
10,10,50,2,0.4708,0.35917089657126156,0.775207357946692,0.6830211537938616,0.2037227215822005,0.1401188283745606,0.5105740181268882
10,10,100,2,0.4688,0.3571573791624733,0.7744808382564942,0.6850828305977191,0.20574191600858216,0.1405503693429145,0.5105740181268882
10,50,1,1,0.5716,0.5045723106986456,0.8108396351930818,0.5490074820803768,0.08938609001022783,0.05542898572540778,0.4916918429003021
10,50,2,1,0.5672,0.4863183662357584,0.808318153054927,0.5579599847849455,0.08303530311922037,0.057778059679851765,0.4871601208459215
10,50,5,1,0.5392,0.44081263642254886,0.8000826728395477,0.5839960507103111,0.10594041831780035,0.0773038862484608,0.48413897280966767
10,50,10,1,0.5104,0.41548090931009835,0.7935673332663618,0.6109787234105171,0.14123255533647636,0.09871404643663378,0.4954682779456193
10,50,20,1,0.5,0.3957651042767134,0.7873228508860612,0.6373740327765128,0.1597374285926729,0.11394673502908154,0.5143504531722054
10,50,50,1,0.4844,0.37069588338369797,0.7802443542762009,0.6627950471725653,0.1827373029597514,0.12966134261296094,0.5128398791540786
10,50,100,1,0.4732,0.36163365362062366,0.777381131776249,0.6740239570219364,0.19935825858848716,0.1349630350291032,0.5151057401812689
10,200,1,2,0.5956,0.5116952706891258,0.8240216206266491,0.5164182477922921,0.029515168250245135,0.022796978739443384,0.4743202416918429
10,200,2,2,0.5892,0.5046558873555854,0.8227364930046133,0.5195212586763178,0.027106056499017355,0.024969778677952467,0.46827794561933533
10,200,5,2,0.5812,0.47608022283206186,0.8176350091494226,0.5329801429000247,0.033150341120084914,0.03736104836422685,0.459214501510574
10,200,10,2,0.5644,0.46019959534821026,0.8105878332111907,0.5521135243574187,0.05523416694855401,0.050783499610406936,0.4697885196374622
10,200,20,2,0.5308,0.42434042070119643,0.802185640531795,0.5780072066211205,0.09703772258114175,0.07022390047707436,0.48867069486404835
10,200,50,2,0.5108,0.4054668841085807,0.7919449685639723,0.6168412756428783,0.13341238151906823,0.10196789062034803,0.49244712990936557
10,200,100,2,0.4904,0.3866894067371504,0.7854044992544074,0.64276674365327,0.1653481889152023,0.1189838674666063,0.5090634441087614
10,400,1,1,0.59,0.4981407437209806,0.823894348130052,0.5146744639044285,0.015329195404976004,0.014591386595422643,0.4690332326283988
10,400,2,1,0.588,0.5010332520433164,0.8236888283063346,0.5153293522336453,0.010998145606015124,0.015353951226774479,0.4697885196374622
10,400,5,1,0.5872,0.5092325292586074,0.8216131804072472,0.5211815224470855,0.02290002312741203,0.027976992493289856,0.46299093655589124
10,400,10,1,0.5792,0.5008166310763985,0.8169785609706145,0.5330684789316535,0.028666435195319473,0.03628045149683587,0.4697885196374622
10,400,20,1,0.5548,0.462702759396692,0.8101883553662323,0.5527180156016449,0.05338755801438349,0.05113953279577654,0.4735649546827795
10,400,50,1,0.528,0.421057687002334,0.7989093649888249,0.5882419653235825,0.09950743199295917,0.07689681730802739,0.48867069486404835
10,400,100,1,0.5132,0.4071437845899592,0.791348371637278,0.6175965253316336,0.12739948184118113,0.1015318678798402,0.5015105740181269
11,10,1,100,0.5124,0.42646578350295683,0.7832813139102819,0.5941905718601259,0.07813071548613813,0.07875792501079763,0.5324773413897281
11,10,2,100,0.5144,0.43142109679319796,0.785169832716955,0.589888680027944,0.06999115844961303,0.07699292074626567,0.547583081570997
11,10,5,100,0.5044,0.42585801955470476,0.7854250542683261,0.5877737964522077,0.07668539925593967,0.0754423269089845,0.5641993957703928
11,10,10,100,0.5028,0.4260242116278482,0.7854110071360807,0.5876882231915108,0.0784539131423227,0.07505885297469864,0.5649546827794562
11,10,20,100,0.5064,0.4304827673696903,0.7849929834618207,0.5879871352288123,0.0779479628241208,0.07507095899981267,0.5626888217522659
11,10,50,100,0.5072,0.4337103855794168,0.7847492906171134,0.5883558094933056,0.08119314778631596,0.07468410147314322,0.5611782477341389
11,10,100,100,0.5072,0.43104401520986724,0.7845461756583055,0.58852211603548,0.08393583436188173,0.07468714502325378,0.5611782477341389
11,50,1,5,0.5584,0.4508688987228573,0.812137745773571,0.5331336972165748,0.02938200782427907,0.03317674465914029,0.47205438066465255
11,50,2,5,0.5456,0.43757733632160506,0.8097476599286447,0.5384551526429335,0.036944531625919756,0.04004295155010016,0.4871601208459215
11,50,5,5,0.5368,0.4393657522489021,0.8020264752216758,0.5509498762030187,0.03860952612721544,0.05143342061953073,0.4984894259818731
11,50,10,5,0.5232,0.45261105389357054,0.7957673105985845,0.5617483198413891,0.040945384969299274,0.057687121904534205,0.5226586102719033
11,50,20,5,0.516,0.44452816469524403,0.7911420489379859,0.5714082652598048,0.05651046776969839,0.061702115722827425,0.5506042296072508
11,50,50,5,0.5096,0.4372532109466091,0.7875416952558745,0.5803332209152412,0.0673815892250609,0.06856332204306516,0.5596676737160121
11,50,100,5,0.5096,0.43405570932955384,0.7860262439402712,0.5842039329976254,0.07250461953038527,0.07197550607955275,0.5611782477341389
11,200,1,5,0.5856,0.48418470856683066,0.8217962462487443,0.5239543969828504,0.02214502291106585,0.033843587164594485,0.4637462235649547
11,200,2,5,0.582,0.4832488734375023,0.8211677579550309,0.5250554949068035,0.019054569699546654,0.03489689478557969,0.4637462235649547
11,200,5,5,0.5784,0.4801564533994612,0.8168415605279946,0.5306733136043491,0.021270971349295082,0.03294314714774358,0.4705438066465257
11,200,10,5,0.5636,0.47901809093156344,0.8105140297280142,0.5390902985321466,0.019224802079006672,0.03767237517717207,0.49697885196374625
11,200,20,5,0.5504,0.47801743284712506,0.8028225196756621,0.5503648021922299,0.035600609317399064,0.048909792747334216,0.5037764350453172
11,200,50,5,0.522,0.45394265544981927,0.7944961092265413,0.565843929818964,0.05104147220135042,0.05810753432142548,0.527190332326284
11,200,100,5,0.512,0.44354204222302285,0.7902950805630833,0.5750148802929853,0.0632411707621352,0.06426382615510615,0.5574018126888217
11,400,1,5,0.584,0.48724801539228346,0.8240913382756999,0.5197272614133791,0.028279608947834874,0.028330407879299295,0.46299093655589124
11,400,2,5,0.5844,0.48676003039115195,0.8242374737855123,0.51914923231333,0.0235787093051351,0.02917281061788409,0.45845921450151056
11,400,5,5,0.584,0.48729832692134445,0.823327840332982,0.5203934599036399,0.01924201940704851,0.029952774428433845,0.4637462235649547
11,400,10,5,0.5816,0.4995821424361931,0.8196887942994138,0.5253007630381744,0.024041714609370102,0.032458122441464905,0.466012084592145
11,400,20,5,0.5736,0.502920564650852,0.8130081554245326,0.5346151090532753,0.03344820502527792,0.03640058783062059,0.49244712990936557
11,400,50,5,0.5428,0.47319681459679763,0.8021542496322809,0.5513821166056926,0.03842201465956318,0.048704554267824385,0.506797583081571
11,400,100,5,0.5228,0.4527624489330502,0.7954850281658934,0.5640217435360206,0.05422961352056033,0.0577032730086634,0.5264350453172205
12,10,1,1,0.4744,0.36713625838370223,0.7632637421298244,0.6916528894059878,0.1913110353344389,0.13189256443090205,0.552870090634441
12,10,2,1,0.4728,0.3673149663552901,0.7623921480312985,0.6918150157921195,0.1912786452930339,0.1324035969487942,0.5755287009063444
12,10,5,1,0.4748,0.3686806565071876,0.7608294448718984,0.6945699660151392,0.18849732220443002,0.13520044480046486,0.5853474320241692
12,10,10,1,0.4696,0.3641752812260171,0.759165868712571,0.6968532925053373,0.19425351454077058,0.135613660276415,0.5830815709969789
12,10,20,1,0.4684,0.36330075842733256,0.7574071034530941,0.698649220752813,0.19627108746962985,0.13533245210406808,0.5861027190332326
12,10,50,1,0.4688,0.3635798783258808,0.7562080830673543,0.7000310938777963,0.19653983721454077,0.13616343782816748,0.595166163141994
12,10,100,1,0.4684,0.363252515295712,0.7555896546629299,0.7005439646823861,0.19716686063795877,0.1359220116418678,0.5974320241691843
12,50,1,1,0.5532,0.43673263536947005,0.7959980419428695,0.582721835721421,0.08844561955545134,0.07381749643632203,0.4901812688821752
12,50,2,1,0.5412,0.4335327141464946,0.7930211118471963,0.5948794623269061,0.09490134938125451,0.08169764403423314,0.4954682779456193
12,50,5,1,0.5244,0.40609733428284694,0.7850276088657879,0.6205839906492,0.11378397605096285,0.09405468232874817,0.5347432024169184
12,50,10,1,0.5072,0.393346074893952,0.7782090215063182,0.6428778187018152,0.13626249498776957,0.10651913359654379,0.5392749244712991
12,50,20,1,0.4852,0.37524834782416666,0.770567366153529,0.6634744603787769,0.1649520879856547,0.11806447502161103,0.5551359516616314
12,50,50,1,0.472,0.36592599218034616,0.7634294046299308,0.6827048692836339,0.1858155827674236,0.12847975448124999,0.5830815709969789
12,50,100,1,0.4696,0.3640431166195839,0.7601105233380974,0.691130505540114,0.1918697431490625,0.13222597408720987,0.5838368580060423
12,200,1,2,0.5876,0.4917112863167001,0.8250824984203333,0.5173130419161298,0.016049793549818274,0.03279730293172,0.4607250755287009
12,200,2,2,0.5884,0.49906419629138016,0.8232520387974422,0.5213648156219008,0.01425330239402535,0.03606409559295416,0.4554380664652568
12,200,5,2,0.574,0.480311780192796,0.8173227162327973,0.535983898230778,0.022141866132895018,0.04738676204724479,0.44939577039274925
12,200,10,2,0.57,0.4731746980343687,0.807833974157707,0.5574287352285002,0.028481008860670936,0.06135419473795458,0.47129909365558914
12,200,20,2,0.5452,0.43860617676407976,0.7961712504299756,0.5867509593765435,0.06496020968384149,0.07839813996518025,0.4780966767371601
12,200,50,2,0.5068,0.393349744931163,0.7812544398719072,0.6286933187133351,0.12176558233573402,0.0982281619189373,0.5294561933534743
12,200,100,2,0.4828,0.37526140130841684,0.771834778262934,0.6555098059253446,0.15990896544807537,0.11423875244180977,0.5513595166163142
12,400,1,1,0.5868,0.4789304417136553,0.8255603384441305,0.5138730975193478,0.018560681258641167,0.021510410377839885,0.4607250755287009
12,400,2,1,0.5852,0.48042752580192843,0.8249784579028905,0.514810730469436,0.02828316961459016,0.024057005522301864,0.45468277945619334
12,400,5,1,0.5804,0.49580960026358933,0.8224366378979513,0.5204084980483256,0.026595712675288787,0.03087521933560651,0.45317220543806647
12,400,10,1,0.5772,0.48331640486142663,0.8175513050958207,0.5322962628903001,0.024037698455264583,0.039729731905831664,0.4637462235649547
12,400,20,1,0.5736,0.4810625818795419,0.8084854269632056,0.5539404537459743,0.03217711372234343,0.055190806904558264,0.4743202416918429
12,400,50,1,0.5428,0.4331442577304891,0.7925983560314445,0.5947690722693881,0.07389079840419208,0.07990470904392791,0.5015105740181269
12,400,100,1,0.5088,0.39652973789995793,0.781408997658102,0.6274631358950646,0.11919308251648209,0.09759555679923786,0.5362537764350453
13,10,1,2,0.5708,0.4358023936291578,0.8018661793336262,0.5399905024695235,0.03301260499872956,0.030430433330162245,0.5052870090634441
13,10,2,2,0.5728,0.47000268780409665,0.8038033053325029,0.5396312070914857,0.03231342367888121,0.03148591486999626,0.5052870090634441
13,10,5,2,0.5624,0.4667908574223889,0.8000003472412824,0.5528379132367539,0.025267815059386398,0.04645934982606158,0.4954682779456193
13,10,10,2,0.5536,0.45860728991094424,0.7958392332281238,0.5648654417179276,0.030872566781902644,0.05729170722927031,0.506797583081571
13,10,20,2,0.546,0.45438770967927256,0.7922887102655052,0.5742481400766496,0.03574648554739479,0.06396098680159712,0.513595166163142
13,10,50,2,0.538,0.4472980975522246,0.7893835354428613,0.5816157155534731,0.048494430688208405,0.0706999048598663,0.5143504531722054
13,10,100,2,0.5344,0.44448304646974524,0.7883139379618921,0.5844474473404946,0.05576300650679343,0.0723607351663771,0.5090634441087614
13,50,1,2,0.582,0.46730092300726,0.8172488602928987,0.5300243338388867,0.04158258869131929,0.03498844371906012,0.472809667673716
13,50,2,2,0.5804,0.45816933937970555,0.8168857274504737,0.5320650161838238,0.028661314692516964,0.03692036380819887,0.4879154078549849
13,50,5,2,0.574,0.46021301235552675,0.8126456178789814,0.5402099954287439,0.02655693132613599,0.04268935453307007,0.5045317220543807
13,50,10,2,0.5648,0.4635511822030812,0.8070287605881885,0.550161740269962,0.029046981416838157,0.05107376198761436,0.5015105740181269
13,50,20,2,0.5588,0.4616735176391328,0.8012127330547422,0.5613980623938405,0.02876886128738018,0.05864659699085809,0.5045317220543807
13,50,50,2,0.5424,0.4513490990171817,0.7945433930785316,0.573807543609309,0.04043547469117508,0.06566863816395961,0.5120845921450151
13,50,100,2,0.5344,0.4443668498291787,0.7912958104374077,0.5798646792672738,0.04820350101623509,0.06941525454444093,0.5128398791540786
13,200,1,2,0.5808,0.4897749533406335,0.8244399790690261,0.5170837193383184,0.021854117937486487,0.02524436501486694,0.4637462235649547
13,200,2,2,0.582,0.4868857568826762,0.8245061927812404,0.5170995008926151,0.018751618734796173,0.025376109977847585,0.466012084592145
13,200,5,2,0.584,0.49903562487408265,0.8232844007769302,0.519984072972236,0.01476192490501212,0.027945196665293,0.4690332326283988
13,200,10,2,0.58,0.5042914047673519,0.8207693508979442,0.5259451949993289,0.013816673551732422,0.033908437411618746,0.479607250755287
13,200,20,2,0.574,0.49567269992934304,0.8158314607532042,0.535583032330018,0.018427238045608436,0.04172252152518277,0.49395770392749244
13,200,50,2,0.5592,0.4638212370902389,0.8064834519951516,0.552016737417991,0.03711362822147759,0.052126009937300585,0.5037764350453172
13,200,100,2,0.5528,0.45911640768409223,0.7998400607480374,0.5641228423727078,0.03742511557611352,0.06010543298528907,0.5083081570996979
13,400,1,2,0.5916,0.4955764275835478,0.826027543846185,0.5122676241255217,0.02347912004818707,0.016727566019720957,0.46299093655589124
13,400,2,2,0.5884,0.49547028572107593,0.8261673856436242,0.51198996527081,0.022103603871923207,0.016755792356188542,0.4569486404833837
13,400,5,2,0.5892,0.5040218100430712,0.8264356822843802,0.5127597889301294,0.027404018948547652,0.018439671291006744,0.4554380664652568
13,400,10,2,0.5888,0.5073222044088367,0.8250960635378124,0.5155038023931697,0.022590598843774724,0.021347170197376322,0.4622356495468278
13,400,20,2,0.5812,0.506397916148592,0.8216896863991217,0.5213973642152029,0.021344252627056873,0.026667661760588744,0.47205438066465255
13,400,50,2,0.5716,0.4733598100218445,0.8137072241012341,0.535519600252236,0.02252205125082781,0.0375575994196995,0.48489425981873113
13,400,100,2,0.5604,0.4642127300898897,0.806525458200972,0.5495447592707162,0.025698274869511487,0.04844081795549257,0.5037764350453172
14,10,1,1,0.5704,0.45777927642741556,0.8160852591959262,0.5318935549090025,0.06764530356497987,0.03706867857241905,0.466012084592145
14,10,2,1,0.5756,0.4738542139177545,0.8137346503198146,0.5315446231201509,0.045768784835789104,0.03375554117464056,0.47205438066465255
14,10,5,1,0.5792,0.4969397016928123,0.8089858308173234,0.5385438296907814,0.04761510369456868,0.03766357063650923,0.4735649546827795
14,10,10,1,0.574,0.5010377088383251,0.8056730775137824,0.5444204741860449,0.06014878067898756,0.03991823607036283,0.4788519637462236
14,10,20,1,0.568,0.4982189953701586,0.8029957014901925,0.5487756618820987,0.06181042377305641,0.04053239398598512,0.4811178247734139
14,10,50,1,0.5676,0.5008022074223922,0.8003570785623683,0.5520870209643034,0.07059983056415352,0.04328098743424075,0.4826283987915408
14,10,100,1,0.5644,0.5004411719167187,0.799392093898482,0.5533445142658188,0.07010684714184158,0.043870294070721655,0.4871601208459215
14,50,1,5,0.5588,0.4943577974997633,0.8145163103898252,0.5467865969655727,0.07466504068110802,0.05186382610253506,0.47205438066465255
14,50,2,5,0.5684,0.5048869562720714,0.8171021891193699,0.5366500744737279,0.05846026168767826,0.04398908486057557,0.47583081570996977
14,50,5,5,0.578,0.5227730548837217,0.8168760122891039,0.5307046987324249,0.04633871524463816,0.03333460530968361,0.46148036253776437
14,50,10,5,0.5812,0.5198727295013907,0.8138591701872452,0.5328339757333899,0.05029082868135358,0.03295116367663953,0.4652567975830816
14,50,20,5,0.5808,0.5177678322321416,0.8096947768768263,0.5382753730452198,0.04570118932956109,0.03666347395297332,0.479607250755287
14,50,50,5,0.574,0.5075490563017085,0.8051452875026767,0.5456770464096873,0.05238465936562584,0.038892446843333435,0.4780966767371601
14,50,100,5,0.5704,0.5042743560278021,0.8024598598946796,0.5495722038335185,0.0631509237185005,0.04101290296385396,0.4826283987915408
14,200,1,1,0.5792,0.4977028130436131,0.8219299277880343,0.5200090140739907,0.0311908152391242,0.02636412962720054,0.4622356495468278
14,200,2,1,0.5836,0.5048716602591925,0.8223142057303324,0.5195942940827138,0.02604918395879326,0.026960796820017344,0.45770392749244715
14,200,5,1,0.5804,0.4999264687628406,0.8222325444083587,0.5194579126819354,0.02481773989441881,0.02726345321975062,0.45468277945619334
14,200,10,1,0.5792,0.5008582707582857,0.8213490094630584,0.5204186318524402,0.022855960551199452,0.029039618596039585,0.4561933534743202
14,200,20,1,0.5816,0.5044151976440084,0.8192087431728473,0.5231592298650809,0.028204529919719855,0.029179189931769996,0.4569486404833837
14,200,50,1,0.5808,0.5045024440024466,0.8139198393700341,0.530296936414873,0.040145041880771,0.02930834243708121,0.47129909365558914
14,200,100,1,0.5804,0.5077454266531083,0.8092855799003054,0.5373284824257345,0.04275517342176002,0.03393131587983654,0.47583081570996977
14,400,1,1,0.5832,0.46829585775689864,0.8255513326709619,0.5147170916471434,0.02994676864252443,0.022850479282312045,0.4509063444108761
14,400,2,1,0.5852,0.4694173565127564,0.8256274739017458,0.5146189598641163,0.028236649340790423,0.02262920044691089,0.4501510574018127
14,400,5,1,0.5852,0.46916246652114996,0.8252288994769226,0.5147238446558017,0.027972205262316682,0.024585879089795825,0.459214501510574
14,400,10,1,0.5816,0.4727136774131483,0.8244401781686704,0.5154946811214424,0.026858023170763575,0.022294459190309354,0.459214501510574
14,400,20,1,0.582,0.48517603622050365,0.8224041293763429,0.5175866099017625,0.029842986783455722,0.023409128240282295,0.4607250755287009
14,400,50,1,0.5828,0.49989575828407595,0.818096103175195,0.5234617160325008,0.03173124508380661,0.024826440746434586,0.4652567975830816
14,400,100,1,0.5812,0.5026206028892144,0.8134980387604783,0.5303019698206043,0.03799740945457304,0.0313026612131074,0.47658610271903323
15,10,1,20,0.5544,0.4726603270213697,0.8085543975227547,0.5448640681682041,0.05844044618579023,0.04706000921704822,0.5
15,10,2,20,0.5752,0.48428784359313237,0.8148152313235772,0.5292393786866468,0.017284389757563048,0.028008558593960592,0.4705438066465257
15,10,5,20,0.5756,0.4812646910478905,0.8160732934255557,0.5252228594700892,0.024246522944128965,0.02024892738580947,0.4780966767371601
15,10,10,20,0.5816,0.5108671740081954,0.8143545684256379,0.5272557005235715,0.019316576590098472,0.02204732971325591,0.4871601208459215
15,10,20,20,0.5772,0.5086563920385501,0.8123716457558687,0.5296392399280029,0.012953058682921386,0.02253333727946231,0.48867069486404835
15,10,50,20,0.5744,0.5055696207379066,0.8107957501077363,0.531718759390195,0.016736000111589,0.02598325117584163,0.48489425981873113
15,10,100,20,0.5748,0.5059464632238643,0.8103208582629748,0.5325467234120268,0.024846551459617696,0.027203556090615894,0.4871601208459215
15,50,1,100,0.5696,0.4470472237365307,0.8178379252177259,0.5287068124826763,0.05100507578926092,0.035236961581912515,0.466012084592145
15,50,2,100,0.5764,0.4570087790905171,0.8205476167924526,0.5225197714435565,0.03158802142221919,0.030407542048462046,0.47507552870090636
15,50,5,100,0.5832,0.47525621581119876,0.8215919574932792,0.5187054178900147,0.020473609569727415,0.019599966287145047,0.4645015105740181
15,50,10,100,0.5852,0.5012371235844245,0.8202484963997075,0.5193956590326196,0.017477871896058268,0.02029380847229729,0.466012084592145
15,50,20,100,0.5824,0.5069877594021776,0.817582073079987,0.522508266130591,0.01549183960443732,0.017717366202173616,0.48413897280966767
15,50,50,100,0.5788,0.5075315853931015,0.8140607318296698,0.5273123867816975,0.016710859406435487,0.022526899126479382,0.486404833836858
15,50,100,100,0.5768,0.5072763009774999,0.8120593219495928,0.5299478335005674,0.016936745932368887,0.02457654243226392,0.48942598187311176
15,200,1,100,0.5824,0.4666185588275772,0.8235104940567035,0.5193262200646599,0.027798545174955443,0.02526165096747123,0.4675226586102719
15,200,2,100,0.5852,0.468229863808153,0.824113125667078,0.5182842860157644,0.024153560335613552,0.024321092258182367,0.47129909365558914
15,200,5,100,0.5848,0.4788171502157468,0.8241004185211674,0.5171754797173282,0.01834722509252817,0.023028282505345953,0.47129909365558914
15,200,10,100,0.5848,0.4806053614550299,0.8232785659103372,0.5168171232195087,0.019992324338331306,0.01976024042931866,0.45996978851963743
15,200,20,100,0.584,0.5003875051136659,0.8218241900695414,0.5174961602122194,0.026993131632722253,0.01886391213845627,0.46676737160120846
15,200,50,100,0.5836,0.5076094214536081,0.8187807833974781,0.5210437256628518,0.020102093746373288,0.017699171970152788,0.47507552870090636
15,200,100,100,0.582,0.5096912345725377,0.8158615544832896,0.5248730309626984,0.02485963754484106,0.02267654660434997,0.4826283987915408
15,400,1,100,0.588,0.4691053182908176,0.82543603530125,0.515547624769874,0.014052052366112486,0.02258825220252691,0.45996978851963743
15,400,2,100,0.5864,0.46697086569292845,0.8255836284228953,0.5151312439703706,0.0142296838102116,0.022284349304308046,0.45468277945619334
15,400,5,100,0.5876,0.4708434888984187,0.8255353503773942,0.5146626261618175,0.01434856560735012,0.02099953154553606,0.45770392749244715
15,400,10,100,0.5908,0.4862305170747917,0.8250172416179162,0.514776238386944,0.007893309442368131,0.018094974004472474,0.4622356495468278
15,400,20,100,0.59,0.4981409756201636,0.8238523714941368,0.5156955422799526,0.014983028232220977,0.019299040788700535,0.4622356495468278
15,400,50,100,0.5876,0.5074023222605026,0.8210079328614557,0.5187747796575277,0.015868473484726503,0.017556660024620488,0.4705438066465257
15,400,100,100,0.5816,0.5065288623194546,0.8181085448875626,0.522427603452416,0.021975164559520474,0.02191500135504608,0.479607250755287
16,10,1,20,0.5692,0.44973303541357473,0.806255583312764,0.5741810596670309,0.09635087501838435,0.06708215222512681,0.5015105740181269
16,10,2,20,0.568,0.45615825592746473,0.8077071615720206,0.5608977966730317,0.07691774206651636,0.05733458313610956,0.49773413897280966
16,10,5,20,0.5696,0.45460241512873095,0.8085548602704092,0.5508868840363728,0.05948488906899558,0.047134485076145836,0.5052870090634441
16,10,10,20,0.5696,0.4551033586289588,0.808684916837471,0.5477500736342632,0.04974005186324046,0.0427896696186701,0.5022658610271903
16,10,20,20,0.5684,0.45591619183261023,0.8083163232400337,0.5465280246961326,0.046765865168889635,0.0407740754975764,0.49697885196374625
16,10,50,20,0.5688,0.4565744057024178,0.8079134849728222,0.5460269566839983,0.04331027965708889,0.037232934358556666,0.49697885196374625
16,10,100,20,0.5688,0.4573488272374726,0.8076302234596142,0.545915119344621,0.042496672180322013,0.035956387973638676,0.49924471299093653
16,50,1,10,0.5384,0.4473963134328325,0.8027332917742487,0.5563027386434873,0.062496120163667845,0.05246362272189513,0.5060422960725075
16,50,2,10,0.5448,0.45058501170747345,0.8055473356723479,0.5522803885477325,0.05791653171148137,0.05254205344003733,0.5007552870090635
16,50,5,10,0.5636,0.4595923426779571,0.8098166305817053,0.5464233218111489,0.03382437557746865,0.045191643195669644,0.4811178247734139
16,50,10,10,0.5732,0.46626832994029266,0.8112874151840982,0.5436484636294866,0.022433288474310628,0.04114268193175134,0.48867069486404835
16,50,20,10,0.5728,0.46532218604847064,0.8111974149549084,0.5429713611631006,0.029501476478151347,0.0390090521260092,0.47583081570996977
16,50,50,10,0.5672,0.4565173291000865,0.8097882226578217,0.5437949357371454,0.03803583351849709,0.03592769503719484,0.48564954682779454
16,50,100,10,0.568,0.4559116714035647,0.8087728947156396,0.5445836180323348,0.03968155401354123,0.03603828383213514,0.49395770392749244
16,200,1,50,0.5832,0.4876008566925598,0.8253345660449111,0.5142415788614179,0.015858836383245586,0.02435075212309461,0.46148036253776437
16,200,2,50,0.5828,0.4790916843613197,0.8245943661029046,0.5154214582081058,0.012739434915957346,0.024422537045892773,0.45996978851963743
16,200,5,50,0.582,0.4835028251300731,0.8219690791833306,0.5200588493266194,0.019591645853044442,0.02580431123640909,0.47507552870090636
16,200,10,50,0.5836,0.486486929301572,0.8194726747188265,0.5254177243761753,0.029865223225687656,0.030639350861822477,0.4773413897280967
16,200,20,50,0.5796,0.4834639366827611,0.8165592818748337,0.5307839277371066,0.0164011228886808,0.030836457185094916,0.4811178247734139
16,200,50,50,0.574,0.46458725478064966,0.8133218790387696,0.5366485640431483,0.02205190218359429,0.0337669341282615,0.48564954682779454
16,200,100,50,0.5688,0.45733699673670686,0.8112315379547892,0.5400223862681185,0.031199651834740324,0.03344668788966908,0.48036253776435045
16,400,1,50,0.592,0.4841549309590065,0.8261738543109891,0.5126596990606944,0.017314177094735466,0.016945202530692476,0.45468277945619334
16,400,2,50,0.5912,0.48227966542399975,0.8260026693817478,0.5131116243996381,0.018812775488695328,0.018581937449745744,0.452416918429003
16,400,5,50,0.5864,0.4815998186139255,0.8245262408866691,0.5155977918184537,0.01215703232506183,0.01988152681566906,0.4501510574018127
16,400,10,50,0.5852,0.48770653383602564,0.8222264781373285,0.5198586275853695,0.020855960052873927,0.025105698378689412,0.46827794561933533
16,400,20,50,0.5848,0.4928086439364639,0.8197714322666916,0.5255523960790495,0.019374783074912767,0.02898079559540751,0.472809667673716
16,400,50,50,0.5776,0.478212325745401,0.815735881672691,0.5326347441944163,0.018440288582241313,0.03267410183876924,0.47507552870090636
16,400,100,50,0.5764,0.46874073053583504,0.8134071561986541,0.5367677459323378,0.02353464748611986,0.03415117522969582,0.4788519637462236
17,10,1,100,0.5392,0.423206975659861,0.7829056166790489,0.5787724799268212,0.1028793234174579,0.060694151938851436,0.6170694864048338
17,10,2,100,0.5372,0.42475893636965956,0.7838418473466977,0.5805966115410727,0.10182812857098407,0.06236145697433303,0.5793051359516617
17,10,5,100,0.5348,0.41200472335883565,0.784974199192798,0.5843615519508867,0.10508747026970457,0.06499164319972804,0.5453172205438066
17,10,10,100,0.53,0.407464996695036,0.7864961675668151,0.5865981004529304,0.10701970410627402,0.06874513581612651,0.5151057401812689
17,10,20,100,0.53,0.40753902612136295,0.787285949873147,0.5880410593170939,0.10667739706161102,0.06949997285541351,0.5037764350453172
17,10,50,100,0.528,0.40646953827030674,0.7877462829250224,0.5890563098619279,0.10839811096590178,0.0707939231165571,0.5060422960725075
17,10,100,100,0.5284,0.4067144837523826,0.7878244487100019,0.5894262388104189,0.107880059036681,0.07152872334192895,0.5022658610271903
17,50,1,10,0.556,0.4744983420694336,0.8048623948896625,0.5434436072032893,0.03905941135723346,0.036345619098026846,0.4984894259818731
17,50,2,10,0.568,0.4931078967724647,0.8057091939286725,0.5388008828987649,0.04485162686726748,0.03349115080040621,0.5105740181268882
17,50,5,10,0.552,0.4515525623946521,0.8009627013793716,0.5447908163595128,0.027050134330120996,0.03436492819621284,0.4984894259818731
17,50,10,10,0.542,0.43236552220368685,0.7974858311136391,0.555703210581046,0.05700107991085174,0.04740249475896758,0.48942598187311176
17,50,20,10,0.54,0.42432149221097903,0.794130128183783,0.567325491734431,0.07102257582912977,0.05868175312111777,0.48942598187311176
17,50,50,10,0.5348,0.409156192787427,0.7911166392733369,0.5787617821549782,0.08964833743049536,0.06504824268381432,0.4962235649546828
17,50,100,10,0.5308,0.4072231137610602,0.7897048153605803,0.5838336282367674,0.09940299748234481,0.06939605570933752,0.5
17,200,1,10,0.5732,0.4865058474814573,0.8205980704180599,0.5269496163067248,0.03432531708445134,0.03894002992015549,0.46676737160120846
17,200,2,10,0.5752,0.4828308119219858,0.8202502005925056,0.5259650618093104,0.03502302162660066,0.037124952503971506,0.46827794561933533
17,200,5,10,0.574,0.46996062994281984,0.8179987487509561,0.526797627534094,0.018354775894463573,0.03471359928784336,0.479607250755287
17,200,10,10,0.5684,0.4600434351758345,0.8135807071980602,0.5315567206036858,0.028642226943788873,0.032147989392411244,0.486404833836858
17,200,20,10,0.5596,0.44343978340966295,0.8070308784454376,0.5411633758682372,0.04097001989214831,0.03521298514071894,0.4871601208459215
17,200,50,10,0.5404,0.42745294793260813,0.7992367178368853,0.5583031819364516,0.06701387199435244,0.05443157216754381,0.48564954682779454
17,200,100,10,0.536,0.4119097129527547,0.7949726085152187,0.5701218724365004,0.08239988597657567,0.062062574123103564,0.4947129909365559
17,400,1,10,0.588,0.49261520036408246,0.825369559666464,0.5151174907391419,0.016289360773652544,0.024827212133507706,0.4697885196374622
17,400,2,10,0.5872,0.48616699184382595,0.8251885495422384,0.515776478504446,0.017867176338521532,0.025337278914296376,0.4697885196374622
17,400,5,10,0.5824,0.48005672929564164,0.8228607260243535,0.5187032559989179,0.01788722244046314,0.026383345315151494,0.47658610271903323
17,400,10,10,0.5788,0.4810284598526387,0.8190401889860897,0.5239267783343514,0.011536970611349614,0.026011188813583906,0.48564954682779454
17,400,20,10,0.57,0.4714717577749332,0.8131162625985928,0.5326321462750427,0.014237558184923936,0.032012376006158826,0.48564954682779454
17,400,50,10,0.5468,0.4304702911288883,0.8044650171805087,0.5486341955916682,0.046362013338158134,0.046957271829952095,0.48564954682779454
17,400,100,10,0.5428,0.4291280384106492,0.7988104713330068,0.5615518286800689,0.06939787348631252,0.056432606030955956,0.4871601208459215
18,10,1,2,0.5592,0.49860956083879676,0.8110566741678072,0.5376235538294604,0.0364312741491307,0.03780888436687726,0.4788519637462236
18,10,2,2,0.568,0.4836393105093124,0.815544031642278,0.529305591135099,0.02727397426817173,0.027884954168157235,0.4735649546827795
18,10,5,2,0.564,0.45743046229664797,0.816200642474479,0.5293698848946075,0.0293948656335864,0.028853175338152074,0.48413897280966767
18,10,10,2,0.5612,0.44933741264253846,0.8155880673609877,0.5317578372821464,0.02847476847210751,0.03308783712021306,0.48489425981873113
18,10,20,2,0.56,0.44267915642212174,0.8146295970952167,0.5338357685389781,0.03381038541516919,0.03468830732726762,0.48338368580060426
18,10,50,2,0.564,0.4435755920624802,0.8137786337110688,0.535500854866239,0.03569719287588103,0.03651262187835111,0.48036253776435045
18,10,100,2,0.5616,0.44234291483670685,0.8133300434374228,0.5361472744534049,0.03650079083774317,0.037811483152772093,0.479607250755287
18,50,1,2,0.55,0.4842863468147412,0.8165766325660553,0.5301138469590891,0.05212416441465363,0.03542152770274891,0.4697885196374622
18,50,2,2,0.566,0.48207715146098057,0.818085389676142,0.5253966823625431,0.03909645264270647,0.02749622717313648,0.47507552870090636
18,50,5,2,0.5676,0.4760222579182509,0.818538021314825,0.5240740186637562,0.028537854397988924,0.023455398339040666,0.4773413897280967
18,50,10,2,0.5696,0.47278117588232577,0.8178362500532788,0.5263729062071296,0.024655978997779247,0.024291084121365596,0.4773413897280967
18,50,20,2,0.5644,0.45390745475486793,0.8164676001143157,0.5296819930624863,0.02751933805435858,0.03119448931712609,0.4788519637462236
18,50,50,2,0.5588,0.4486068272536254,0.8148727607779215,0.5332617858833537,0.02912201377868152,0.03415137830087955,0.4826283987915408
18,50,100,2,0.5616,0.44559777976846204,0.8140451844402985,0.5348985880234371,0.032382123906569825,0.03496881540711419,0.4826283987915408
18,200,1,10,0.5736,0.5104417423818673,0.8188637932216447,0.5198388952751691,0.015171964656829264,0.02351813572025621,0.4607250755287009
18,200,2,10,0.5788,0.5105967486333487,0.8198130967384237,0.519028481107518,0.013994990493234199,0.021469632606242364,0.4622356495468278
18,200,5,10,0.5832,0.49982017153438324,0.821486676430592,0.5184821958584789,0.022018332490365968,0.02300196276249275,0.45996978851963743
18,200,10,10,0.5796,0.4883087074147898,0.8220042093487602,0.5194081852297235,0.027673260874181104,0.027888080930837014,0.466012084592145
18,200,20,10,0.5788,0.48302679828097395,0.8215196530130271,0.5219909950631403,0.015124590470694003,0.024925015604401378,0.4697885196374622
18,200,50,10,0.5784,0.480610432012669,0.8193969636099107,0.5270439423746484,0.024770050765501258,0.033176910102826467,0.4735649546827795
18,200,100,10,0.5732,0.4734634148934649,0.8173364681888906,0.5306592264415609,0.030797267280395443,0.03398649155633668,0.47583081570996977
18,400,1,5,0.5868,0.4882106648934743,0.8243316919764645,0.5150448601157366,0.012285587659044871,0.01861924665168713,0.47583081570996977
18,400,2,5,0.5876,0.48874609588474216,0.8246257127561054,0.5150460667106449,0.013936966500183065,0.019212880886184273,0.47129909365558914
18,400,5,5,0.5892,0.49028184818602205,0.8246392772875935,0.5154911535978497,0.015062038506754787,0.020023286992449357,0.4705438066465257
18,400,10,5,0.5884,0.4902922831737157,0.8244932610660722,0.5167387694581852,0.014740667827720766,0.02337614541493416,0.45996978851963743
18,400,20,5,0.5836,0.4838694873937265,0.8233826786426302,0.5192552187164813,0.020013517280657714,0.027906736284947286,0.4637462235649547
18,400,50,5,0.5772,0.4772539276479696,0.8211671872912658,0.5242660126484794,0.020080923302244074,0.03117789643971093,0.4690332326283988
18,400,100,5,0.5772,0.4767737914552388,0.8188867926431692,0.528310914155427,0.029492419877376472,0.03317682560837717,0.472809667673716
19,10,1,5,0.508,0.3988644410757458,0.7823055060498953,0.6117404887419986,0.09953837929335484,0.08774085891393216,0.5490936555891238
19,10,2,5,0.506,0.39736127339255983,0.7863232611540198,0.6130696843825165,0.08636245662496307,0.09351628147099464,0.5037764350453172
19,10,5,5,0.5032,0.39520027981704076,0.7850928998756554,0.621811177607657,0.07501700678848798,0.09264049890558759,0.5022658610271903
19,10,10,5,0.51,0.40895606865720957,0.7835010818617006,0.6282270875429273,0.06544083479306327,0.09584352084246198,0.4954682779456193
19,10,20,5,0.5096,0.40717737348471783,0.7825332566985909,0.632666489383389,0.06352542146165498,0.09853409501106938,0.48338368580060426
19,10,50,5,0.5144,0.41342568687795345,0.7815050101584935,0.6358705424483306,0.06991742055918403,0.10001034264867276,0.48564954682779454
19,10,100,5,0.5144,0.41338847239003995,0.7810877398132107,0.6370387349260321,0.07076952329727414,0.1009006589783855,0.4879154078549849
19,50,1,5,0.5456,0.4715452847723895,0.7970261131461256,0.5616768230597156,0.04443667157449534,0.0560108305665922,0.5037764350453172
19,50,2,5,0.5384,0.4623232621884906,0.7951906465670019,0.5690806175207712,0.047394855082204,0.06266459896161261,0.5143504531722054
19,50,5,5,0.5252,0.4217215452453098,0.7925760386814302,0.5851285579576674,0.044319239097173495,0.0738334920325476,0.5075528700906344
19,50,10,5,0.5156,0.40531882283111487,0.7899346729899147,0.6000004727829198,0.05625951131648887,0.07953502387023595,0.5007552870090635
19,50,20,5,0.5124,0.4157966084366681,0.7870233647052414,0.6136780907688285,0.056642203750274386,0.08845749180239848,0.49697885196374625
19,50,50,5,0.5096,0.41146453896193225,0.7839887163467506,0.6263609784184146,0.06353538365400745,0.09569653457074993,0.48413897280966767
19,50,100,5,0.5124,0.4117848626585549,0.7825207771157873,0.6318615166703565,0.06484852275533677,0.09777339560078921,0.48413897280966767
19,200,1,5,0.5812,0.4774126890186795,0.8204863259607655,0.5182339482828254,0.01677451818898555,0.02166377710485084,0.4622356495468278
19,200,2,5,0.5776,0.47091019988569516,0.8189363726869057,0.5218290329857171,0.016032426171500767,0.027563100466938408,0.46148036253776437
19,200,5,5,0.5668,0.4736361435418597,0.8141087519085697,0.5333011163052856,0.02168915564913247,0.03502898755993202,0.4909365558912387
19,200,10,5,0.5572,0.4583749021218571,0.8077549816488836,0.5484266888702715,0.028005487732503977,0.04893247823086421,0.4826283987915408
19,200,20,5,0.5372,0.4457547570924493,0.8007651401488165,0.5679395210868394,0.02876888665268961,0.061529712300485706,0.48413897280966767
19,200,50,5,0.5216,0.4233622952144555,0.7924225342604667,0.5950486106820296,0.04464465535363066,0.07619567822099534,0.49244712990936557
19,200,100,5,0.5152,0.415898059220042,0.7877478325563978,0.6117710752021922,0.05984428956005675,0.08602050582635833,0.48413897280966767
19,400,1,10,0.5868,0.49689193049615465,0.8259167918774906,0.5120852725119572,0.014522799034528236,0.018425560269479058,0.45392749244712993
19,400,2,10,0.588,0.49873597116354873,0.8256677760776777,0.512324141277937,0.017687644920826546,0.02137253529726886,0.4637462235649547
19,400,5,10,0.5832,0.49288546796820576,0.8239300855049265,0.5165398579551931,0.020739598532792468,0.023049380974790274,0.4652567975830816
19,400,10,10,0.574,0.47725558705291954,0.82017265876666,0.5257419978281627,0.022618447474203055,0.032994977149928634,0.472809667673716
19,400,20,10,0.5636,0.45850848844900716,0.8133742899100632,0.5411574457892138,0.026155370161778106,0.04404957127651747,0.4780966767371601
19,400,50,10,0.5436,0.43655112351977526,0.8011407481005374,0.5685859990399486,0.03315762287511298,0.06241246713112493,0.48413897280966767
19,400,100,10,0.5276,0.42438637746335445,0.7942642567980858,0.5904643992620668,0.04319622285447775,0.07451113344723695,0.48867069486404835
