seed,N,lam,ess,T_viol,acc,macroF1,macroAUC,brier,ece,cwece,far@pd0.9
0,50,0.0,50.0,0.0,0.5548,0.5034809375416472,0.7993854146398545,0.556154894711403,0.07929711350636275,0.047859598041585655,0.5158610271903323
0,50,1.0,50.0,0.0,0.4228,0.14858026426764126,0.6974176550128783,0.6793294064610813,0.025569936369349844,0.06969977616599218,0.6057401812688822
0,200,0.0,50.0,0.0,0.5808,0.5058116868063204,0.8066409888030099,0.5414975396482816,0.05381596546662447,0.03303652870819372,0.5105740181268882
0,200,1.0,50.0,0.0,0.4228,0.14858026426764126,0.7329282347022894,0.6765436747638182,0.02897999103713128,0.066361937228604,0.6095166163141994
1,50,0.0,50.0,0.0,0.5552,0.45806835750747976,0.8060510245723597,0.5450077868426095,0.03736821464668493,0.043432781661228506,0.5128398791540786
1,50,1.0,50.0,0.0,0.4228,0.14858026426764126,0.6997679193404429,0.6588130323226559,0.041348507152144165,0.03505815617196572,0.6306646525679759
1,200,0.0,50.0,0.0,0.56,0.4529516247571215,0.8111074263904814,0.537827085068755,0.0328507699085828,0.039590827710765955,0.486404833836858
1,200,1.0,50.0,0.0,0.4228,0.14858026426764126,0.7473412903857928,0.6580451764035622,0.034276184950562116,0.032694217538553505,0.5823262839879154
2,50,0.0,50.0,0.0,0.478,0.40203498823821016,0.7693886034534873,0.617502507976856,0.08746541517261427,0.0872973562035367,0.49924471299093653
2,50,1.0,50.0,0.0,0.4228,0.14858026426764126,0.7359251845703206,0.6833574578129824,0.01670537086132662,0.07025027714232272,0.6132930513595166
2,200,0.0,50.0,0.0,0.5152,0.43172741968815287,0.7908451246448827,0.5804305265082023,0.02930614032830803,0.0671062513884977,0.48564954682779454
2,200,1.0,50.0,0.0,0.4228,0.14858026426764126,0.7614885234687372,0.6746057025017548,0.025724356779601387,0.060660592214686976,0.5513595166163142
3,50,0.0,50.0,0.0,0.4632,0.35376125450737217,0.7759871098766267,0.6697199733649606,0.11000239856161524,0.12816385314948459,0.45317220543806647
3,50,1.0,50.0,0.0,0.386,0.13924963924963926,0.6521338637529441,0.7120853317254207,0.04621144703818819,0.10837603033066792,0.6419939577039275
3,200,0.0,50.0,0.0,0.5252,0.41694574442739185,0.7959467048671764,0.6067185792434717,0.041385471579434924,0.09415687497254846,0.4486404833836858
3,200,1.0,50.0,0.0,0.386,0.13924963924963926,0.7115726957672323,0.6973180024336413,0.0354638573303,0.09288987052086387,0.7031722054380665
4,50,0.0,50.0,0.0,0.572,0.47503373701484375,0.8129604632672318,0.539213084754831,0.05541397334407529,0.047829004885354985,0.472809667673716
4,50,1.0,50.0,0.0,0.4228,0.14858026426764126,0.730173051722792,0.6548466918279832,0.01182323937781149,0.01550576458785945,0.6027190332326284
4,200,0.0,50.0,0.0,0.574,0.4774433535953264,0.8185201258173087,0.5292990996609162,0.04878792017904147,0.040283561140567706,0.459214501510574
4,200,1.0,50.0,0.0,0.4228,0.14858026426764126,0.7350336109831339,0.655075188524469,0.0030433364108622962,0.015058849254776664,0.6042296072507553
5,50,0.0,50.0,0.0,0.4688,0.35197475016021706,0.7741082342651324,0.6790997249832006,0.16755966570840727,0.13976070318296807,0.466012084592145
5,50,1.0,50.0,0.0,0.4228,0.14858026426764126,0.7099888122144788,0.6964330126332907,0.024957276466060385,0.08815841696464852,0.6268882175226587
5,200,0.0,50.0,0.0,0.4924,0.38826784110347995,0.7924002688500476,0.6249833827285269,0.13590990106986736,0.10932988224685422,0.46299093655589124
5,200,1.0,50.0,0.0,0.4228,0.14858026426764126,0.765429056353162,0.6870502803137637,0.03025033877660077,0.0795643704019215,0.5430513595166163
6,50,0.0,50.0,0.0,0.4588,0.3663055493084477,0.7541333502854468,0.7109282500923633,0.1440372148202609,0.13838502505763814,0.5657099697885196
6,50,1.0,50.0,0.0,0.386,0.13924963924963926,0.7177250519122644,0.687726122747974,0.03429261798377409,0.08140143124983523,0.5921450151057401
6,200,0.0,50.0,0.0,0.4844,0.38799267683033334,0.7687332198774606,0.6653835467582395,0.11401827461772529,0.11402269613513902,0.5422960725075529
6,200,1.0,50.0,0.0,0.386,0.13924963924963926,0.7563803706471042,0.6782644290373978,0.0315167638869856,0.07049893573206784,0.5604229607250756
7,50,0.0,50.0,0.0,0.5504,0.4546423138961072,0.8039224061964056,0.5464351480881771,0.06163336753078443,0.040641301724196194,0.5113293051359517
7,50,1.0,50.0,0.0,0.386,0.13924963924963926,0.6977499559781402,0.6649463808488937,0.0028840514723251776,0.039306501985013925,0.6034743202416919
7,200,0.0,50.0,0.0,0.5688,0.4800129427084377,0.8117421199730664,0.5342833262509623,0.04033981210536014,0.03276917979928545,0.4947129909365559
7,200,1.0,50.0,0.0,0.386,0.13924963924963926,0.7652471999693575,0.6642951882599393,0.002580100027744503,0.03732844090326006,0.5898791540785498
8,50,0.0,50.0,0.0,0.468,0.3471782828913013,0.7487192831219438,0.683994465373002,0.13975246271468714,0.12730535179253283,0.5687311178247734
8,50,1.0,50.0,0.0,0.4228,0.14858026426764126,0.7190996922305088,0.7013305419381737,0.014888071462917096,0.09049266743697967,0.5929003021148036
8,200,0.0,50.0,0.0,0.4976,0.3898154783124721,0.7774428993607556,0.6208364325736162,0.08623641217507669,0.09383586041460278,0.5468277945619335
8,200,1.0,50.0,0.0,0.4228,0.14858026426764126,0.7269334593675576,0.6893887367996182,0.01247223696036398,0.07749898037951361,0.6555891238670695
9,50,0.0,50.0,0.0,0.5816,0.49395331558566274,0.8167086747664274,0.5231957351084223,0.032332914084357095,0.025894053661486525,0.466012084592145
9,50,1.0,50.0,0.0,0.4228,0.14858026426764126,0.7205324526535968,0.6564314088539759,0.020366307165368136,0.02353141472760638,0.5929003021148036
9,200,0.0,50.0,0.0,0.5788,0.48562821658277394,0.8199025646044354,0.5203010955317979,0.03144776014208607,0.0253281076596873,0.4652567975830816
9,200,1.0,50.0,0.0,0.4228,0.14858026426764126,0.7485753429135121,0.6551902444450205,0.009798033968352882,0.017291751210861513,0.5853474320241692
10,50,0.0,50.0,0.0,0.4844,0.37069588338369797,0.7802443542762009,0.6627950471725653,0.1827373029597514,0.12966134261296094,0.5128398791540786
10,50,1.0,50.0,0.0,0.4228,0.14858026426764126,0.7209183289921218,0.6914351502366088,0.026995150009332225,0.08412874928542381,0.6034743202416919
10,200,0.0,50.0,0.0,0.5108,0.4054668841085807,0.7919449685639723,0.6168412756428783,0.13341238151906823,0.10196789062034803,0.49244712990936557
10,200,1.0,50.0,0.0,0.4228,0.14858026426764126,0.7372724914392115,0.6822640723421451,0.02293366726462892,0.0733673886483194,0.6714501510574018
11,50,0.0,50.0,0.0,0.5096,0.4372532109466091,0.7875416952558745,0.5803332209152412,0.0673815892250609,0.06856332204306516,0.5596676737160121
11,50,1.0,50.0,0.0,0.386,0.13924963924963926,0.7095020839007231,0.6797465676186151,0.03104215107114544,0.06384633035767037,0.6140483383685801
11,200,0.0,50.0,0.0,0.522,0.45394265544981927,0.7944961092265413,0.565843929818964,0.05104147220135042,0.05810753432142548,0.527190332326284
11,200,1.0,50.0,0.0,0.386,0.13924963924963926,0.7582431451085576,0.6732182368767943,0.023990231751856328,0.05574889941600121,0.5415407854984894
12,50,0.0,50.0,0.0,0.472,0.36592599218034616,0.7634294046299308,0.6827048692836339,0.1858155827674236,0.12847975448124999,0.5830815709969789
12,50,1.0,50.0,0.0,0.4228,0.14858026426764126,0.7238793692134697,0.6552503909039522,0.02150795551262985,0.01924059460317241,0.7016616314199395
12,200,0.0,50.0,0.0,0.5068,0.393349744931163,0.7812544398719072,0.6286933187133351,0.12176558233573402,0.0982281619189373,0.5294561933534743
12,200,1.0,50.0,0.0,0.4228,0.14858026426764126,0.7533330888201304,0.6555432766020266,0.018956240824158477,0.02130051551382796,0.5362537764350453
13,50,0.0,50.0,0.0,0.5424,0.4513490990171817,0.7945433930785316,0.573807543609309,0.04043547469117508,0.06566863816395961,0.5120845921450151
13,50,1.0,50.0,0.0,0.4228,0.14858026426764126,0.7374846484468798,0.6781852018040818,0.010737141960893148,0.06496354132127272,0.6148036253776435
13,200,0.0,50.0,0.0,0.5592,0.4638212370902389,0.8064834519951516,0.552016737417991,0.03711362822147759,0.052126009937300585,0.5037764350453172
13,200,1.0,50.0,0.0,0.4228,0.14858026426764126,0.728232397259752,0.6728645055132642,0.013438436125959186,0.05726932694309677,0.6148036253776435
14,50,0.0,50.0,0.0,0.574,0.5075490563017085,0.8051452875026767,0.5456770464096873,0.05238465936562584,0.038892446843333435,0.4780966767371601
14,50,1.0,50.0,0.0,0.4228,0.14858026426764126,0.7245872469461159,0.6560029990390482,0.027389794936316325,0.02375218516569364,0.6412386706948641
14,200,0.0,50.0,0.0,0.5808,0.5045024440024466,0.8139198393700341,0.530296936414873,0.040145041880771,0.02930834243708121,0.47129909365558914
14,200,1.0,50.0,0.0,0.4228,0.14858026426764126,0.7430095430246737,0.6553948949919246,0.0167388566881711,0.020197089678636097,0.5996978851963746
15,50,0.0,50.0,0.0,0.5788,0.5075315853931015,0.8140607318296698,0.5273123867816975,0.016710859406435487,0.022526899126479382,0.486404833836858
15,50,1.0,50.0,0.0,0.4228,0.14858026426764126,0.6972623052060873,0.6581142744953148,0.006397008690118222,0.02562904047982381,0.627643504531722
15,200,0.0,50.0,0.0,0.5836,0.5076094214536081,0.8187807833974781,0.5210437256628518,0.020102093746373288,0.017699171970152788,0.47507552870090636
15,200,1.0,50.0,0.0,0.4228,0.14858026426764126,0.7276671280002835,0.6564217354877555,0.006818426865099647,0.02076055665309903,0.6132930513595166
16,50,0.0,50.0,0.0,0.5672,0.4565173291000865,0.8097882226578217,0.5437949357371454,0.03803583351849709,0.03592769503719484,0.48564954682779454
16,50,1.0,50.0,0.0,0.386,0.13924963924963926,0.6328952597297648,0.6675476000901163,0.02536052934230748,0.05144070763755717,0.7129909365558912
16,200,0.0,50.0,0.0,0.574,0.46458725478064966,0.8133218790387696,0.5366485640431483,0.02205190218359429,0.0337669341282615,0.48564954682779454
16,200,1.0,50.0,0.0,0.386,0.13924963924963926,0.7565861265751622,0.6641450270089122,0.021990564430415083,0.04371524791878634,0.5687311178247734
17,50,0.0,50.0,0.0,0.5348,0.409156192787427,0.7911166392733369,0.5787617821549782,0.08964833743049536,0.06504824268381432,0.4962235649546828
17,50,1.0,50.0,0.0,0.386,0.13924963924963926,0.6923880457578431,0.669483239215842,0.024505247059418256,0.0549537521540068,0.5966767371601208
17,200,0.0,50.0,0.0,0.5404,0.42745294793260813,0.7992367178368853,0.5583031819364516,0.06701387199435244,0.05443157216754381,0.48564954682779454
17,200,1.0,50.0,0.0,0.386,0.13924963924963926,0.7569133411477851,0.6636068793412121,0.009431752575755847,0.041745928552947814,0.5891238670694864
18,50,0.0,50.0,0.0,0.5588,0.4486068272536254,0.8148727607779215,0.5332617858833537,0.02912201377868152,0.03415137830087955,0.4826283987915408
18,50,1.0,50.0,0.0,0.386,0.13924963924963926,0.6950331794140528,0.6624831670944603,0.0071489112870058436,0.03583673916545136,0.6087613293051359
18,200,0.0,50.0,0.0,0.5784,0.480610432012669,0.8193969636099107,0.5270439423746484,0.024770050765501258,0.033176910102826467,0.4735649546827795
18,200,1.0,50.0,0.0,0.386,0.13924963924963926,0.7254279120203382,0.6614309299857224,0.00717495370678134,0.0334235315438146,0.5845921450151057
19,50,0.0,50.0,0.0,0.5096,0.41146453896193225,0.7839887163467506,0.6263609784184146,0.06353538365400745,0.09569653457074993,0.48413897280966767
19,50,1.0,50.0,0.0,0.386,0.13924963924963926,0.6328355933689713,0.6974642281360994,0.027955953666451927,0.0904879544544262,0.6586102719033232
19,200,0.0,50.0,0.0,0.5216,0.4233622952144555,0.7924225342604667,0.5950486106820296,0.04464465535363066,0.07619567822099534,0.49244712990936557
19,200,1.0,50.0,0.0,0.386,0.13924963924963926,0.761552558815964,0.6864530714747713,0.025175239949752348,0.07835851417871077,0.5641993957703928
