severity,seed,fusion,rho,acc,macroAUC,ece,brier,cwece,acc_adv,ece_adv,auc_adv
0.0,0,naive-CI,-0.0039411142660903545,0.5792,0.8145029714716664,0.017007780479089397,0.523260256195761,0.020478753195327368,0.5907553551296505,0.027208969969662045,0.8218753766788387
0.0,0,W-observed,-0.0039411142660903545,0.5788,0.8135976742438429,0.02330292133662161,0.524487153906848,0.02135048535589504,0.5918827508455468,0.024419012348995163,0.8206550136055317
0.0,0,W-latent,-0.0039411142660903545,0.5788,0.814541524610546,0.017306428967582107,0.5233472281615139,0.02021785692696058,0.5907553551296505,0.030534637006035977,0.821803117153636
0.0,0,W-noisy,-0.0039411142660903545,0.578,0.8139786168449543,0.022949615832774196,0.5238999621558751,0.02078260895251533,0.5952649379932357,0.024678783228318277,0.8219473115131906
0.0,1,naive-CI,-0.003477296988212466,0.5804,0.8094463289033365,0.02031611293861273,0.528055981654917,0.020036725329879355,0.5712707182320442,0.03356730669205802,0.805393162165091
0.0,1,W-observed,-0.003477296988212466,0.5828,0.8091587599472809,0.020400830893643716,0.5282889634978221,0.021021582673412805,0.5767955801104973,0.041074852295001324,0.8042278203223211
0.0,1,W-latent,-0.003477296988212466,0.5792,0.8094978765042469,0.018084557009748307,0.5279422247002845,0.01953866372723452,0.5679558011049723,0.03051286270457691,0.8053870725971224
0.0,1,W-noisy,-0.003477296988212466,0.5808,0.8093985836080921,0.01908847558488221,0.5281357362317453,0.020457860392611257,0.574585635359116,0.037835299484738176,0.8044353837401423
0.0,2,naive-CI,0.04613733860388031,0.5708,0.8169831573910703,0.0251800370693358,0.528164447739287,0.035522034635908584,0.5712694877505567,0.041874486611591426,0.8166411700306532
0.0,2,W-observed,0.04613733860388031,0.572,0.8168450370225904,0.027910135491775803,0.5281832513992305,0.036031675054996624,0.576837416481069,0.04088342738295965,0.8165436679205598
0.0,2,W-latent,0.04613733860388031,0.5708,0.8169658666184305,0.025139033329292314,0.5281975784054964,0.03576646878193232,0.5712694877505567,0.043731024475868366,0.8165884391166709
0.0,2,W-noisy,0.04613733860388031,0.5716,0.8166522605284274,0.02678015047086693,0.528508318256032,0.03672464928857045,0.5746102449888641,0.04588649629794807,0.8164516530471213
0.0,3,naive-CI,0.031727931616039394,0.5852,0.8219601632992762,0.030299440714737478,0.5283955256317681,0.03722757586991164,0.5686274509803921,0.05238176630265144,0.8183861655156964
0.0,3,W-observed,0.031727931616039394,0.5824,0.8204800097261788,0.036222655816241,0.5301971261208799,0.03696221244268341,0.5651672433679354,0.046749241339426,0.8156081251147624
0.0,3,W-latent,0.031727931616039394,0.5848,0.8220005357214897,0.03135045801196426,0.5283734027575651,0.03615956700852429,0.5686274509803921,0.05479395132953537,0.8184159723257842
0.0,3,W-noisy,0.031727931616039394,0.5848,0.8209095820817802,0.036212402034342984,0.5297332805667173,0.037237494786851,0.5674740484429066,0.04166227762077249,0.8168324284824777
0.0,4,naive-CI,0.016806313133806764,0.5908,0.8261953218213258,0.02408094065348974,0.5170096011720483,0.0209892662947558,0.5806805708013172,0.041784813372013514,0.8292115955516937
0.0,4,W-observed,0.016806313133806764,0.5892,0.8250462563376705,0.02318797837735664,0.518521405302964,0.02241339611486943,0.5784851811196488,0.04867995447752051,0.8278058330091372
0.0,4,W-latent,0.016806313133806764,0.59,0.8260225438120232,0.024372406705198406,0.5169931700511156,0.02032793507536928,0.5817782656421515,0.04074185389305353,0.8292635091229332
0.0,4,W-noisy,0.016806313133806764,0.5884,0.8253096385742034,0.02541992338114432,0.5180912575565623,0.021845244521043142,0.5817782656421515,0.04783898326993585,0.8285301323367618
0.0,5,naive-CI,0.04430503559013139,0.5792,0.8183435364576521,0.032931735331268946,0.5324762334480176,0.04113878213009352,0.5685005393743258,0.04464226008354046,0.816976055977965
0.0,5,W-observed,0.04430503559013139,0.5776,0.8177358017776226,0.03191488095462891,0.5332760269356772,0.041170702040737965,0.5631067961165048,0.02904597881486649,0.8147538770976345
0.0,5,W-latent,0.04430503559013139,0.5792,0.8180696401512446,0.03321529058911781,0.5325838997472075,0.04078320815569837,0.5685005393743258,0.03878309243768503,0.8166210791237444
0.0,5,W-noisy,0.04430503559013139,0.5776,0.8177613447772345,0.030879026324614662,0.5330167182643685,0.04099044120111845,0.5620280474649406,0.037817311365661396,0.8155387863977978
0.0,6,naive-CI,0.041066032066040564,0.5544,0.8002320264427654,0.03065527360463566,0.5501582355620002,0.03397884326804696,0.5478723404255319,0.03706679508318896,0.8005116064564941
0.0,6,W-observed,0.041066032066040564,0.5556,0.7998643276708983,0.026496034034690027,0.5507016000100138,0.03507898467419085,0.5531914893617021,0.04582781155057492,0.8010988383887256
0.0,6,W-latent,0.041066032066040564,0.5544,0.8001420835997191,0.02986954475159775,0.5502300148488244,0.03424135448292081,0.548936170212766,0.03562646077242077,0.8004217342108535
0.0,6,W-noisy,0.041066032066040564,0.554,0.7996108499437717,0.028528175156861034,0.5509434574961423,0.03546583961832417,0.55,0.044714647110685485,0.8005927005661372
0.0,7,naive-CI,-0.004567809388006189,0.5984,0.8219380366025939,0.021112453082006634,0.5165394453617418,0.02494404275608544,0.5923076923076923,0.03010879982691877,0.8228664191596503
0.0,7,W-observed,-0.004567809388006189,0.5984,0.8213258311406773,0.02022107804970011,0.5169438055196215,0.023679387983854015,0.5934065934065934,0.03246421461893277,0.8229193419135747
0.0,7,W-latent,-0.004567809388006189,0.598,0.821903535383754,0.02041888119478045,0.5166173067068457,0.024707350904519674,0.5912087912087912,0.032870364538982975,0.8229193603138922
0.0,7,W-noisy,-0.004567809388006189,0.5972,0.8212783910133289,0.021668547752851052,0.5171844712860391,0.024490857612092937,0.5901098901098901,0.0336382076096475,0.8226478081222119
0.0,8,naive-CI,0.021268816243435743,0.5944,0.8233289770142023,0.025737000048676885,0.521504228530384,0.025361158146635563,0.5926773455377574,0.025456822524900585,0.8291198187605439
0.0,8,W-observed,0.021268816243435743,0.5936,0.8233460226454861,0.028884246678377874,0.5213763120097648,0.027691374467757043,0.5961098398169337,0.024870886162040095,0.8291284509562747
0.0,8,W-latent,0.021268816243435743,0.594,0.823236621655751,0.025715443819447917,0.5216720828515596,0.025169819164873763,0.5938215102974829,0.025526595080799994,0.8289815069262056
0.0,8,W-noisy,0.021268816243435743,0.5936,0.8234236729987967,0.02747552002742112,0.5213199156216954,0.025882423154039585,0.5949656750572082,0.023195643160158038,0.8292920370751131
0.0,9,naive-CI,0.0029081530433539143,0.5828,0.8191985832178458,0.02362739715420548,0.5214850090760556,0.022046802456369453,0.563573883161512,0.027173988237505206,0.8149364814698621
0.0,9,W-observed,0.0029081530433539143,0.5844,0.8193910834844691,0.02333759772259177,0.5214384511043079,0.022117249568688248,0.565864833906071,0.025482705959451638,0.8156058204716633
0.0,9,W-latent,0.0029081530433539143,0.5828,0.8191230395825535,0.027888975252216303,0.5216545784274776,0.022810825509200366,0.5624284077892325,0.02832794131395429,0.8147175883182316
0.0,9,W-noisy,0.0029081530433539143,0.5844,0.8191611283696932,0.025971475928229196,0.5216533929311461,0.022505589994900967,0.565864833906071,0.02539440857343683,0.8150227493219594
0.0,10,naive-CI,-0.002770601035899841,0.5812,0.8194197673507964,0.029569558838732492,0.529463408712415,0.030672582799247568,0.5982436882546652,0.030495547275169854,0.8315838129695399
0.0,10,W-observed,-0.002770601035899841,0.5776,0.8186437299099487,0.03298938528932298,0.5301128286241982,0.030380306478989358,0.5916575192096597,0.03028447976746138,0.82939069830077
0.0,10,W-latent,-0.002770601035899841,0.5812,0.8192800046172568,0.028888281875288056,0.529538777725648,0.031007665384575517,0.5982436882546652,0.030764858845317326,0.8314862628168408
0.0,10,W-noisy,-0.002770601035899841,0.5796,0.8187309956984151,0.03078831386722405,0.5300825976573963,0.030347573331311228,0.5971459934138309,0.02796116127102178,0.8300710453717516
0.0,11,naive-CI,0.0018634810716699202,0.5792,0.8160990845791264,0.01692652369278837,0.5290331422521782,0.031041467341926848,0.5500562429696289,0.029888041946065966,0.8012284713576443
0.0,11,W-observed,0.0018634810716699202,0.578,0.815841288443606,0.013697683667770605,0.5302675113377882,0.030604510505270542,0.5511811023622047,0.03287448427929001,0.7989332228130298
0.0,11,W-latent,0.0018634810716699202,0.5796,0.816121802834886,0.016101802246539686,0.5290979455824871,0.030846673581359976,0.5489313835770528,0.03458635193204117,0.8012342052623805
0.0,11,W-noisy,0.0018634810716699202,0.5772,0.8163482576147503,0.013401660072000263,0.5293965774070921,0.030710268422297245,0.5500562429696289,0.02828878000625098,0.7998091547550301
0.0,12,naive-CI,0.013534631733867314,0.584,0.8174330701292954,0.0226041020844926,0.523155210776529,0.024530596044758195,0.5995623632385121,0.0324525368156147,0.8241558619394875
0.0,12,W-observed,0.013534631733867314,0.5832,0.8176977234073513,0.01867138328429508,0.5227515514000196,0.022332884194993862,0.5973741794310722,0.02860774804812307,0.8246985443303849
0.0,12,W-latent,0.013534631733867314,0.5836,0.8174411870828058,0.022740173057375326,0.5231348068863041,0.023752671004640985,0.5995623632385121,0.03323775083819734,0.8241958638673006
0.0,12,W-noisy,0.013534631733867314,0.5824,0.817231900845866,0.020662962364369264,0.5233832545128698,0.024147213152144572,0.5973741794310722,0.02913786633967392,0.8242273569581424
0.0,13,naive-CI,0.03713141795543976,0.564,0.8131261505183192,0.04906437798196654,0.5397293290928173,0.03225780493999564,0.5495391705069125,0.06583952170593771,0.8139487400013963
0.0,13,W-observed,0.03713141795543976,0.5652,0.8125468977210943,0.04947096705732437,0.5404673121707004,0.03365298012225201,0.5668202764976958,0.05240397839100612,0.8158640449212659
0.0,13,W-latent,0.03713141795543976,0.5636,0.8128497667594619,0.049810812074834836,0.5399684108935353,0.03285842560886736,0.5495391705069125,0.0654369043020337,0.8135395716915957
0.0,13,W-noisy,0.03713141795543976,0.5664,0.812971781781953,0.04766591674011836,0.5399227906373785,0.032676580333626234,0.5622119815668203,0.05164388318378101,0.8150018322597661
0.0,14,naive-CI,0.031043988792686012,0.588,0.8276197199125184,0.02506404418811915,0.5172650848728078,0.029877005331072674,0.5814220183486238,0.03278707007556035,0.8239254090609768
0.0,14,W-observed,0.031043988792686012,0.592,0.825983001464233,0.030825530915944338,0.5184512097515359,0.030864234747077286,0.5860091743119266,0.03840791147640563,0.8219725276080136
0.0,14,W-latent,0.031043988792686012,0.588,0.8275915312461961,0.03197183968811667,0.5172994239200399,0.03218329573476815,0.5802752293577982,0.03313726858947775,0.8240321274890103
0.0,14,W-noisy,0.031043988792686012,0.5916,0.8274808816940771,0.025617504386847272,0.5168250172053273,0.029066698936736423,0.588302752293578,0.023982056336225327,0.8247506876109236
0.0,15,naive-CI,0.02263517434792754,0.5964,0.8265302481642722,0.02308289944947113,0.5187992084432639,0.03358746493259413,0.608352144469526,0.02450517499495722,0.8389325031302528
0.0,15,W-observed,0.02263517434792754,0.59,0.8259106830175629,0.03005452924901115,0.5194119303812426,0.03400021890862744,0.600451467268623,0.02766681085553415,0.8376810033058162
0.0,15,W-latent,0.02263517434792754,0.5952,0.826439953883465,0.023584931351986926,0.5189125570833423,0.03327160487930172,0.6106094808126411,0.028217750322518408,0.8388092834770877
0.0,15,W-noisy,0.02263517434792754,0.592,0.8260913147961653,0.03122593816687734,0.5191199023256676,0.03445292329570264,0.6027088036117382,0.02996618006739626,0.8381647460825503
0.0,16,naive-CI,0.02148867893249548,0.5876,0.8182337445814808,0.03797576281446759,0.5263172111294958,0.027139145817956976,0.6018957345971564,0.05182282566504343,0.8142769491914508
0.0,16,W-observed,0.02148867893249548,0.5864,0.8172539921389033,0.04021797419184413,0.5280178302285716,0.02801847257391186,0.5995260663507109,0.05247002303647222,0.8149392608843171
0.0,16,W-latent,0.02148867893249548,0.5868,0.8182443547761338,0.03610414228912733,0.5263257340845452,0.027725195782327662,0.6007109004739336,0.04994245487927789,0.8142950227703123
0.0,16,W-noisy,0.02148867893249548,0.5884,0.8177304288350135,0.041003440703685855,0.5272216104815627,0.027767476836350325,0.6030805687203792,0.058242769652591335,0.8146358823314664
0.0,17,naive-CI,0.03490226713164194,0.58,0.8183124143247652,0.018293875831916988,0.528269968970749,0.030209322385013008,0.5707762557077626,0.035629572000380784,0.8113852145028384
0.0,17,W-observed,0.03490226713164194,0.5804,0.8178590715619065,0.022041589650039925,0.5289987706516751,0.031046653962818388,0.5684931506849316,0.046210557735354554,0.80954712277388
0.0,17,W-latent,0.03490226713164194,0.58,0.8181408231422562,0.019312661279264193,0.5284349027881053,0.029929179552143928,0.5707762557077626,0.03496473887789156,0.8110899515015211
0.0,17,W-noisy,0.03490226713164194,0.5804,0.8179633632211862,0.016128925715486353,0.528819207182082,0.02956285289796318,0.5684931506849316,0.03223679678430977,0.8103208326755619
0.0,18,naive-CI,-0.010346582668701173,0.586,0.8215328643316335,0.0275594769005598,0.5174574341477932,0.022646040301334727,0.6073113207547169,0.03500236019252227,0.8306776002832923
0.0,18,W-observed,-0.010346582668701173,0.5864,0.8213933053711722,0.025845468190617664,0.5175224123493083,0.02154010718992684,0.6061320754716981,0.03985360100009869,0.8304019949016833
0.0,18,W-latent,-0.010346582668701173,0.586,0.8215985422622571,0.02782999187406542,0.5173743376588412,0.022136118063386178,0.6061320754716981,0.042739987593374974,0.8307331516659531
0.0,18,W-noisy,-0.010346582668701173,0.5868,0.8215644272799552,0.02646526208664186,0.5172466381579011,0.022444404373084613,0.6073113207547169,0.04031594031678618,0.8305733188994648
0.0,19,naive-CI,0.02945799874422936,0.578,0.8168834210146261,0.035108178832241946,0.5221080194105107,0.024608771852767296,0.561030235162374,0.040047790706998286,0.8081382619399168
0.0,19,W-observed,0.02945799874422936,0.5776,0.8161790675184281,0.027945972545368902,0.5226519806349037,0.02359626261990684,0.5666293393057111,0.03862127645158928,0.8075310757282064
0.0,19,W-latent,0.02945799874422936,0.578,0.8169109141577033,0.034908754867294896,0.5221992787257089,0.025006028810844287,0.561030235162374,0.03948498355216599,0.8081491895141502
0.0,19,W-noisy,0.02945799874422936,0.578,0.8162630576399044,0.025298432348293754,0.5227467139345446,0.02309232537453288,0.5643896976483762,0.028768639704562882,0.8072422066234257
0.25,0,naive-CI,0.022259327777780318,0.5796,0.8126353035719472,0.01799406148705978,0.5252570168445475,0.019060508025157456,0.5952649379932357,0.028618153171763555,0.8170739084176807
0.25,0,W-observed,0.022259327777780318,0.5804,0.812051984575725,0.02890532541315127,0.5261427584319085,0.02122573432405411,0.5986471251409244,0.03369133943330637,0.8160426602580377
0.25,0,W-latent,0.022259327777780318,0.578,0.8123500482697912,0.01520208400593768,0.5255329808671024,0.019545288669499134,0.5918827508455468,0.021727948049193372,0.816683878848407
0.25,0,W-noisy,0.022259327777780318,0.5808,0.8123281218609617,0.026915926868170997,0.5256074613110906,0.020888920488468396,0.6009019165727171,0.03253185931299109,0.817682689652796
0.25,1,naive-CI,0.02310164703155951,0.5732,0.8059390637422583,0.02181634248595996,0.5321004356818165,0.019448200765239627,0.5502762430939226,0.04728493373112467,0.7952612689041325
0.25,1,W-observed,0.02310164703155951,0.5772,0.8064942711571269,0.021659549621278817,0.5313865181001552,0.02063388569931514,0.5624309392265193,0.03614017672076205,0.7972068033837175
0.25,1,W-latent,0.02310164703155951,0.5744,0.8059507253381528,0.01977516470576956,0.5320672221040285,0.01849019823146462,0.5558011049723757,0.04080679009221144,0.7954294548573013
0.25,1,W-noisy,0.02310164703155951,0.5776,0.8066380715757563,0.019783675007330418,0.5313320677328928,0.019878313826905802,0.5613259668508287,0.036383748716410313,0.7970251643121424
0.25,2,naive-CI,0.0562842330448091,0.5624,0.8111342756922391,0.02896685051471266,0.5366188637309933,0.034776860983031496,0.5489977728285078,0.06342465305915124,0.8025971746170498
0.25,2,W-observed,0.0562842330448091,0.5624,0.8112725477525,0.03306340232459592,0.5361871610658349,0.036094235420846714,0.5512249443207127,0.06115441248293747,0.8015181909601947
0.25,2,W-latent,0.0562842330448091,0.5624,0.8111225790995233,0.0281200648810511,0.5366429267705758,0.035100006982515614,0.5489977728285078,0.06255669889081891,0.8025147714688226
0.25,2,W-noisy,0.0562842330448091,0.562,0.8112137991902244,0.032018605747785284,0.5363276451958969,0.036043442407680565,0.5489977728285078,0.06264930752617306,0.801801926802651
0.25,3,naive-CI,0.04915746261109898,0.5792,0.8166850931527249,0.03896036989972329,0.5348582233776921,0.038218660688235116,0.5501730103806228,0.06343466032725179,0.8076080841367979
0.25,3,W-observed,0.04915746261109898,0.5732,0.816439594528909,0.041856088634869365,0.5353729748658778,0.038673473862385,0.5420991926182238,0.06070548513295464,0.805845811051351
0.25,3,W-latent,0.04915746261109898,0.5808,0.8167570186180995,0.040119457432513085,0.5348195431230042,0.03857808457870223,0.552479815455594,0.06213812069170917,0.8075611988396331
0.25,3,W-noisy,0.04915746261109898,0.5784,0.8167803554006894,0.037730937037387655,0.534942280060225,0.038565846887997496,0.5501730103806228,0.05190165881162498,0.8069592662621177
0.25,4,naive-CI,0.022590971337802048,0.594,0.8227366170520517,0.01645077178270468,0.5210055218583838,0.021563255085401876,0.5861690450054885,0.029136692065415457,0.8199153418525309
0.25,4,W-observed,0.022590971337802048,0.59,0.821997806257805,0.019021995688844492,0.5221361790901188,0.021701004380844702,0.5806805708013172,0.038861974675552004,0.8192312482568828
0.25,4,W-latent,0.022590971337802048,0.5932,0.8222179352842889,0.015794868880048742,0.5214600683861202,0.021340152693497434,0.5861690450054885,0.028886431219585486,0.8194361635064142
0.25,4,W-noisy,0.022590971337802048,0.5892,0.8216379330763515,0.01938135591236457,0.5221418548383381,0.019957702405517825,0.579582875960483,0.028675389314439005,0.8186992165895532
0.25,5,naive-CI,0.060402330070459004,0.5756,0.814525847168299,0.04389560938063908,0.5368635124391283,0.04268212548699518,0.5512405609492989,0.06889023978471613,0.8066134835354755
0.25,5,W-observed,0.060402330070459004,0.5732,0.8145592834048792,0.04112772880691623,0.5368433437027202,0.04244161796961094,0.5501618122977346,0.06500466206395715,0.8051488272013407
0.25,5,W-latent,0.060402330070459004,0.5756,0.8140005459747294,0.044459299685557015,0.53697002404278,0.0426052230433422,0.5512405609492989,0.0684881526199316,0.8056531627221064
0.25,5,W-noisy,0.060402330070459004,0.5732,0.8143205199382901,0.041344853562861106,0.5368208992794132,0.04209353399864622,0.5490830636461704,0.06669364331086367,0.8059134817279676
0.25,6,naive-CI,0.042453539411571005,0.5508,0.7976337823189446,0.03348242906403485,0.5530445962659062,0.03455082772839047,0.5361702127659574,0.047951500478112856,0.7935158947168902
0.25,6,W-observed,0.042453539411571005,0.5512,0.7980788892111939,0.036842213985909006,0.5526304631313684,0.03656494109807029,0.5425531914893617,0.03683168514536284,0.7960634100542316
0.25,6,W-latent,0.042453539411571005,0.5508,0.7972935610211951,0.03260513209150514,0.553303556461066,0.034562902901755614,0.5372340425531915,0.04739504299273158,0.7929368596331031
0.25,6,W-noisy,0.042453539411571005,0.5508,0.7974433328562147,0.03361514203211582,0.5531867712761191,0.03679786559478265,0.5425531914893617,0.04431360722443323,0.7954779644463807
0.25,7,naive-CI,0.02660577124139112,0.5952,0.8167956475159568,0.021415746306164076,0.5224119850277974,0.02505726817070679,0.5835164835164836,0.035724887313804764,0.8117855368095688
0.25,7,W-observed,0.02660577124139112,0.5924,0.8168972213652519,0.017198837160959553,0.5221985739525902,0.02496204460879417,0.5791208791208792,0.029350279065428864,0.8122645765562477
0.25,7,W-latent,0.02660577124139112,0.5956,0.8168140869167066,0.021959375436214512,0.5224121194340627,0.024831351103253227,0.5835164835164836,0.03625114834132731,0.8118361503251864
0.25,7,W-noisy,0.02660577124139112,0.5936,0.8168505378923892,0.019874104523617372,0.522214788620544,0.02435355976161018,0.5824175824175825,0.03290789470029827,0.8123781072219105
0.25,8,naive-CI,0.04297201844066948,0.5912,0.8198253727851563,0.028358722108444992,0.5261481484536563,0.028038835875253763,0.5835240274599542,0.03302165809661804,0.8194251272788113
0.25,8,W-observed,0.04297201844066948,0.5888,0.8196821432129301,0.030289524096323187,0.5263822557631469,0.0252117592582186,0.5812356979405034,0.0335252318299404,0.818278064173428
0.25,8,W-latent,0.04297201844066948,0.5908,0.8198236533369152,0.028551988659905776,0.5262380388641291,0.027102664308378422,0.5835240274599542,0.03304177639143039,0.8192556051632313
0.25,8,W-noisy,0.04297201844066948,0.5884,0.819821044447957,0.03021346979626893,0.5263258929927946,0.025664869738435327,0.5812356979405034,0.036962382363476355,0.81841616669842
0.25,9,naive-CI,0.01739361670933323,0.5812,0.8154616900689033,0.017041658455121136,0.5263083386983961,0.020759970497205224,0.5509736540664376,0.03693075129425221,0.8068730277173506
0.25,9,W-observed,0.01739361670933323,0.5812,0.8171689144592467,0.013327179847607146,0.5251283333220659,0.023189905789525952,0.5578465063001146,0.045288999835713925,0.8085214578607913
0.25,9,W-latent,0.01739361670933323,0.5796,0.8153945242538769,0.01975808218293501,0.5265944908924288,0.021666348198495066,0.5509736540664376,0.03578837895318379,0.8065922109947982
0.25,9,W-noisy,0.01739361670933323,0.5824,0.8166518733330141,0.017382578843576243,0.5256188191841524,0.02151240213531254,0.5589919816723941,0.03213895866767226,0.8081594517625329
0.25,10,naive-CI,0.027388952354453697,0.5788,0.8162443755471548,0.030286422621319482,0.5324493216007739,0.031506006179219954,0.5850713501646543,0.03548510254238605,0.8239045751660764
0.25,10,W-observed,0.027388952354453697,0.5716,0.8154585061717865,0.03585175097000169,0.5335795987446175,0.0311658312150529,0.575192096597146,0.027770731041073443,0.8212196539036951
0.25,10,W-latent,0.027388952354453697,0.5784,0.8163112302806319,0.029255468777551374,0.5324304776595391,0.02975117932814427,0.5850713501646543,0.032426173707870286,0.8238363919171059
0.25,10,W-noisy,0.027388952354453697,0.572,0.8158444177775556,0.03540984412909012,0.5328529456386063,0.03082650501540849,0.5773874862788145,0.03839254284103643,0.8226190843811613
0.25,11,naive-CI,0.027018675856812918,0.5756,0.8131656521332423,0.014303017716211406,0.5325623944375538,0.02951956004992417,0.5410573678290214,0.03201172574819531,0.7936951303564499
0.25,11,W-observed,0.027018675856812918,0.572,0.8131375178156232,0.014183005879996788,0.5330953155536908,0.029622622729411754,0.5343082114735658,0.029937234163142885,0.7909803101104722
0.25,11,W-latent,0.027018675856812918,0.5744,0.8131191312556146,0.014521072941896914,0.5326774458889302,0.029769078052775462,0.5376827896512936,0.030078923703584576,0.7938792946893583
0.25,11,W-noisy,0.027018675856812918,0.574,0.8136335001845836,0.01607105048847333,0.532276107193944,0.029406159986708605,0.5376827896512936,0.02579661947081835,0.7927455925249671
0.25,12,naive-CI,0.034130634587727,0.5808,0.8133091349425572,0.025771407022909403,0.5284581082571939,0.02285266161603813,0.5853391684901532,0.04100825023415953,0.8144751102386957
0.25,12,W-observed,0.034130634587727,0.5776,0.8136471909433168,0.020132953243205798,0.5275647857449901,0.025011868480375964,0.5787746170678337,0.027289299120659128,0.8143916682308022
0.25,12,W-latent,0.034130634587727,0.5804,0.8133717691487006,0.024208333210386096,0.528345401205951,0.024017171841446836,0.5853391684901532,0.04452374560304046,0.8146979742838016
0.25,12,W-noisy,0.034130634587727,0.5764,0.8132212912174319,0.020326028878891976,0.5282145241332324,0.02605963426476041,0.5787746170678337,0.029968751973555845,0.814421796942282
0.25,13,naive-CI,0.0541908538684589,0.5644,0.8099170365192812,0.04756415756507222,0.544015503189556,0.030947895977442505,0.554147465437788,0.06383376875066342,0.805987630163845
0.25,13,W-observed,0.0541908538684589,0.558,0.8092966691261408,0.055004599133567804,0.5445785740372192,0.033816225008852854,0.5472350230414746,0.0630103753307183,0.8064972160218619
0.25,13,W-latent,0.0541908538684589,0.5636,0.8094310752774352,0.04906800825600752,0.5447850096233794,0.03175899786446645,0.5529953917050692,0.06491173476862373,0.8057963847288653
0.25,13,W-noisy,0.0541908538684589,0.5628,0.8095965740865355,0.05071534211281822,0.5445115851106326,0.0329140876589917,0.5529953917050692,0.06229132871785489,0.8057446545490075
0.25,14,naive-CI,0.048402667664552014,0.5832,0.8247309182738611,0.033345683387803186,0.52063787245253,0.030278930205851238,0.5711009174311926,0.04239283130094978,0.8185136930318069
0.25,14,W-observed,0.048402667664552014,0.5904,0.8237898306292324,0.03253026776934461,0.5214225090268628,0.031989014170614234,0.5814220183486238,0.05398400056604224,0.8153929476821076
0.25,14,W-latent,0.048402667664552014,0.5836,0.8244971270000985,0.03522815297674724,0.5207148283767998,0.030680524000174222,0.5711009174311926,0.043082753945443863,0.8180602491120604
0.25,14,W-noisy,0.048402667664552014,0.5892,0.8249097696843055,0.037786449385834454,0.5201111165297378,0.03222327896386525,0.5825688073394495,0.06080023137502729,0.8184511593210009
0.25,15,naive-CI,0.031704889724400755,0.5904,0.8237487399572052,0.020663459351850114,0.5220323303344848,0.03135560805954516,0.6015801354401806,0.021410195144076247,0.8325305236736191
0.25,15,W-observed,0.031704889724400755,0.5856,0.8233483102059378,0.029080526640524598,0.5228352300565162,0.03317460234149937,0.5835214446952596,0.04013783200378606,0.830373861180326
0.25,15,W-latent,0.031704889724400755,0.5912,0.8233142083136415,0.02049603281446546,0.5223552712879318,0.03058440397534375,0.6038374717832957,0.02854530057481954,0.8322439218363524
0.25,15,W-noisy,0.031704889724400755,0.5888,0.8231775996489674,0.024058973706413272,0.5228656000633427,0.03208590859567283,0.5914221218961625,0.03641945230410767,0.8311419667492521
0.25,16,naive-CI,0.034839711948088214,0.584,0.8148984363970689,0.03564466266959759,0.5304663191265856,0.027091554822571938,0.5924170616113744,0.057861278829919975,0.8039027615515135
0.25,16,W-observed,0.034839711948088214,0.5852,0.8149108800772685,0.03940068260154458,0.5309609295561629,0.02559353221450232,0.5959715639810427,0.06129538208394617,0.8062342648911269
0.25,16,W-latent,0.034839711948088214,0.5848,0.8149928972149141,0.03509398353859552,0.5304897562224737,0.02702370565612231,0.5924170616113744,0.05867885387457605,0.8038700911311827
0.25,16,W-noisy,0.034839711948088214,0.5856,0.8151627735518686,0.039677446696541295,0.5306471058804532,0.026097863730355067,0.5947867298578199,0.0593750041913752,0.8057497279472726
0.25,17,naive-CI,0.06199815399349689,0.5764,0.8162411813949942,0.019266770364980357,0.5315714486878634,0.032065028176407336,0.5547945205479452,0.045200467211389046,0.8036162727393328
0.25,17,W-observed,0.06199815399349689,0.5764,0.8156708499193437,0.01644901078114793,0.5322280504849479,0.029199469611596186,0.5536529680365296,0.030791765810975317,0.8024210690453789
0.25,17,W-latent,0.06199815399349689,0.576,0.815966503131045,0.02030666659306056,0.5319321629886387,0.03283191705929727,0.5547945205479452,0.04488639748523052,0.8033798803954915
0.25,17,W-noisy,0.06199815399349689,0.576,0.8154554773683731,0.018601218398212403,0.532520916801843,0.031498987135556884,0.5559360730593608,0.03474982795081554,0.8026717188746864
0.25,18,naive-CI,0.0027591985533642824,0.5792,0.8196736714175956,0.03861923655053241,0.5202979874161474,0.024802559319766725,0.5919811320754716,0.04651168458563654,0.8235654284448373
0.25,18,W-observed,0.0027591985533642824,0.578,0.8186847118252774,0.03393739976496718,0.5213612141324249,0.024728785900158586,0.5872641509433962,0.05282507898949687,0.8222339877071413
0.25,18,W-latent,0.0027591985533642824,0.58,0.8196548871522119,0.03881154477638073,0.5203084363227598,0.02544199361664466,0.5931603773584906,0.04473158254473997,0.8234337852325524
0.25,18,W-noisy,0.0027591985533642824,0.5776,0.8186024059516634,0.031924875056419576,0.5213751054715478,0.024534099352467933,0.5908018867924528,0.05122477857714548,0.8224426703495367
0.25,19,naive-CI,0.05271172713128385,0.5704,0.8114823291623672,0.01964488483177579,0.5275435301643868,0.021978108622333695,0.5397536394176932,0.04259808367321911,0.7959913096101702
0.25,19,W-observed,0.05271172713128385,0.5692,0.811829913657167,0.019513886363042552,0.5276967711612482,0.0227336134678144,0.5431131019036954,0.0390116241917398,0.7954021707286636
0.25,19,W-latent,0.05271172713128385,0.57,0.8111616760087581,0.024891840826616968,0.5279241704352978,0.025320004458908217,0.5397536394176932,0.04561279636316664,0.7955942274265628
0.25,19,W-noisy,0.05271172713128385,0.568,0.8109391322473294,0.01836739190740961,0.5285705789991744,0.02329550065081575,0.5375139977603584,0.041440972470947676,0.794483864638363
0.5,0,naive-CI,0.06984655772660271,0.576,0.8077118824140752,0.020643053307328532,0.5306892403662957,0.02009812494281135,0.5817361894024803,0.03076639586863968,0.8057043380263076
0.5,0,W-observed,0.06984655772660271,0.574,0.8081136195202923,0.028414000035220828,0.5305176434377857,0.021731020956970645,0.5817361894024803,0.024453029472746555,0.8059407912545418
0.5,0,W-latent,0.06984655772660271,0.5756,0.8074603074038637,0.022554840438582375,0.5310611787228561,0.02203602085341355,0.5839909808342728,0.033308170157232045,0.8059110979165935
0.5,0,W-noisy,0.06984655772660271,0.5736,0.8080168002117802,0.03412586333982014,0.5304750300538421,0.021245096764700197,0.5794813979706878,0.026172516494865523,0.8064858583897296
0.5,1,naive-CI,0.05088033875163895,0.5752,0.8034796258324801,0.020487499112088494,0.5349265692465207,0.01796627364916504,0.554696132596685,0.05492895231044823,0.7894004976321718
0.5,1,W-observed,0.05088033875163895,0.574,0.8044137502367058,0.022448134460740295,0.5331579017609929,0.018479637098551938,0.554696132596685,0.056231439496515656,0.7915750978680132
0.5,1,W-latent,0.05088033875163895,0.5716,0.8032054310848633,0.019889890049126176,0.534988392933008,0.020791971087768982,0.5502762430939226,0.0500211511270234,0.7896242630438325
0.5,1,W-noisy,0.05088033875163895,0.5744,0.8046238783776227,0.020567610859382423,0.5332216722974509,0.01859500542212981,0.5558011049723757,0.04902587353464217,0.7918630126225245
0.5,2,naive-CI,0.09369674992851555,0.5556,0.8064020540741258,0.0281845370435675,0.5418751140782039,0.03548347449788112,0.5367483296213809,0.06046337767887696,0.791638953041723
0.5,2,W-observed,0.09369674992851555,0.5572,0.8074855378224941,0.033589345785215746,0.5400948801252725,0.038001379987467575,0.5423162583518931,0.04666595490816292,0.791447832694599
0.5,2,W-latent,0.09369674992851555,0.5568,0.806502749186,0.025891740842399116,0.5418809231868792,0.034505329174881964,0.5400890868596881,0.061539907931202426,0.7916221020884097
0.5,2,W-noisy,0.09369674992851555,0.5596,0.8072230439323709,0.027848188627567452,0.5405646988283517,0.037149370245810186,0.5423162583518931,0.04244614945707735,0.791301898964626
0.5,3,naive-CI,0.08818412788299335,0.5708,0.8124569100057126,0.030152448189465032,0.5403571012888462,0.0357427475862788,0.5294117647058824,0.07276227217976289,0.7997892249594396
0.5,3,W-observed,0.08818412788299335,0.5712,0.8127024326886167,0.03951742151704987,0.539905153538378,0.03929031287516353,0.5374855824682814,0.05353659899945335,0.7949490973382195
0.5,3,W-latent,0.08818412788299335,0.5728,0.8125277258517538,0.030464201553728226,0.5402141048273769,0.03669324358363468,0.5317185697808535,0.06913860032609066,0.7992667874696943
0.5,3,W-noisy,0.08818412788299335,0.5732,0.8130189910179082,0.03906663845836168,0.5397414749505715,0.03868667734213876,0.5363321799307958,0.05811328771709177,0.7976294799787595
0.5,4,naive-CI,0.04506098439310222,0.5888,0.8200880244667751,0.021807485596517132,0.5239172200949089,0.020939078769226516,0.5784851811196488,0.04423769590802623,0.8136138232565469
0.5,4,W-observed,0.04506098439310222,0.5868,0.8198950626953572,0.019991893119296143,0.5241030983736303,0.01996583719091565,0.5718990120746432,0.03579006683644339,0.8132329301796677
0.5,4,W-latent,0.04506098439310222,0.5876,0.8192937390100463,0.021605155749626737,0.524640175053449,0.02078968239317618,0.5773874862788145,0.04266965701962612,0.813162152181288
0.5,4,W-noisy,0.04506098439310222,0.5892,0.81932647977173,0.015855169962311476,0.5244132947083358,0.020249129774591965,0.579582875960483,0.04090237088278204,0.8129429664641897
0.5,5,naive-CI,0.08458609606540997,0.5688,0.810362472174744,0.04697899095143138,0.5423480068487315,0.04391383085464779,0.5339805825242718,0.07989210471726917,0.7966083868820321
0.5,5,W-observed,0.08458609606540997,0.568,0.8117238092046446,0.03240033509798037,0.5406214415449478,0.04282062255855639,0.535059331175836,0.046395909443139406,0.7972879299523239
0.5,5,W-latent,0.08458609606540997,0.568,0.8099102964710363,0.039322191869136894,0.5423223389556151,0.042886926163306575,0.5339805825242718,0.07334596275319485,0.7958054325373835
0.5,5,W-noisy,0.08458609606540997,0.5676,0.8109459004697179,0.03615571809746312,0.5412013487920174,0.042987042475423946,0.5339805825242718,0.06304667548220075,0.7967968676891355
0.5,6,naive-CI,0.07863356836334355,0.5508,0.7948921189360174,0.02846093964292777,0.5558127711752118,0.036229876613675466,0.5404255319148936,0.05018314275254382,0.7882767239502413
0.5,6,W-observed,0.07863356836334355,0.55,0.7960111707473873,0.02836827635625474,0.5553184369106259,0.03719478636311788,0.5404255319148936,0.03896027497313043,0.7902386797620482
0.5,6,W-latent,0.07863356836334355,0.5504,0.7940018068891833,0.028454804963337722,0.5564132020043602,0.036492999965768526,0.5393617021276595,0.04975122078750965,0.7871912690954168
0.5,6,W-noisy,0.07863356836334355,0.5516,0.7950807675212481,0.03362189521264217,0.5557712408872644,0.03857433537645061,0.5468085106382978,0.049482435040090804,0.7901519530349195
0.5,7,naive-CI,0.07620083352679262,0.592,0.8130802066282313,0.02056530935304955,0.5263806842301124,0.02434676416847042,0.5758241758241758,0.04372751705099959,0.8039794760591348
0.5,7,W-observed,0.07620083352679262,0.5896,0.8140894924701556,0.018315546736769644,0.5254435396791359,0.024482527231677424,0.5703296703296703,0.031038501602526074,0.8044463415494105
0.5,7,W-latent,0.07620083352679262,0.5916,0.8131233659699868,0.02042998657298107,0.5263836665774164,0.02452903778331838,0.5758241758241758,0.04491879586029594,0.8039390598981989
0.5,7,W-noisy,0.07620083352679262,0.5908,0.813859431090413,0.01808454645676223,0.5255414120711561,0.02452733831425505,0.5747252747252747,0.03780872370930965,0.8048561375491191
0.5,8,naive-CI,0.09468299847740401,0.5916,0.8168408971987412,0.03608342465148211,0.5302148832843637,0.028313346969698464,0.585812356979405,0.04708235493810984,0.811592326440602
0.5,8,W-observed,0.09468299847740401,0.5852,0.8173753635944037,0.028540134708294057,0.529734629940995,0.025565354335095034,0.5755148741418764,0.028180742110857186,0.8116769715222387
0.5,8,W-latent,0.09468299847740401,0.5872,0.8169190850219152,0.0341268067015159,0.5301648540355373,0.02657151197825609,0.5812356979405034,0.04769163885473659,0.8116544447847074
0.5,8,W-noisy,0.09468299847740401,0.5896,0.8173210132580433,0.02413949632107314,0.5298062496979697,0.026869298450077676,0.5812356979405034,0.027556327678094832,0.8109841196318863
0.5,9,naive-CI,0.06977618928537234,0.578,0.8099698152621373,0.01900638975401919,0.5320143178522441,0.02055195178105812,0.54524627720504,0.04060284263325679,0.7956781539820548
0.5,9,W-observed,0.06977618928537234,0.5784,0.8138944445884758,0.01818357137611631,0.5286524473993776,0.022447229623388295,0.5486827033218786,0.025769817572965977,0.7987489892129861
0.5,9,W-latent,0.06977618928537234,0.5768,0.8098481693437998,0.02012900193528005,0.532377701205936,0.02247451078583623,0.54524627720504,0.045062725669523455,0.7950475362106741
0.5,9,W-noisy,0.06977618928537234,0.5792,0.8121715077702637,0.01929769199095821,0.5299950978198968,0.0221884007797044,0.5486827033218786,0.03183708267323774,0.7971867335430831
0.5,10,naive-CI,0.07944942986479885,0.5724,0.8115329235030292,0.03595773398101776,0.5382693815268914,0.03248744000802141,0.5773874862788145,0.04724660220493589,0.8133873478096139
0.5,10,W-observed,0.07944942986479885,0.5712,0.812425355702392,0.03460305429747293,0.537587424440207,0.030678290476931797,0.5740944017563118,0.03001421133715325,0.812255855990598
0.5,10,W-latent,0.07944942986479885,0.5684,0.8114365072790588,0.03614805628231372,0.5383878474491025,0.03277226643429723,0.5675082327113062,0.04151716861470841,0.8124933592617708
0.5,10,W-noisy,0.07944942986479885,0.57,0.8121568457632677,0.03472740159191326,0.5374739170271002,0.03137967903870549,0.5718990120746432,0.032931163215330315,0.812482386457914
0.5,11,naive-CI,0.057869862898541534,0.5736,0.8072695472027636,0.01564610372575754,0.5393898255795934,0.028180680643980025,0.5331833520809899,0.04261582172504911,0.7800901585840625
0.5,11,W-observed,0.057869862898541534,0.5688,0.8091200023266495,0.011718629969861378,0.5382955507359813,0.028315388585398463,0.5253093363329584,0.03457015055700071,0.7797117515373699
0.5,11,W-latent,0.057869862898541534,0.5732,0.8074637731710085,0.015220524162896617,0.539298613886741,0.02946269650198634,0.530933633295838,0.037961635223024,0.7808166981729705
0.5,11,W-noisy,0.057869862898541534,0.5712,0.8089281724939823,0.01221292137476404,0.5377304710549557,0.027461240113322263,0.5286839145106862,0.031989551335155235,0.7814849392897577
0.5,12,naive-CI,0.07298840247540976,0.576,0.8094251854944666,0.024535798245135475,0.5328186148027857,0.02368199727972263,0.5722100656455142,0.03612024811558285,0.8060733885998093
0.5,12,W-observed,0.07298840247540976,0.5712,0.8105613520670196,0.022284795762458925,0.5308541599728964,0.023942849108014325,0.5612691466083151,0.025753404473290126,0.806403720511328
0.5,12,W-latent,0.07298840247540976,0.5748,0.809376092183694,0.025075817686911847,0.5325583115401096,0.023098575360847508,0.5733041575492341,0.035606496552120365,0.8060495530373909
0.5,12,W-noisy,0.07298840247540976,0.572,0.8097774807957616,0.023676282111671894,0.5318024476153247,0.024338940163181777,0.5645514223194749,0.03428869957536673,0.8060722430830962
0.5,13,naive-CI,0.11194924539972961,0.5536,0.8061027000784611,0.055542565218022054,0.5493283458267652,0.03155846992374589,0.532258064516129,0.08497492374575517,0.7976678390834853
0.5,13,W-observed,0.11194924539972961,0.5528,0.807031699148988,0.05867931833657708,0.547593229916898,0.03395024090296863,0.5380184331797235,0.06293988382354618,0.800620068448779
0.5,13,W-latent,0.11194924539972961,0.5504,0.8048603519069895,0.05584554911648319,0.5507578869640283,0.031122274095467996,0.5276497695852534,0.08425417548638384,0.7968201960083967
0.5,13,W-noisy,0.11194924539972961,0.5516,0.8065823664404137,0.05587377707351623,0.5484370525141152,0.032532371475846956,0.533410138248848,0.06985133199803918,0.7986906670133234
0.5,14,naive-CI,0.092954622258226,0.5836,0.8195923164582775,0.03415495856492369,0.5259275360623006,0.030154758033983584,0.569954128440367,0.04609303400550516,0.806586074367644
0.5,14,W-observed,0.092954622258226,0.5784,0.8190733344787117,0.033466344853613016,0.5262272004652413,0.030743714218850384,0.5504587155963303,0.052448603704603206,0.8010199932152617
0.5,14,W-latent,0.092954622258226,0.5796,0.8193152564390254,0.03152451955511187,0.5259543678847789,0.03035042067823214,0.5630733944954128,0.046235903492604716,0.8056786812299875
0.5,14,W-noisy,0.092954622258226,0.5832,0.8199741610406032,0.03604641983974337,0.5251857371791422,0.03217712551965152,0.5711009174311926,0.051706602357734305,0.804886243683167
0.5,15,naive-CI,0.07443059122197782,0.5876,0.8198128091569536,0.02189006469296824,0.5266778830403845,0.030772595292284887,0.5959367945823928,0.044856991308199326,0.8233422534193683
0.5,15,W-observed,0.07443059122197782,0.5844,0.8207783976120907,0.02347629818367191,0.5261750926132754,0.03376281762767824,0.5790067720090294,0.05474169889656077,0.823186208659846
0.5,15,W-latent,0.07443059122197782,0.5872,0.8195708035174589,0.023785818848644575,0.5268102667218464,0.03000281699955543,0.5948081264108352,0.04837882979021016,0.8233992671729905
0.5,15,W-noisy,0.07443059122197782,0.5892,0.8203572511959634,0.019255839892393285,0.5262470206514698,0.033240341246107,0.5891647855530474,0.038404338382164345,0.8234460394638263
0.5,16,naive-CI,0.10533094129037067,0.5796,0.8107385401818374,0.033936580895762174,0.5347688908171137,0.025307313924579074,0.5793838862559242,0.060365621417945055,0.7915233478145904
0.5,16,W-observed,0.10533094129037067,0.582,0.8118556223151,0.040693753032913324,0.5340658327450089,0.02839186118167626,0.5853080568720379,0.058401639862011336,0.7956479587083143
0.5,16,W-latent,0.10533094129037067,0.5792,0.8106851033559381,0.03301919400636167,0.5349829780835703,0.026076932319515207,0.580568720379147,0.061805990596281675,0.7913288517085671
0.5,16,W-noisy,0.10533094129037067,0.5812,0.8118662076607788,0.036479784708241265,0.5343582417788589,0.027649633423263424,0.580568720379147,0.052167198513780814,0.7959110914883561
0.5,17,naive-CI,0.10375711616936549,0.5704,0.8137946600253545,0.020290306638402884,0.5337351954648827,0.031282181708036275,0.5445205479452054,0.045197527882328226,0.7973901423969825
0.5,17,W-observed,0.10375711616936549,0.578,0.8140832083169647,0.027368219263671632,0.5330283735489838,0.030131884909657913,0.5605022831050228,0.036630464201857664,0.7980722569714608
0.5,17,W-latent,0.10375711616936549,0.5712,0.8131627712340919,0.016780157350641447,0.5344751866343684,0.030906596291957217,0.545662100456621,0.04267243722682429,0.7970578378635595
0.5,17,W-noisy,0.10375711616936549,0.5764,0.8135935312878977,0.025534746521435198,0.5338504502224567,0.030087178027859353,0.5536529680365296,0.023258381628376998,0.7975656707049462
0.5,18,naive-CI,0.06021901871449372,0.5772,0.8178771876326074,0.036257726638433505,0.522808898962323,0.025991465149797225,0.5849056603773585,0.03994292849638567,0.8185813898405836
0.5,18,W-observed,0.06021901871449372,0.5788,0.8170596841346909,0.028574208871117883,0.5237666994627296,0.02278051913678017,0.5884433962264151,0.048765856858148236,0.8169796804346114
0.5,18,W-latent,0.06021901871449372,0.5792,0.8176224552669693,0.0283583099500653,0.5230429641273883,0.023858606277467113,0.5884433962264151,0.03465296792290043,0.8180372384662753
0.5,18,W-noisy,0.06021901871449372,0.5772,0.8167925469490186,0.033366688465141014,0.5240328676324342,0.02466721034965054,0.5884433962264151,0.04072904696097245,0.8173557499434841
0.5,19,naive-CI,0.10498355212531481,0.5648,0.805760549139547,0.02430207484955547,0.533433375540331,0.01918206162475068,0.5251959686450168,0.04723954403604898,0.7845064404179141
0.5,19,W-observed,0.10498355212531481,0.5636,0.8074443173200061,0.02506464945438285,0.5321279409457542,0.024268553024753614,0.5251959686450168,0.0324096896352662,0.7825725138537849
0.5,19,W-latent,0.10498355212531481,0.5636,0.8052152825900883,0.027739378521923277,0.5342932078562309,0.020491818465182693,0.5263157894736842,0.04794068193319276,0.7841747964553869
0.5,19,W-noisy,0.10498355212531481,0.564,0.8063167086041059,0.023849995814058386,0.5333916034029024,0.023002035562036567,0.528555431131019,0.041361799510430404,0.7831591772528572
0.75,0,naive-CI,0.16237296824164693,0.5708,0.8032345491451406,0.026983584908261582,0.5350743742440042,0.021145407130995303,0.5704622322435174,0.04536030638611996,0.7959362551991672
0.75,0,W-observed,0.16237296824164693,0.5696,0.805330539092769,0.024605727675422143,0.5338989148048633,0.019152695600153515,0.5704622322435174,0.02976649564967087,0.7978207881424666
0.75,0,W-latent,0.16237296824164693,0.57,0.8030151116050505,0.022471629588618428,0.5355220761745955,0.021079794958837703,0.5727170236753101,0.03868947666425919,0.7964024518793686
0.75,0,W-noisy,0.16237296824164693,0.5704,0.804408781195959,0.029232290667519235,0.5343214700878404,0.020914344593889248,0.5704622322435174,0.015678519207556356,0.7971795862713548
0.75,1,naive-CI,0.11293544239444957,0.5696,0.8013465005395737,0.019890431943249638,0.5372837117188637,0.018035167583110853,0.5458563535911602,0.058486846333321296,0.7864483989890201
0.75,1,W-observed,0.11293544239444957,0.5728,0.803547419021555,0.01991811676413514,0.5339060975153362,0.019157732948549576,0.5524861878453039,0.041739267784853706,0.7893789885509483
0.75,1,W-latent,0.11293544239444957,0.5664,0.8009177566920352,0.020230196564458593,0.537271821033419,0.018778145979859405,0.5414364640883977,0.05034703306155688,0.786395385192881
0.75,1,W-noisy,0.11293544239444957,0.5688,0.8031157537802757,0.021534950947092006,0.5346105440227026,0.018395871771554204,0.5447513812154696,0.03766002881636969,0.7897730300295178
0.75,2,naive-CI,0.1706801566415627,0.5536,0.8021878172125532,0.03021853643975709,0.5471594241283833,0.036412784600473,0.5211581291759465,0.07249124245623946,0.7826424075833012
0.75,2,W-observed,0.1706801566415627,0.5532,0.8051514903900957,0.03673004011741022,0.5431523400671762,0.03802626180677922,0.5278396436525612,0.044619616721366856,0.7839901927030919
0.75,2,W-latent,0.1706801566415627,0.552,0.8022021171229381,0.03051044418539635,0.5468442063285124,0.037841581431202635,0.522271714922049,0.06858887049647466,0.7824163930320639
0.75,2,W-noisy,0.1706801566415627,0.5568,0.8040451028456856,0.026200269982172484,0.5443799842537738,0.036205597498148806,0.5233853006681515,0.05126681880636226,0.7822039536964926
0.75,3,naive-CI,0.15905242751748597,0.5716,0.8088107073841155,0.039210877659444,0.5444382606277887,0.03863339805735402,0.5363321799307958,0.08102389540282723,0.7941808893739498
0.75,3,W-observed,0.15905242751748597,0.572,0.8113974996434001,0.038887890708397856,0.5412104539424589,0.03789402538540223,0.5374855824682814,0.05198429410893366,0.7919801936478841
0.75,3,W-latent,0.15905242751748597,0.5688,0.8089727602785622,0.035729902575307865,0.5442789963035005,0.036586946018286465,0.5259515570934256,0.07563234360957449,0.7935009627924535
0.75,3,W-noisy,0.15905242751748597,0.5712,0.8111173928732339,0.03932430966735764,0.541703174329397,0.03807040051879244,0.5351787773933102,0.05958532226537271,0.7935212153387547
0.75,4,naive-CI,0.10778944694532659,0.5888,0.8158871619319987,0.014634259411863212,0.5281693422703239,0.018163856940658016,0.5762897914379802,0.05146093941757949,0.8042490725820661
0.75,4,W-observed,0.10778944694532659,0.5816,0.8166738155881703,0.024722887545977755,0.5272965756941261,0.02129047574158242,0.5587266739846323,0.040548910331268104,0.8033229292457184
0.75,4,W-latent,0.10778944694532659,0.588,0.8146823547530505,0.011391189996602713,0.5292441076687391,0.01954042321059398,0.5773874862788145,0.04837099813834437,0.8033532203633782
0.75,4,W-noisy,0.10778944694532659,0.5836,0.8158223924248805,0.020469138711379252,0.5279698456216905,0.019244959703268102,0.5598243688254665,0.045923741295517906,0.8037521693134462
0.75,5,naive-CI,0.1554935422907006,0.5612,0.8062481176594897,0.047999124524070395,0.547702720618831,0.04518248982985751,0.5188781014023732,0.08470838818134581,0.7891829134777895
0.75,5,W-observed,0.1554935422907006,0.568,0.8102116332498951,0.03574898092500032,0.5423194570052561,0.04194171503095685,0.5361380798274002,0.04183290663539047,0.7935813709989581
0.75,5,W-latent,0.1554935422907006,0.56,0.8062951316805937,0.04045351074064462,0.5467677846491613,0.04316282672022106,0.5134843581445523,0.08219475749853933,0.7895366157008644
0.75,5,W-noisy,0.1554935422907006,0.5652,0.809057920411522,0.030484314236885125,0.5434581898683258,0.0423176087958243,0.5253505933117584,0.05595192332201494,0.792273016045756
0.75,6,naive-CI,0.12773329102502842,0.55,0.7916134034875018,0.03264979912326483,0.5591305387729211,0.0343327595451979,0.5382978723404256,0.04817865576081463,0.7818659949616493
0.75,6,W-observed,0.12773329102502842,0.5464,0.7939637659961645,0.03341139439100271,0.5563176270434218,0.03644139134261671,0.5287234042553192,0.040771340292533605,0.7841843268676881
0.75,6,W-latent,0.12773329102502842,0.5504,0.7909104488641798,0.02529963211431623,0.5596031353550861,0.03535357747718877,0.5372340425531915,0.04710003604136486,0.7812996990433831
0.75,6,W-noisy,0.12773329102502842,0.5484,0.7927014428907251,0.031486742604162586,0.557521934770197,0.0344503535684902,0.5382978723404256,0.045073427216592694,0.7845165032612177
0.75,7,naive-CI,0.1495487815879619,0.5808,0.8053380602962252,0.013706278674469769,0.5340095582278107,0.027497627476559386,0.5516483516483517,0.04966004794871298,0.7887786537125654
0.75,7,W-observed,0.1495487815879619,0.5884,0.8087293146503466,0.017506851866812875,0.5309365543535324,0.023559062657457875,0.5648351648351648,0.02759940219062495,0.7912914019251649
0.75,7,W-latent,0.1495487815879619,0.5824,0.8055792406176171,0.012475720190997108,0.5336502359472819,0.02727809299550929,0.554945054945055,0.04300492158189377,0.788961480361493
0.75,7,W-noisy,0.1495487815879619,0.588,0.8081050816869867,0.015783934203790772,0.5313380204419085,0.023307463486499334,0.567032967032967,0.03583962680644898,0.7917288294079416
0.75,8,naive-CI,0.18517598483472505,0.586,0.8139102663754503,0.033446229050448036,0.5327789106130232,0.026604340996128552,0.5720823798627003,0.05049930370939496,0.8051480819514492
0.75,8,W-observed,0.18517598483472505,0.584,0.8158987888598928,0.031198896614721645,0.530895397009103,0.02661093591815386,0.5709382151029748,0.032908473307576805,0.807326994935911
0.75,8,W-latent,0.18517598483472505,0.5816,0.8146652125658074,0.0290472149769774,0.5320396551867731,0.02641833504130354,0.5617848970251716,0.053457083519473106,0.8071111828205864
0.75,8,W-noisy,0.18517598483472505,0.5844,0.8154975333041778,0.03013287690006229,0.5311008032961123,0.027969364478887156,0.5697940503432495,0.03878909060584254,0.8055459794069465
0.75,9,naive-CI,0.16491735331007262,0.57,0.803217052266397,0.01672185005949152,0.5389486263540371,0.020249660505427508,0.5223367697594502,0.05528700309389963,0.7826144255970655
0.75,9,W-observed,0.16491735331007262,0.5752,0.8100688722314371,0.02058466555192479,0.5328302790819515,0.02272656256383844,0.5406643757159221,0.023638997869604474,0.7875424520493244
0.75,9,W-latent,0.16491735331007262,0.568,0.8027650841299054,0.02046034550776768,0.5394077456238967,0.02358794872729401,0.5269186712485682,0.06354019624298993,0.7806218240509728
0.75,9,W-noisy,0.16491735331007262,0.5732,0.8079406274002403,0.022435847221149025,0.5347116401475098,0.021985708797581802,0.5337915234822451,0.03402006917603229,0.7857594297757419
0.75,10,naive-CI,0.14987404101973464,0.5636,0.8073155912930814,0.04374416404595458,0.5449193929338069,0.03492145492946107,0.5532381997804611,0.06408553949366974,0.8064150753556537
0.75,10,W-observed,0.14987404101973464,0.566,0.80975150497525,0.03872322095131293,0.5420960213289274,0.033695119481694645,0.5609220636663008,0.04667739578602298,0.8047386693477678
0.75,10,W-latent,0.14987404101973464,0.5628,0.8070337469807999,0.041101194283540615,0.5450321038206235,0.033003251821167215,0.557628979143798,0.06008185806563668,0.8052193816358617
0.75,10,W-noisy,0.14987404101973464,0.564,0.8093159815773301,0.040200850678886776,0.5423749318067654,0.03374206498310758,0.557628979143798,0.044274642867141924,0.8051620823274296
0.75,11,naive-CI,0.12548590665679507,0.5748,0.8056192787846767,0.01739375018705728,0.5407578092892632,0.029745388679660343,0.532058492688414,0.053061125731234164,0.7774186474174756
0.75,11,W-observed,0.12548590665679507,0.57,0.8080343644461643,0.014156384640854008,0.5390868887002093,0.026682279038976513,0.5286839145106862,0.043312065348252965,0.7758791805791272
0.75,11,W-latent,0.12548590665679507,0.5772,0.8057879642633068,0.02043713755727963,0.540972737800232,0.029419028447036855,0.5343082114735658,0.04799198052484527,0.7775154547274765
0.75,11,W-noisy,0.12548590665679507,0.5692,0.8078265498560702,0.015628184176343433,0.5390387746572062,0.026674685364971373,0.5264341957255343,0.04501054314437014,0.7776369725315361
0.75,12,naive-CI,0.1290572831613174,0.568,0.806771778644782,0.024943258576145634,0.5359709337277178,0.0251150540338309,0.5568927789934355,0.04362688324112314,0.8016978537350101
0.75,12,W-observed,0.1290572831613174,0.5664,0.8088636157689235,0.026205532078921796,0.5322109942092137,0.023593800940280383,0.5514223194748359,0.03160238114665695,0.8023227984704637
0.75,12,W-latent,0.1290572831613174,0.5676,0.8064536280126956,0.023381828184219192,0.5355764806946892,0.023722525679188578,0.5536105032822757,0.04260486435748991,0.8014893190138261
0.75,12,W-noisy,0.1290572831613174,0.5684,0.8078697041271505,0.024073037788223055,0.5336076011319149,0.02205423145551188,0.5579868708971554,0.04051916518942924,0.8023645070316512
0.75,13,naive-CI,0.18324149577129065,0.5552,0.8031067540004464,0.05197183501240015,0.5532846977190388,0.03153072434375526,0.5368663594470046,0.08475825172734852,0.7921161851844123
0.75,13,W-observed,0.18324149577129065,0.552,0.8046751893715495,0.057662218894604884,0.5504600220610418,0.035115792859312225,0.5368663594470046,0.06102050387034105,0.7935282031126977
0.75,13,W-latent,0.18324149577129065,0.5492,0.8010589743788363,0.06647782471215165,0.555371602360492,0.03367479305533154,0.5253456221198156,0.09506571743601476,0.7903906234609881
0.75,13,W-noisy,0.18324149577129065,0.5508,0.8037537883120024,0.05754949215927161,0.5517418683927908,0.03345709451983362,0.5288018433179723,0.07420433664322523,0.7921839240608113
0.75,14,naive-CI,0.19473575756105652,0.5764,0.8138752207498758,0.030352090931181377,0.5332569938709738,0.0319226860337981,0.5538990825688074,0.04729455900633071,0.7946115103994692
0.75,14,W-observed,0.19473575756105652,0.576,0.8159370489662423,0.032418335377571494,0.5305507178506321,0.03065102165480878,0.5424311926605505,0.03725814562512123,0.7915216265735565
0.75,14,W-latent,0.19473575756105652,0.5748,0.8142525397824438,0.028815874300143422,0.5325028933538825,0.03068092869643009,0.5504587155963303,0.04608593393072321,0.7945168974363825
0.75,14,W-noisy,0.19473575756105652,0.5776,0.8157945730661555,0.03589712233208821,0.5307194525036277,0.03167386551881244,0.555045871559633,0.04234095232974602,0.793725594250137
0.75,15,naive-CI,0.1283254024355428,0.582,0.8156133024417147,0.02954331638231237,0.5312352255832229,0.03112063864652169,0.582392776523702,0.048174444613147564,0.815136588200007
0.75,15,W-observed,0.1283254024355428,0.5804,0.8174378361841419,0.03154523873242197,0.5301188255617199,0.032776826750554953,0.5699774266365688,0.024438615440564866,0.8139437764267339
0.75,15,W-latent,0.1283254024355428,0.5816,0.8159092498336136,0.024777602217923585,0.5311604426365473,0.03112099721718348,0.5767494356659142,0.024259786042022755,0.8152961820074442
0.75,15,W-noisy,0.1283254024355428,0.5812,0.8169896808629988,0.026372695534200526,0.5304842236249712,0.03270042540737465,0.5688487584650113,0.03471914699897471,0.8146209263102073
0.75,16,naive-CI,0.15393056874642055,0.5736,0.8055044039387105,0.033171383173226134,0.5397441773541949,0.02821136797787716,0.566350710900474,0.07826299901128762,0.7793624270739175
0.75,16,W-observed,0.15393056874642055,0.578,0.8090148045595067,0.043126467828673444,0.5367928540866814,0.03011321337989704,0.5746445497630331,0.06267366346501399,0.7860514832421011
0.75,16,W-latent,0.15393056874642055,0.5736,0.8061870493722824,0.03276587498191956,0.5396222515678799,0.02717368093018274,0.5627962085308057,0.06807033707595832,0.780607130711559
0.75,16,W-noisy,0.15393056874642055,0.578,0.8078401756371223,0.045364284164011656,0.5383595830161266,0.02921454371592382,0.5746445497630331,0.07105823894712031,0.7846210751491776
0.75,17,naive-CI,0.1254218914429266,0.5688,0.8108775756424931,0.02074731312272673,0.5373978956791378,0.031089690472378764,0.5388127853881278,0.049408223070589105,0.790978213369769
0.75,17,W-observed,0.1254218914429266,0.5748,0.8114916380241196,0.02514279850212591,0.5360129956648361,0.030467996783135172,0.5525114155251142,0.04118730357250813,0.7899839304588951
0.75,17,W-latent,0.1254218914429266,0.568,0.8094513609009754,0.021397414828365758,0.5388087873921654,0.030504974124808678,0.54337899543379,0.03642281058468808,0.7895759812459817
0.75,17,W-noisy,0.1254218914429266,0.574,0.8107788154804718,0.02497110335063073,0.5371223257149952,0.030081621061081018,0.5468036529680366,0.029983232321422987,0.7896826707908379
0.75,18,naive-CI,0.14538281704383763,0.5724,0.8135744134492678,0.03462606887571774,0.5274512271995953,0.02507591718234632,0.5683962264150944,0.05336146217139439,0.8083619639072408
0.75,18,W-observed,0.14538281704383763,0.5736,0.8143072324178358,0.03051387195258983,0.5268259866188724,0.021265383190016265,0.5754716981132075,0.040429390032931375,0.8086087380932336
0.75,18,W-latent,0.14538281704383763,0.5752,0.8133914531697626,0.031377060530825555,0.5274809913131469,0.02374576685289753,0.5695754716981132,0.04598523104318015,0.8086906242609135
0.75,18,W-noisy,0.14538281704383763,0.572,0.8133902042640717,0.03330999053924863,0.5276526000451017,0.02167791159500063,0.5695754716981132,0.044649919002592686,0.8081873794269654
0.75,19,naive-CI,0.18525817630347818,0.5612,0.8022400165190418,0.021467137386543413,0.537271219532714,0.018000517467171025,0.5263157894736842,0.055428745825011984,0.7794300328692687
0.75,19,W-observed,0.18525817630347818,0.5644,0.8045116139819825,0.026267524303051244,0.5349899266817696,0.025093225978676,0.5274356103023516,0.055934298874658575,0.7739580977838916
0.75,19,W-latent,0.18525817630347818,0.5588,0.8016829584599137,0.025696618758777552,0.5380074364848382,0.022065057559769417,0.5207166853303471,0.05370692563581631,0.779186396411539
0.75,19,W-noisy,0.18525817630347818,0.564,0.8031726842031224,0.02313320888979333,0.5363410621231695,0.023307279510658523,0.528555431131019,0.04669833433341318,0.7763801534403956
1.0,0,naive-CI,0.2674332547789944,0.5648,0.7987876286886972,0.033191291139111595,0.5397015792562947,0.02287677962018552,0.5591882750845547,0.04892621631092512,0.7882157475400478
1.0,0,W-observed,0.2674332547789944,0.5668,0.8034581188643245,0.027378325086943517,0.5357970443605812,0.0201639224156583,0.5591882750845547,0.014409041027076547,0.792641162462457
1.0,0,W-latent,0.2674332547789944,0.5644,0.7992695910988252,0.02921790993121166,0.5396396375859802,0.02011244034852238,0.5591882750845547,0.03396473037479742,0.7901019811214063
1.0,0,W-noisy,0.2674332547789944,0.5628,0.8016967512132775,0.02266257184563468,0.5370345979694714,0.01927609869755458,0.5535512965050733,0.019206210122749545,0.7914130423355615
1.0,1,naive-CI,0.21729371171443437,0.5716,0.7992761123876791,0.022547714901550057,0.5390995785243364,0.020141876256825474,0.5535911602209945,0.0694246964068753,0.7836979888877496
1.0,1,W-observed,0.21729371171443437,0.5748,0.8023919680192402,0.014650408687681115,0.5344238527043385,0.017768814581092897,0.5558011049723757,0.027014071108570716,0.7857240967017451
1.0,1,W-latent,0.21729371171443437,0.57,0.798832901258824,0.014244013022358734,0.5387877635943855,0.018754989597827565,0.5535911602209945,0.05020895080086882,0.7834103724737468
1.0,1,W-noisy,0.21729371171443437,0.5708,0.80164055752863,0.017826120935798065,0.5353951111585115,0.01719304495892415,0.5502762430939226,0.030962859312656313,0.7871035198810011
1.0,2,naive-CI,0.2881648869866226,0.5512,0.7977378328763352,0.0289488309962542,0.551520503539541,0.0359351099068416,0.5033407572383074,0.08861370181584657,0.7718661765220814
1.0,2,W-observed,0.2881648869866226,0.552,0.8017061173752206,0.030581176072077564,0.5453967408609813,0.03480640846806989,0.522271714922049,0.035215590798211606,0.7733179217221058
1.0,2,W-latent,0.2881648869866226,0.5528,0.7984766945157556,0.025993664298867174,0.5501260763091623,0.03603796438496208,0.5100222717149221,0.07430018148695185,0.772848266551214
1.0,2,W-noisy,0.2881648869866226,0.5564,0.8004279860489671,0.021575968295296923,0.5471204280387723,0.03587327712914112,0.5267260579064588,0.043379966463380444,0.7722862953708858
1.0,3,naive-CI,0.25823918860682255,0.5632,0.8032879566408504,0.041714306772307246,0.550866575368864,0.03763836318603688,0.5132641291810842,0.09594742137975552,0.7847101780078967
1.0,3,W-observed,0.25823918860682255,0.566,0.8084937225474513,0.0374076176703825,0.5443795060740287,0.03658834873334242,0.52479815455594,0.05432516327584183,0.7836197779055448
1.0,3,W-latent,0.25823918860682255,0.56,0.8039985855400721,0.0337046084158687,0.5504239974070343,0.036259853477841816,0.5063437139561707,0.09529401504064625,0.7822528846333909
1.0,3,W-noisy,0.25823918860682255,0.562,0.8075340862321053,0.0348540047689196,0.5461626482799777,0.03750168841418774,0.5178777393310265,0.05912294114024051,0.7844677601817179
1.0,4,naive-CI,0.2045381785455271,0.578,0.8111936638298517,0.024735851521402726,0.5337069897517314,0.019167472128591215,0.5510428100987925,0.06611599643643497,0.795453088668032
1.0,4,W-observed,0.2045381785455271,0.5808,0.8140508634801971,0.020574839274592756,0.5302565678145471,0.020640630447463313,0.5565312843029637,0.030478857768469328,0.7955972651883985
1.0,4,W-latent,0.2045381785455271,0.5756,0.8103631597824774,0.021293216352308315,0.5339962433735841,0.018605754333303345,0.5488474204171241,0.05816581224451647,0.7957594378053929
1.0,4,W-noisy,0.2045381785455271,0.5852,0.8127344463522033,0.016765668838609308,0.5312001197657622,0.019976366063977083,0.5631174533479693,0.03606367379096477,0.7954376942205252
1.0,5,naive-CI,0.267156128305142,0.5608,0.8019016522873037,0.04561820909937773,0.5524568573145059,0.045926297862930336,0.5167206040992449,0.09227861273340131,0.7808965670699326
1.0,5,W-observed,0.267156128305142,0.5668,0.8082407482981738,0.03584882059350264,0.5444599275767066,0.042162019946026925,0.5318230852211435,0.04484750902767982,0.7857964200220658
1.0,5,W-latent,0.267156128305142,0.56,0.8023840045992822,0.034550346927603746,0.5505762735525265,0.04238977690770274,0.511326860841424,0.08659031577031617,0.7813703217108194
1.0,5,W-noisy,0.267156128305142,0.5632,0.8062272648948982,0.03268182022599984,0.5462210583316083,0.042587360527814255,0.5210355987055016,0.06104505611339802,0.7839269891041056
1.0,6,naive-CI,0.24303155055843986,0.5508,0.7879015771399867,0.023746584418616497,0.562893404240032,0.03594200772645266,0.5372340425531915,0.051531244206777606,0.7745764407039917
1.0,6,W-observed,0.24303155055843986,0.5448,0.7903446116053701,0.027851126797248885,0.5598359421862064,0.037045270967847585,0.5255319148936171,0.04342916111421542,0.7734830931059133
1.0,6,W-latent,0.24303155055843986,0.5464,0.7865232267205744,0.024016682048706887,0.563359929438051,0.03433159753518635,0.5372340425531915,0.04395499712295136,0.7733603378999819
1.0,6,W-noisy,0.24303155055843986,0.5492,0.7893648908469864,0.02986231778155886,0.5603085033132529,0.03636321514612923,0.5425531914893617,0.042554084552939124,0.7760040319961448
1.0,7,naive-CI,0.2526173312088384,0.5764,0.8007214055152705,0.01352674751491285,0.5393340072517523,0.027304957567734277,0.5406593406593406,0.05825306718915623,0.7823856458148344
1.0,7,W-observed,0.2526173312088384,0.5868,0.8071980524935094,0.01846146226368944,0.5331625679151514,0.024873995793399113,0.5604395604395604,0.0306642949422983,0.7871794300567064
1.0,7,W-latent,0.2526173312088384,0.5768,0.8013363179265045,0.009121402013129576,0.5385196399601797,0.02555986111980145,0.5428571428571428,0.05511897147242198,0.7827906628084366
1.0,7,W-noisy,0.2526173312088384,0.5868,0.8048901666864823,0.021920881353975307,0.5350817080004333,0.027178011921450102,0.5593406593406594,0.04287728703677962,0.7848286081764435
1.0,8,naive-CI,0.2678981189008021,0.5772,0.8098964302525237,0.03574677525970426,0.5362937045515466,0.02829939618842065,0.5537757437070938,0.06934640480573434,0.7969661233657638
1.0,8,W-observed,0.2678981189008021,0.5788,0.8134679430466147,0.031390813559558604,0.533455227075671,0.027041398608827927,0.5560640732265446,0.03810161776238473,0.7987686644429248
1.0,8,W-latent,0.2678981189008021,0.5772,0.8110525775583601,0.03186115790562744,0.5350348799481884,0.026932186835657512,0.5503432494279176,0.06788464969286549,0.7985105122947311
1.0,8,W-noisy,0.2678981189008021,0.5808,0.8124786329365122,0.031323611132994644,0.5341158085403938,0.025734312224029207,0.5560640732265446,0.04797370198652019,0.7960815066942157
1.0,9,naive-CI,0.26132388199035433,0.5672,0.7986471599935094,0.012420552290900461,0.5437626712615838,0.019791700303779743,0.5120274914089347,0.07113144397418986,0.7761615187937081
1.0,9,W-observed,0.26132388199035433,0.5716,0.8080896231116923,0.031247573566023503,0.5355671331017813,0.025393647308289455,0.5303550973654066,0.03406400154364782,0.7814848253439994
1.0,9,W-latent,0.26132388199035433,0.5672,0.7993551174618314,0.01756903014031016,0.5432151353908737,0.02180919620343255,0.5223367697594502,0.08079228431192599,0.7761718857125197
1.0,9,W-noisy,0.26132388199035433,0.5724,0.8055319175917607,0.019706480660648486,0.5375865717577001,0.022101956767485942,0.5326460481099656,0.04937890730962844,0.7806951548420379
1.0,10,naive-CI,0.2725165253741241,0.5592,0.8015727671785392,0.051031449908855546,0.551058198435236,0.03697370620702067,0.5455543358946213,0.079983310422539,0.7962697342956022
1.0,10,W-observed,0.2725165253741241,0.5592,0.805871397452792,0.04195844881340109,0.5453068180515902,0.03310880310963788,0.5411635565312843,0.043220092636136624,0.793506865483496
1.0,10,W-latent,0.2725165253741241,0.5548,0.8019638417244862,0.044188647091616316,0.5505370984426274,0.03590243519144528,0.535675082327113,0.07195591426701736,0.7946037246788742
1.0,10,W-noisy,0.2725165253741241,0.5584,0.8049310764789054,0.043031860847888896,0.5465389814086196,0.034087533192063986,0.5367727771679474,0.06261341438559628,0.7934553397092056
1.0,11,naive-CI,0.2512794496082737,0.5696,0.798449066218466,0.022705479376954725,0.5482471138498789,0.0302145971100573,0.5219347581552306,0.07061695128526792,0.762604885756927
1.0,11,W-observed,0.2512794496082737,0.5676,0.8057625865284055,0.013849980193729109,0.5415041931803164,0.02954771369506337,0.5230596175478065,0.03475293606151482,0.7694192171267075
1.0,11,W-latent,0.2512794496082737,0.576,0.8000943576857684,0.024515280408605154,0.5462939496039455,0.02858651408212788,0.5298087739032621,0.06239552397154,0.7654040740881638
1.0,11,W-noisy,0.2512794496082737,0.5704,0.8045314922016428,0.014240604891556714,0.5425096342608824,0.027232588519367655,0.5286839145106862,0.035350153267820025,0.7699888510902586
1.0,12,naive-CI,0.22882598323231343,0.562,0.8028368147117813,0.027565688250488968,0.5407287759262881,0.02825719615162486,0.5459518599562363,0.05217747143295918,0.7947654386955911
1.0,12,W-observed,0.22882598323231343,0.5648,0.8071390236366776,0.025296057388477743,0.5340681781955406,0.024233130488571307,0.5492341356673961,0.03556163450315366,0.797671027959203
1.0,12,W-latent,0.22882598323231343,0.5648,0.8024730435081957,0.02213004661346026,0.5392860607920195,0.025354546611874314,0.5448577680525164,0.048560120240010066,0.7953665155308173
1.0,12,W-noisy,0.22882598323231343,0.5676,0.8054081938803951,0.022505778457996447,0.5361527454073007,0.02359598127997828,0.5547045951859956,0.029117638846933046,0.7969947497320435
1.0,13,naive-CI,0.2848208316802114,0.5484,0.7983452547793342,0.05339132162958028,0.5584854743582793,0.03310670981048146,0.5161290322580645,0.10114851302514133,0.7831263757973831
1.0,13,W-observed,0.2848208316802114,0.548,0.801721343255763,0.06161714318054953,0.5529759283077677,0.03492615473457313,0.5184331797235023,0.07258869151963045,0.7837615669374444
1.0,13,W-latent,0.2848208316802114,0.542,0.7961054517528252,0.06298614328876025,0.5599483023579102,0.03527339800426839,0.5149769585253456,0.10420762473486886,0.781509080850338
1.0,13,W-noisy,0.2848208316802114,0.546,0.800254775769338,0.05869066703408459,0.5548422047374797,0.033976801026196254,0.5161290322580645,0.08084563393411348,0.7826983470367646
1.0,14,naive-CI,0.3018672797462016,0.5716,0.8075809477919725,0.040130869167987714,0.5398676873776523,0.03377699602722381,0.5355504587155964,0.06755696384241727,0.7839342448926127
1.0,14,W-observed,0.3018672797462016,0.5756,0.8136412058240032,0.033223841588299,0.5327756812667003,0.030267808696527024,0.5458715596330275,0.04727173881580539,0.783529120290241
1.0,14,W-latent,0.3018672797462016,0.57,0.809667028051195,0.0345138534241314,0.537018087851732,0.03147868854158148,0.5389908256880734,0.0649364993449808,0.7850528831529324
1.0,14,W-noisy,0.3018672797462016,0.5732,0.8126296378545406,0.03565446117103921,0.5337289103125105,0.03035909062017291,0.5481651376146789,0.052209689674613084,0.7850438378986021
1.0,15,naive-CI,0.2284719052938664,0.5748,0.810883292710783,0.032266554499143,0.5374177152642935,0.03166878279061115,0.5654627539503386,0.05513835001124845,0.8053296064760097
1.0,15,W-observed,0.2284719052938664,0.5776,0.8152061406637806,0.03800511218179838,0.5329286078534172,0.03296540668764903,0.5609480812641083,0.03334184570436941,0.8068575839408954
1.0,15,W-latent,0.2284719052938664,0.5752,0.812005762701167,0.029321192461471864,0.5361920326091808,0.03219017320053257,0.5598194130925508,0.04120293268081066,0.8077414521387374
1.0,15,W-noisy,0.2284719052938664,0.5768,0.8142685875656085,0.030853711831892647,0.5342583061347707,0.03341854327950311,0.5643340857787811,0.028389162388504977,0.8078123788521163
1.0,16,naive-CI,0.2610872307318224,0.5652,0.8029032562969403,0.0388835790771931,0.5434308435292017,0.02757301335914755,0.5497630331753555,0.07691998739501922,0.7759643259673104
1.0,16,W-observed,0.2610872307318224,0.5732,0.8082993356172002,0.04068472314341306,0.537765688829193,0.03004511548437764,0.5580568720379147,0.05352855863401683,0.7825092142248833
1.0,16,W-latent,0.2610872307318224,0.5728,0.8048238690495348,0.03645094358793669,0.5419930733782732,0.026383040903962877,0.5556872037914692,0.06966614838132779,0.7784705807615417
1.0,16,W-noisy,0.2610872307318224,0.5748,0.8068013203040325,0.042712040837611216,0.5402099952830509,0.029474177067288936,0.5627962085308057,0.054075870483085535,0.782633107761062
1.0,17,naive-CI,0.2261511391312063,0.5668,0.808241806039357,0.02064935403332382,0.5409000000600502,0.03040943609790177,0.5376712328767124,0.04572361251665988,0.7859464994984089
1.0,17,W-observed,0.2261511391312063,0.572,0.8100567088661861,0.021651560792646827,0.53803705479014,0.030695039559451798,0.54337899543379,0.029301819281341315,0.7859097319256391
1.0,17,W-latent,0.2261511391312063,0.566,0.8065442315879687,0.025642838192883887,0.5420074445956183,0.03057985221190126,0.5353881278538812,0.04177151233371096,0.7837979560708354
1.0,17,W-noisy,0.2261511391312063,0.5716,0.8087431740593212,0.02205400607491512,0.5399003311085799,0.030656206677402802,0.54337899543379,0.01985464664632092,0.7851945797190055
1.0,18,naive-CI,0.25235999202922,0.5692,0.8101566142898469,0.03393349252173028,0.5310399454406688,0.024871347121134903,0.5589622641509434,0.06674492561732064,0.801869308523292
1.0,18,W-observed,0.25235999202922,0.5792,0.8128312884757383,0.026856970285209576,0.5289359730375891,0.02255773800171794,0.5872641509433962,0.027652277356166023,0.8041049193592891
1.0,18,W-latent,0.25235999202922,0.5716,0.8099227329477419,0.0324883494270873,0.5313550552464759,0.020903526483407184,0.5589622641509434,0.0625817955072141,0.8018809134766557
1.0,18,W-noisy,0.25235999202922,0.5768,0.8111693687908951,0.03285929284874027,0.5304218808057026,0.023174059882728002,0.5801886792452831,0.03211123295267705,0.801941939416523
1.0,19,naive-CI,0.28549786571689223,0.5584,0.7970777777503038,0.022904600873396547,0.543408210869152,0.019677505137278624,0.5184770436730123,0.0738906606642163,0.7708489246183196
1.0,19,W-observed,0.28549786571689223,0.5588,0.8036156870166367,0.024711842444179493,0.5364512356645175,0.02413782386314322,0.5117581187010078,0.04618298206264195,0.7716414640876177
1.0,19,W-latent,0.28549786571689223,0.5572,0.7972498582345863,0.017736072308795876,0.5428921146735168,0.022067733082939866,0.5128779395296752,0.05818587352750695,0.7720543563997013
1.0,19,W-noisy,0.28549786571689223,0.5564,0.8011140160778485,0.016162224644874726,0.5390644156646336,0.020352271621239926,0.5162374020156775,0.037950325999181744,0.7723199571029216
