part,mult,world,seed,acc,macroF1,macroAUC,brier,ece,cwece,far@pd0.9,pe_thr,flag_clean,flag_adverse,flag_adverse_subset,flag_farheavy
miscal,0.5,nominal,0,0.578,0.4351028458823716,0.8051257881662885,0.5374689583371304,0.015285383514868252,0.02525647609075713,0.48068350668647847,,,,,
miscal,0.75,nominal,0,0.5876,0.46125636559432615,0.8094230165880631,0.5311132951484983,0.0179741109357753,0.02259909249376502,0.4769687964338782,,,,,
miscal,1.0,nominal,0,0.5868,0.4670303066520823,0.8108697132191537,0.5295923106539917,0.02369458137506948,0.02266427135182663,0.45690936106983654,,,,,
miscal,1.25,nominal,0,0.5864,0.47225078729966996,0.8105305634998217,0.5301036340323501,0.02743962979616816,0.025529505479721205,0.46953937592867756,,,,,
miscal,1.5,nominal,0,0.5844,0.4701141478970901,0.8103535246422757,0.530464376379438,0.026982210673443988,0.025115579421244996,0.4591381872213967,,,,,
miscal,,nominal-noRel,0,0.5848,0.47026696812006147,0.8103549528124956,0.5304902651567177,0.02639986131002063,0.02553454701872805,0.46285289747399705,,,,,
shift,1.0,far-heavy,0,0.578,0.47368293046731536,0.8093187662806841,0.5305024837640023,0.030952950286095272,0.024573060581721096,0.49727437916414297,,,,,
shift,,far-heavy-noRel,0,0.5752,0.4734129081438211,0.8072994397689868,0.5322605645099189,0.03205679672822201,0.027615532523943234,0.5154451847365233,,,,,
pe,,flag-rates,0,,,,,,,,0.0001093381696587481,0.05,0.055,0.08727272727272728,0.06
miscal,0.5,nominal,1,0.5684,0.4410301637289661,0.8195188190917615,0.5333868349542868,0.031704468864840726,0.03496824889002843,0.4471959213401311,,,,,
miscal,0.75,nominal,1,0.5724,0.4565046566936926,0.8218635261976602,0.5267180864477222,0.02415222578748041,0.030094412436811116,0.4297159504734159,,,,,
miscal,1.0,nominal,1,0.5692,0.4620322679787525,0.8206470079850133,0.5265563277133738,0.02820215707678268,0.03022327667357564,0.42534595775673706,,,,,
miscal,1.25,nominal,1,0.5688,0.4599892943999132,0.8198271118810729,0.5273479974851937,0.030394292675573018,0.030155898693017484,0.42607428987618357,,,,,
miscal,1.5,nominal,1,0.5684,0.45996689794362533,0.8193131286880422,0.5276821688174582,0.03200531039857355,0.03011792958544084,0.42753095411507647,,,,,
miscal,,nominal-noRel,1,0.5684,0.45996689794362533,0.8192480826798263,0.5277801227956208,0.03189300850797474,0.029762510851641867,0.42753095411507647,,,,,
shift,1.0,far-heavy,1,0.5684,0.4592525920510062,0.8033042344601706,0.5343750470065012,0.031439814966935396,0.026759129604828534,0.48106508875739645,,,,,
shift,,far-heavy-noRel,1,0.5672,0.4585604091853618,0.8008430896123143,0.537300225290879,0.04544605813392915,0.029486746757850096,0.5023668639053255,,,,,
pe,,flag-rates,1,,,,,,,,9.718528155700839e-05,0.05,0.0825,0.13284132841328414,0.04875
miscal,0.5,nominal,2,0.5244,0.4401736969276595,0.7970917125511189,0.5614799025496316,0.029331339840535903,0.04820547831666676,0.4780014914243102,,,,,
miscal,0.75,nominal,2,0.5264,0.45499760400496847,0.8014830995946376,0.5570781414970046,0.04489992839938506,0.04949988625570072,0.4899328859060403,,,,,
miscal,1.0,nominal,2,0.5256,0.46374581253347225,0.8027885794627778,0.556486135031552,0.04497530763025224,0.04665572496495549,0.4981357196122297,,,,,
miscal,1.25,nominal,2,0.526,0.4647862843106219,0.802500160459233,0.5577878572836303,0.04997964807802176,0.04819168486426533,0.5100671140939598,,,,,
miscal,1.5,nominal,2,0.5268,0.4668642588156505,0.802045988372001,0.558536512500543,0.04936999432016893,0.048192387079104955,0.5160328113348247,,,,,
miscal,,nominal-noRel,2,0.5268,0.4668642588156505,0.80196894366648,0.5586300951974894,0.05013600619433593,0.04834673582350912,0.5160328113348247,,,,,
shift,1.0,far-heavy,2,0.5152,0.446328391550444,0.8117266092952088,0.5531716134654904,0.05851067862715831,0.06597140965091315,0.5076201641266119,,,,,
shift,,far-heavy-noRel,2,0.5136,0.4421005026739804,0.8107842472247685,0.5560244686337448,0.06544560855977746,0.06599959976502376,0.49824150058616645,,,,,
pe,,flag-rates,2,,,,,,,,0.00012401827010536393,0.05,0.08,0.13240418118466898,0.0525
miscal,0.5,nominal,3,0.5968,0.49384754599818126,0.8139954956329828,0.5269580351257033,0.05217334887477804,0.039178184517354414,0.47910662824207495,,,,,
miscal,0.75,nominal,3,0.5976,0.49671390242921026,0.8186584299314563,0.5192477083564255,0.04014316855312592,0.03225994157678372,0.45821325648414984,,,,,
miscal,1.0,nominal,3,0.6064,0.5185301016877468,0.8203323175213025,0.51555640234694,0.039639312945365775,0.028161143391616763,0.4675792507204611,,,,,
miscal,1.25,nominal,3,0.6068,0.5191929192581747,0.8201677809720083,0.5147977878581037,0.035754623861388585,0.028885132737014613,0.473342939481268,,,,,
miscal,1.5,nominal,3,0.6068,0.5194240680933921,0.8203256278539819,0.5144170362764214,0.035295765613450415,0.02896593252920717,0.46325648414985593,,,,,
miscal,,nominal-noRel,3,0.6068,0.5194240680933921,0.8202933596641984,0.5143976369273965,0.035116115797570895,0.02898028674858814,0.46469740634005763,,,,,
shift,1.0,far-heavy,3,0.5948,0.4706128222147744,0.8155900684342765,0.5239496760456058,0.040884399274263565,0.031751033550716824,0.4550898203592814,,,,,
shift,,far-heavy-noRel,3,0.598,0.47517035271925034,0.8155989446614196,0.5222312352242868,0.04060936417145528,0.027573188659467153,0.4622754491017964,,,,,
pe,,flag-rates,3,,,,,,,,9.736323463123649e-05,0.05,0.07,0.13382899628252787,0.05625
miscal,0.5,nominal,4,0.5672,0.45251080959062895,0.8107411945068893,0.5424423132424451,0.03457629270108766,0.03724416198243207,0.4801762114537445,,,,,
miscal,0.75,nominal,4,0.5772,0.4739096757234845,0.8152573028765673,0.5369489767593463,0.034913592745334524,0.036540888784294415,0.4698972099853157,,,,,
miscal,1.0,nominal,4,0.5768,0.4824980840377941,0.8171578275572822,0.5354837838389682,0.04441909790649772,0.03806428294158871,0.4750367107195301,,,,,
miscal,1.25,nominal,4,0.5764,0.48602071079203646,0.8171904639383314,0.5359073319372796,0.04769420834617291,0.03727000554406047,0.4669603524229075,,,,,
miscal,1.5,nominal,4,0.5772,0.4862345458355265,0.8170785767977976,0.536082038618167,0.04728866394400888,0.03739442599367917,0.46402349486049926,,,,,
miscal,,nominal-noRel,4,0.5768,0.4868909584975928,0.8167809736046543,0.5366444941594555,0.048595848335997,0.03779190523007592,0.461086637298091,,,,,
shift,1.0,far-heavy,4,0.5776,0.4843354313432446,0.807425893499895,0.5413497459918566,0.06196300572454949,0.04201141153993935,0.490253987005316,,,,,
shift,,far-heavy-noRel,4,0.5684,0.4767801202302564,0.806179235692509,0.5453729123022915,0.07613114669235761,0.04511504589591482,0.4849379799173066,,,,,
pe,,flag-rates,4,,,,,,,,9.378557674527034e-05,0.05,0.0875,0.1384083044982699,0.0425
miscal,0.5,nominal,5,0.56,0.41522380125137776,0.8022198994374138,0.5463611421194506,0.029501323098332182,0.044529519619676654,0.5043859649122807,,,,,
miscal,0.75,nominal,5,0.574,0.464933597123909,0.8094685504816268,0.5381692463584875,0.03014982614016971,0.041903200450559876,0.4788011695906433,,,,,
miscal,1.0,nominal,5,0.5808,0.480886596485431,0.812923780604584,0.5342819838903404,0.039116312485338554,0.04340751048117549,0.47149122807017546,,,,,
miscal,1.25,nominal,5,0.5808,0.47868762696414685,0.8127824918975693,0.5343056094801328,0.0336765460456919,0.0413789971543435,0.47002923976608185,,,,,
miscal,1.5,nominal,5,0.5804,0.4781346706816789,0.8124113416433667,0.5346101800627878,0.034830036407365116,0.04224335172719801,0.472953216374269,,,,,
miscal,,nominal-noRel,5,0.5796,0.47749265960358217,0.8124225118268502,0.5345877482244112,0.03417862458328736,0.042183369631103806,0.472953216374269,,,,,
shift,1.0,far-heavy,5,0.5612,0.41374559898561103,0.8010290605715599,0.537348966172785,0.042747880501038296,0.03355630636995083,0.5198830409356725,,,,,
shift,,far-heavy-noRel,5,0.5592,0.4142887478868487,0.8003230196705915,0.539104373578118,0.04975975644379939,0.03621786035836232,0.5046783625730994,,,,,
pe,,flag-rates,5,,,,,,,,0.00010105423112112518,0.05,0.055,0.10344827586206896,0.07
miscal,0.5,nominal,6,0.59,0.474867306998527,0.819337220752697,0.52419631055491,0.03885817828884901,0.03400744209348436,0.4177215189873418,,,,,
miscal,0.75,nominal,6,0.6036,0.5096446199570195,0.8250777832973053,0.516004604564177,0.03617810589165875,0.028751152185552468,0.42144452717795977,,,,,
miscal,1.0,nominal,6,0.6036,0.5160539071575804,0.8258189713469547,0.5134233329423109,0.030733924767213896,0.028001757810412337,0.43857036485480266,,,,,
miscal,1.25,nominal,6,0.5988,0.5103385587593174,0.8253505433504218,0.5138931428068083,0.018364888657311448,0.026951197614191836,0.4430379746835443,,,,,
miscal,1.5,nominal,6,0.6008,0.5133530153774067,0.8252576786218181,0.5140002760081357,0.023097038344446465,0.0277993771262832,0.43857036485480266,,,,,
miscal,,nominal-noRel,6,0.6004,0.5131340771590239,0.825169976448588,0.5140266676901531,0.024126825040863466,0.027784648484248185,0.43857036485480266,,,,,
shift,1.0,far-heavy,6,0.5884,0.4762214719272485,0.8064601796056319,0.5245707649057587,0.023399401555652954,0.029904635670919003,0.4783118405627198,,,,,
shift,,far-heavy-noRel,6,0.5856,0.47599339989649814,0.8037200615202369,0.5269098693813514,0.026061955549453657,0.02907997055122233,0.4806565064478312,,,,,
pe,,flag-rates,6,,,,,,,,0.00012314705124235922,0.05,0.10375,0.1611842105263158,0.055
miscal,0.5,nominal,7,0.5796,0.5005495475079035,0.8172702375418375,0.528504535369692,0.026217584452199936,0.027430509397424807,0.47569955817378495,,,,,
miscal,0.75,nominal,7,0.5804,0.5053188796411047,0.8191175660224455,0.5245122388332245,0.007754744790441593,0.024800970269044174,0.47790868924889546,,,,,
miscal,1.0,nominal,7,0.5784,0.5079864194395911,0.8194884956694372,0.5239354633592289,0.021233178667031116,0.02728087034696188,0.4683357879234168,,,,,
miscal,1.25,nominal,7,0.5768,0.5050190057355669,0.8181289239202248,0.5259905475102543,0.022738391371536337,0.02741205362430469,0.4690721649484536,,,,,
miscal,1.5,nominal,7,0.5756,0.5034021596562641,0.817987725994587,0.52617142067713,0.025852757981886194,0.027907077221378158,0.4698085419734904,,,,,
miscal,,nominal-noRel,7,0.5764,0.5039295387574757,0.8179621954670295,0.5262204798932406,0.024446521708758787,0.027861010932995953,0.4690721649484536,,,,,
shift,1.0,far-heavy,7,0.5768,0.4959157429036407,0.8184333078461855,0.5213041456209477,0.02807322193705867,0.02724293997083124,0.46108490566037735,,,,,
shift,,far-heavy-noRel,7,0.5744,0.4943890137163952,0.8171645723819597,0.5236823734180923,0.03187212111967831,0.031691915012978654,0.45872641509433965,,,,,
pe,,flag-rates,7,,,,,,,,8.303220555324939e-05,0.05,0.05,0.0924092409240924,0.04875
miscal,0.5,nominal,8,0.5696,0.46270514278620256,0.8175830293727501,0.5318109028110944,0.02004212529992423,0.03214372120608542,0.4331306990881459,,,,,
miscal,0.75,nominal,8,0.5784,0.47893503401996057,0.8224921336824,0.5238654079474439,0.016560150944981776,0.027355874880174318,0.4217325227963526,,,,,
miscal,1.0,nominal,8,0.5744,0.48490809418889524,0.8225924724931251,0.5216356103411154,0.02032890088941881,0.026840177890912406,0.4217325227963526,,,,,
miscal,1.25,nominal,8,0.5732,0.48531105507811306,0.8211900466734736,0.5225188663691135,0.02236130101531402,0.02685505147368477,0.42021276595744683,,,,,
miscal,1.5,nominal,8,0.5732,0.48531105507811306,0.8212083673866596,0.5225626739257186,0.020791606737040377,0.026756637198086672,0.42021276595744683,,,,,
miscal,,nominal-noRel,8,0.5724,0.4848788040404716,0.8210814622382792,0.5226200804828258,0.019276115888379925,0.02660169807783622,0.41641337386018235,,,,,
shift,1.0,far-heavy,8,0.5692,0.465745551676535,0.803382390462294,0.5320191483952956,0.03134766410956957,0.03728320069617583,0.4860202260559191,,,,,
shift,,far-heavy-noRel,8,0.5672,0.4712836568652327,0.8030614496845188,0.5333228789504421,0.03149031957865402,0.039250148236690596,0.4907792980368828,,,,,
pe,,flag-rates,8,,,,,,,,0.00011313769334552686,0.05,0.06625,0.09698996655518395,0.05875
miscal,0.5,nominal,9,0.588,0.480314590458825,0.8143734985100592,0.5271403893127378,0.03193403114831017,0.0296710495370653,0.4368231046931408,,,,,
miscal,0.75,nominal,9,0.594,0.4874286927766778,0.8180722378362586,0.5216896817546167,0.02129555525404526,0.024825145392055235,0.4375451263537906,,,,,
miscal,1.0,nominal,9,0.5956,0.49014138666636475,0.8188637214853896,0.5209770484394252,0.0328848628023774,0.025857939050743566,0.44620938628158846,,,,,
miscal,1.25,nominal,9,0.5948,0.49178795663978037,0.8189386456866544,0.5212850688827954,0.037780572231867864,0.025429999533612004,0.4469314079422383,,,,,
miscal,1.5,nominal,9,0.5944,0.4913070967006935,0.8186839553231624,0.5216408983624604,0.03738926269879171,0.024521649261201626,0.4447653429602888,,,,,
miscal,,nominal-noRel,9,0.5944,0.4913070967006935,0.8186859681534002,0.5217126590062069,0.03776527853785995,0.02495000368124895,0.44404332129963897,,,,,
shift,1.0,far-heavy,9,0.5728,0.46346195948907776,0.8043539687127963,0.5337841451713145,0.027618546579732083,0.023700119886670475,0.49049881235154397,,,,,
shift,,far-heavy-noRel,9,0.5748,0.4676820319219708,0.8030141069695979,0.5350890488834551,0.04887051766677728,0.029998361975272503,0.5065320665083135,,,,,
pe,,flag-rates,9,,,,,,,,0.00014063486397860166,0.05,0.08875,0.1413427561837456,0.05
miscal,0.5,nominal,10,0.5604,0.4643057841812943,0.805785008553429,0.5443536142884615,0.03228465233427164,0.03383253779595642,0.5026615969581749,,,,,
miscal,0.75,nominal,10,0.5632,0.48609997088250456,0.8102396744028381,0.5391999063171129,0.04440628923754538,0.03562034048452452,0.4790874524714829,,,,,
miscal,1.0,nominal,10,0.56,0.48572685812828953,0.8118545470917622,0.538099880445259,0.06117324311647295,0.0405839126339124,0.46844106463878327,,,,,
miscal,1.25,nominal,10,0.5628,0.4910875551194935,0.8124102373564532,0.5376041814483316,0.06001118361549936,0.03948913472164998,0.46311787072243343,,,,,
miscal,1.5,nominal,10,0.5628,0.49089009547968515,0.8120750715780094,0.5379720294029701,0.06062268474300254,0.039475791317546624,0.4623574144486692,,,,,
miscal,,nominal-noRel,10,0.5624,0.49049235113286765,0.8120215491679055,0.5380620305916914,0.061329163605771696,0.03960702603386657,0.4623574144486692,,,,,
shift,1.0,far-heavy,10,0.5808,0.4733588864241723,0.8150784909569021,0.5257493795803659,0.03203865555679492,0.030039481024162547,0.485178463399879,,,,,
shift,,far-heavy-noRel,10,0.5784,0.47147930207303684,0.814245145663115,0.5261117990946711,0.035996671180504994,0.03139717157098251,0.4966727162734422,,,,,
pe,,flag-rates,10,,,,,,,,0.00010947189316902092,0.05,0.07375,0.12371134020618557,0.0425
miscal,0.5,nominal,11,0.5636,0.4809865594689238,0.8072477608673837,0.5389429197581812,0.022834187935104663,0.0334686099394037,0.49242424242424243,,,,,
miscal,0.75,nominal,11,0.5652,0.4926254049422517,0.8101628827356022,0.5348067104976922,0.019698396443148497,0.034769650145770256,0.4984848484848485,,,,,
miscal,1.0,nominal,11,0.562,0.4883631452145327,0.8109392033706047,0.5339560474522156,0.029798275158623922,0.034581179915554025,0.4962121212121212,,,,,
miscal,1.25,nominal,11,0.5632,0.49119241996381646,0.8102783717232797,0.5347717505997721,0.025537382857929846,0.03452042400447093,0.4984848484848485,,,,,
miscal,1.5,nominal,11,0.5624,0.490947239408731,0.8095245859851803,0.5354704256825779,0.0273535145475405,0.03437099802541902,0.5015151515151515,,,,,
miscal,,nominal-noRel,11,0.5616,0.49027362962676346,0.8095422151883211,0.5355014227693706,0.02824700214954559,0.03431048893486888,0.5022727272727273,,,,,
shift,1.0,far-heavy,11,0.552,0.4282680662022541,0.7988139887495133,0.5416130305828641,0.033221906382786125,0.05027699935044694,0.4606741573033708,,,,,
shift,,far-heavy-noRel,11,0.5508,0.4302798226000615,0.7982978351924856,0.5433606261122148,0.03784610635045092,0.05096392691473149,0.46599645180366644,,,,,
pe,,flag-rates,11,,,,,,,,0.00013689543214738756,0.05,0.1025,0.17406143344709898,0.05375
miscal,0.5,nominal,12,0.5692,0.44453772377165984,0.806135671188544,0.5400592068986679,0.02811275603925473,0.036182283838971346,0.5506190823015294,,,,,
miscal,0.75,nominal,12,0.578,0.47299353338142536,0.8127280186560463,0.5323888269593906,0.025777768450440906,0.03549647869245085,0.5149308084486526,,,,,
miscal,1.0,nominal,12,0.584,0.48265545218267775,0.8154762778394344,0.5287764051242708,0.017819082254426792,0.03280971769176524,0.5032774945375091,,,,,
miscal,1.25,nominal,12,0.5864,0.4889238302107245,0.8163729515634479,0.5274945935715996,0.016647002414261956,0.03235853482376128,0.4901675163874727,,,,,
miscal,1.5,nominal,12,0.5856,0.48783347457326715,0.8165448182414299,0.5273216352397876,0.01615147810021754,0.03240319502878941,0.493809176984705,,,,,
miscal,,nominal-noRel,12,0.5852,0.48756692999078266,0.816549352643,0.5273043139620646,0.01696843606209143,0.032445264882164045,0.4923525127458121,,,,,
shift,1.0,far-heavy,12,0.58,0.43762289205915844,0.8072360306919212,0.5300485819246625,0.028499815768727513,0.040133316035058895,0.5102880658436214,,,,,
shift,,far-heavy-noRel,12,0.5748,0.43313738053654843,0.8076069890269727,0.530030133300084,0.03118262936734908,0.03937747134541952,0.5167548500881834,,,,,
pe,,flag-rates,12,,,,,,,,0.00010382079847680734,0.05,0.08875,0.1443661971830986,0.055
miscal,0.5,nominal,13,0.5552,0.4644981747684819,0.8126343172369616,0.545782100246068,0.015202513024299754,0.0389370943964667,0.4937791601866252,,,,,
miscal,0.75,nominal,13,0.562,0.47438003436604725,0.8166484683821249,0.5373163995854513,0.018461170571958684,0.0360770551005709,0.4782270606531882,,,,,
miscal,1.0,nominal,13,0.5624,0.47385062438788633,0.8176119558583786,0.5340013139796637,0.02882825149913603,0.03340105462247133,0.46967340590979784,,,,,
miscal,1.25,nominal,13,0.5628,0.4780306858437116,0.8174646608624323,0.5341253990813111,0.033242747985336024,0.03366322444129921,0.46111975116640747,,,,,
miscal,1.5,nominal,13,0.562,0.4777898221410151,0.8175689538284812,0.534238271626264,0.03272978991547994,0.034153738794504805,0.45878693623639194,,,,,
miscal,,nominal-noRel,13,0.5612,0.4794523036297576,0.8174144021211798,0.5345600625751838,0.03503236791366718,0.0351646950244594,0.4642301710730949,,,,,
shift,1.0,far-heavy,13,0.5744,0.4640138170708556,0.7963791859301251,0.5390504536314503,0.01803612580321927,0.02147628689490901,0.5343693962940825,,,,,
shift,,far-heavy-noRel,13,0.5728,0.46542889830010115,0.7969296351714263,0.5392310889018223,0.025396939541263902,0.02533880373272266,0.5242080095636581,,,,,
pe,,flag-rates,13,,,,,,,,0.00010445238416984864,0.05,0.06875,0.08361204013377926,0.05375
miscal,0.5,nominal,14,0.5776,0.47500930108290096,0.8135256534958731,0.5331345799349947,0.021186585916748824,0.029962031230743917,0.4573529411764706,,,,,
miscal,0.75,nominal,14,0.5744,0.48184839037942173,0.8157970689388023,0.5275307834393202,0.03760043569910592,0.02637782519207031,0.44926470588235295,,,,,
miscal,1.0,nominal,14,0.5724,0.4860894177953117,0.8159247361404856,0.5264014827838187,0.024174594599681992,0.02255498794460745,0.47205882352941175,,,,,
miscal,1.25,nominal,14,0.5724,0.4876111070017271,0.8154240779136556,0.5273337224598348,0.026138746430560137,0.021630775947240753,0.4632352941176471,,,,,
miscal,1.5,nominal,14,0.5704,0.4861401071575319,0.8147955141834269,0.5282884600639359,0.029122760661755932,0.021641891150558163,0.4647058823529412,,,,,
miscal,,nominal-noRel,14,0.5704,0.4861401071575319,0.8147901414374129,0.5283456817312131,0.029335207848614275,0.021944104519207527,0.4647058823529412,,,,,
shift,1.0,far-heavy,14,0.5876,0.47428969699246076,0.8091657949553392,0.5258961792292438,0.018005907756965017,0.019195489964117542,0.46958062610750145,,,,,
shift,,far-heavy-noRel,14,0.5784,0.47499280643061076,0.8065057963747384,0.5297487736904081,0.031265997570522196,0.025436301860344013,0.4790313053750738,,,,,
pe,,flag-rates,14,,,,,,,,0.00010974241501080635,0.05,0.08625,0.16236162361623616,0.07125
miscal,0.5,nominal,15,0.5608,0.426989746008595,0.8066521765279389,0.5404255129206528,0.030620018937414038,0.029219118118056116,0.5003739715781601,,,,,
miscal,0.75,nominal,15,0.5732,0.4618307962319924,0.8130038677068119,0.5332763707973021,0.025334785565688783,0.026001763302008252,0.49289454001495886,,,,,
miscal,1.0,nominal,15,0.5804,0.4782553722013461,0.8151549541360088,0.5307725583688767,0.03655495802622141,0.027698961058023074,0.48541510845175767,,,,,
miscal,1.25,nominal,15,0.582,0.47979321794704294,0.8154475980666862,0.5308118014406491,0.03960514930766373,0.0288029119908566,0.4809274495138369,,,,,
miscal,1.5,nominal,15,0.5816,0.47794691256199323,0.8153468837077973,0.5312782119639645,0.03849603671226358,0.028531439200297763,0.4809274495138369,,,,,
miscal,,nominal-noRel,15,0.5792,0.4765239951952207,0.8153340581301558,0.5312850486936164,0.036758505403281426,0.027526334789979328,0.4809274495138369,,,,,
shift,1.0,far-heavy,15,0.5788,0.4544949281177837,0.8072901917879789,0.5287816289316013,0.014554786091745433,0.021304151710717596,0.5292726197516262,,,,,
shift,,far-heavy-noRel,15,0.5756,0.4514960531150021,0.8055298697971454,0.5316414986293901,0.02386061138988265,0.023749335992011237,0.5292726197516262,,,,,
pe,,flag-rates,15,,,,,,,,9.319239670415856e-05,0.05,0.0725,0.12709030100334448,0.045
miscal,0.5,nominal,16,0.5728,0.4752019615923175,0.8125668532984813,0.5311310193508487,0.027944588301300352,0.03127215653642314,0.49244712990936557,,,,,
miscal,0.75,nominal,16,0.5804,0.4848512771021441,0.8158375673217697,0.5255766605169432,0.02823733967425488,0.02751367570527413,0.4818731117824773,,,,,
miscal,1.0,nominal,16,0.5728,0.47777319650820604,0.8161648049229071,0.5244060190466888,0.014628375895971301,0.02766812311603684,0.4818731117824773,,,,,
miscal,1.25,nominal,16,0.5732,0.4803537967654537,0.8147478160036031,0.5265146201483387,0.019022012130799786,0.026874293710386826,0.4788519637462236,,,,,
miscal,1.5,nominal,16,0.5732,0.4813204707148379,0.8143534100052994,0.5272375671981469,0.020584815178277798,0.027686852470789693,0.4826283987915408,,,,,
miscal,,nominal-noRel,16,0.5732,0.4813204707148379,0.8143106697936403,0.5272984269566117,0.021440493454137472,0.027345847999553828,0.4826283987915408,,,,,
shift,1.0,far-heavy,16,0.5704,0.4881808715824748,0.8108949831094294,0.5257989777252511,0.03160056576722769,0.030794682523377706,0.4930513595166163,,,,,
shift,,far-heavy-noRel,16,0.564,0.4837041159784445,0.8071601296900286,0.5299228227539896,0.02771865103885904,0.031225887670052216,0.5117824773413897,,,,,
pe,,flag-rates,16,,,,,,,,0.0001205705574354561,0.05,0.06375,0.11196911196911197,0.05875
miscal,0.5,nominal,17,0.5728,0.4509855159823574,0.8201283636811005,0.5333985539765416,0.031805556485407144,0.042832429267237626,0.4356877323420074,,,,,
miscal,0.75,nominal,17,0.5832,0.4739051048953249,0.8251399642608753,0.5250650344668476,0.029413652166376952,0.04093791135191927,0.4342007434944238,,,,,
miscal,1.0,nominal,17,0.5864,0.4933785420525614,0.825939790952,0.5217009780680659,0.024062473321450305,0.0371415994283977,0.4401486988847584,,,,,
miscal,1.25,nominal,17,0.5788,0.48118046884132476,0.8251452429889502,0.5211001173398163,0.02564688159237727,0.03695131107208958,0.43717472118959105,,,,,
miscal,1.5,nominal,17,0.5732,0.47785210849703247,0.8238296590991823,0.5222603766065772,0.028335858254310946,0.036592300809312805,0.43717472118959105,,,,,
miscal,,nominal-noRel,17,0.5744,0.47922081963698065,0.8233764242222934,0.5227447844031557,0.03236034357395341,0.03663806094240737,0.4379182156133829,,,,,
shift,1.0,far-heavy,17,0.5816,0.43262770746555324,0.8048327713402579,0.5243701769528362,0.02539963187190093,0.028031553246989492,0.5160537069468768,,,,,
shift,,far-heavy-noRel,17,0.5788,0.43391699706008846,0.805245996854757,0.5248878730789621,0.021583883487159106,0.02626825351579462,0.5148861646234676,,,,,
pe,,flag-rates,17,,,,,,,,0.00014436218358628104,0.04875,0.08375,0.14383561643835616,0.0625
miscal,0.5,nominal,18,0.588,0.5060838224996165,0.8165829014399884,0.5230786018155497,0.04232684894354351,0.026311772610598024,0.4980813507290867,,,,,
miscal,0.75,nominal,18,0.582,0.5088471490799606,0.8192325845249278,0.5180989348703134,0.023478354888165305,0.02468677893928777,0.488871834228703,,,,,
miscal,1.0,nominal,18,0.5804,0.5148623131949311,0.8188393589718759,0.5188367552011875,0.022688299453205638,0.026271427300318336,0.4927091327705295,,,,,
miscal,1.25,nominal,18,0.5812,0.5141673388052151,0.8175900394004589,0.5208475725858338,0.0300387331865647,0.02773948053304201,0.49961627014581733,,,,,
miscal,1.5,nominal,18,0.5816,0.513965992566224,0.8172747865216199,0.5213558463445849,0.029658108278235198,0.026903589591593082,0.5026861089792786,,,,,
miscal,,nominal-noRel,18,0.5812,0.5137220895685313,0.8172235838331671,0.5214680778694791,0.029037461567868954,0.02736750286442549,0.5003837298541827,,,,,
shift,1.0,far-heavy,18,0.5772,0.47368997914349664,0.8083462701108131,0.5251078038181467,0.022299521797676303,0.033675391617257744,0.5049218297625941,,,,,
shift,,far-heavy-noRel,18,0.5692,0.4641845515357752,0.806719939484819,0.5276963835078224,0.026825413947331945,0.032701495400755454,0.5107122177185871,,,,,
pe,,flag-rates,18,,,,,,,,8.545890481595582e-05,0.05,0.0625,0.09259259259259259,0.0675
miscal,0.5,nominal,19,0.5764,0.46880452555735586,0.8134329768334225,0.534253093418497,0.03743570434898133,0.03345202915309307,0.48564954682779454,,,,,
miscal,0.75,nominal,19,0.5816,0.4873676389286291,0.818186512799285,0.5267234599826235,0.028525866839652688,0.03001501308808485,0.4743202416918429,,,,,
miscal,1.0,nominal,19,0.5816,0.481618400359401,0.818929837948258,0.5246887541016253,0.017739772411734838,0.025447781692460827,0.46148036253776437,,,,,
miscal,1.25,nominal,19,0.58,0.4816135051152414,0.8183382304223443,0.5252600607941417,0.02090312507192993,0.0250091872706703,0.4501510574018127,,,,,
miscal,1.5,nominal,19,0.5804,0.4818799392296445,0.8179682535375775,0.525510816226773,0.018464251865011237,0.02492289359356303,0.45317220543806647,,,,,
miscal,,nominal-noRel,19,0.5804,0.48187650001347143,0.8179136557515714,0.5255519141286572,0.019410847532193107,0.024767844368274786,0.452416918429003,,,,,
shift,1.0,far-heavy,19,0.5676,0.44058622900170563,0.8083417328515128,0.5290092506322209,0.020320845702557305,0.02555030819868863,0.5030339805825242,,,,,
shift,,far-heavy-noRel,19,0.5668,0.4384021188136219,0.8072228900447017,0.5297643035529341,0.014501153713531886,0.025904991261637176,0.504247572815534,,,,,
pe,,flag-rates,19,,,,,,,,0.00011342923925386843,0.04875,0.07625,0.125,0.065
