rep,rf_likelihood,acc,macroAUC,ece,brier,cwece
0,abstract,0.5612,0.8001441226510387,0.04772133253951573,0.5464198264415169,0.03572425808850165
0,calib-hard,0.5876,0.8136961427382503,0.019110973094183272,0.5264967613381055,0.020994964503162607
0,calib-soft,0.5852,0.8129601499173378,0.01896541684543405,0.5268626136656296,0.02175309276815117
1,abstract,0.5384,0.8062206220634229,0.06410939688534685,0.5485513567634109,0.04011502328322801
1,calib-hard,0.5708,0.8215273178243834,0.026206334672309546,0.5252382895146802,0.02941734702151208
1,calib-soft,0.5728,0.8196763219398717,0.03047622348204434,0.5272736202356354,0.03075007498394292
2,abstract,0.5056,0.7780597239719198,0.07958749882622292,0.5878492716992613,0.05515260245638898
2,calib-hard,0.5316,0.80468323053109,0.03600999098653696,0.5538048128759677,0.04643480443036901
2,calib-soft,0.534,0.8046596715185522,0.03358968258862016,0.5534403230110417,0.047029598605241286
3,abstract,0.5684,0.8015334555242358,0.03329467838578795,0.5388686924244283,0.035339080628049795
3,calib-hard,0.6048,0.8216078606433586,0.0347530581049254,0.5126322722239606,0.030184287653438467
3,calib-soft,0.6048,0.8219645488184006,0.03476396348461279,0.512530606128998,0.02856477658356728
4,abstract,0.55,0.8001372137406131,0.0961943612436911,0.5686769793870057,0.05743906698764169
4,calib-hard,0.5752,0.8177427265266477,0.04947116822001663,0.5355758327410577,0.038106557471517866
4,calib-soft,0.5744,0.8177100410474898,0.051427162943698305,0.5352320185031071,0.03800950173957445
5,abstract,0.534,0.7867970072719017,0.0941792548056124,0.5806141665044167,0.06719070657269427
5,calib-hard,0.5784,0.8147299363512819,0.03691358890669179,0.5314370480417989,0.043026510768090734
5,calib-soft,0.5824,0.8155896496376057,0.03725250310112556,0.5303656143577168,0.04463434592931343
6,abstract,0.5688,0.8033853154702204,0.03455651104450292,0.5406210822244151,0.029055484810436648
6,calib-hard,0.6072,0.8247235179415808,0.03617242399236535,0.5146300931307427,0.029917337668737127
6,calib-soft,0.6068,0.8253164181892501,0.035431408718195466,0.513694612043592,0.03044391823991552
7,abstract,0.5612,0.8014551248929469,0.061995859786446304,0.5537201770922519,0.039191362929726296
7,calib-hard,0.5788,0.8199308886927813,0.015937830145993172,0.5235925011202238,0.02581478872933904
7,calib-soft,0.5848,0.8207930704623712,0.012839659692003725,0.5228878055717031,0.02678225050894345
8,abstract,0.5404,0.8054840672951296,0.05003267206867093,0.5474381216723554,0.040805948438625166
8,calib-hard,0.5784,0.823456277500145,0.03186912376941205,0.5201300179943599,0.028345847542786136
8,calib-soft,0.5812,0.8238953609525089,0.03393679467136444,0.5195438719670796,0.02765438997315142
9,abstract,0.5624,0.8008031799786965,0.06113098418509163,0.5485747205842353,0.04248936435763912
9,calib-hard,0.5968,0.8208845205090033,0.029957884409186144,0.5183561510952148,0.024349587711798855
9,calib-soft,0.5964,0.8216324800985242,0.028906231327868626,0.5172294092018311,0.025570443066301008
10,abstract,0.5428,0.7944444940484402,0.09210527044910909,0.5757781370210653,0.0630525037163506
10,calib-hard,0.5624,0.8139864165839468,0.059637807595257816,0.5360968206010703,0.03899336028637679
10,calib-soft,0.5632,0.8143810693443347,0.057001037547366504,0.5350929278124253,0.03885799451869511
11,abstract,0.5496,0.7928244591926785,0.05498338536887739,0.5554977145064919,0.03997391687744224
11,calib-hard,0.5644,0.812919269914668,0.026252323473956056,0.5314715506369855,0.034710069983987214
11,calib-soft,0.5648,0.8135661829083469,0.023792887211366215,0.530690538072527,0.034583093716296226
12,abstract,0.5524,0.7935107156836766,0.050709244055177426,0.5631899704080686,0.048926036177025393
12,calib-hard,0.5844,0.8172304896714631,0.02097631461651959,0.5264118867049931,0.03335677319320954
12,calib-soft,0.5852,0.8173497903989358,0.02027898566211103,0.5263586292535168,0.033069493757062036
13,abstract,0.5228,0.7957168214401478,0.08980331214741862,0.5780412726865306,0.06173030828887709
13,calib-hard,0.5644,0.8200833147062528,0.028383565325077846,0.5311395419884581,0.03361825848368532
13,calib-soft,0.5636,0.8201951098119302,0.029017493493291427,0.5307161568929726,0.03358258590018205
14,abstract,0.5436,0.8041738934730187,0.0691992290204188,0.5542011139124963,0.048123152295849014
14,calib-hard,0.572,0.8174922218720249,0.02522505129252336,0.5253441047436112,0.022558123839977094
14,calib-soft,0.5732,0.8177201441415072,0.030366819715057045,0.5248437243749988,0.022891026964941347
15,abstract,0.5532,0.7963120119502237,0.06362301654245521,0.5564732815001399,0.037783362759497285
15,calib-hard,0.5724,0.8159878836755088,0.03396250292165997,0.5292028425258015,0.028174669879630583
15,calib-soft,0.574,0.8164551977848459,0.03143195633458441,0.5285092900392873,0.02714296894675345
16,abstract,0.5624,0.8014957040795399,0.040557650129778855,0.5442816597530831,0.034933037512013536
16,calib-hard,0.5768,0.8177764259527316,0.017141312792982772,0.5226705938652202,0.024328610906384718
16,calib-soft,0.5804,0.8196733541116493,0.021131229763219288,0.5208403368371867,0.024112074114278403
17,abstract,0.536,0.8041552410598327,0.07526670605170917,0.5519245053290837,0.051437061450039526
17,calib-hard,0.5904,0.8300486980364309,0.022434976723532084,0.5166096362703526,0.03787432707210766
17,calib-soft,0.5888,0.8301273481339949,0.023064379730488412,0.5166743607905855,0.03742988628807689
18,abstract,0.5512,0.8026119859192394,0.054167908826776884,0.5438790843541006,0.04128677069515569
18,calib-hard,0.5836,0.8198843594538471,0.023301275688241096,0.5182206274934289,0.02522743062475561
18,calib-soft,0.5836,0.8203606020855095,0.01557216361073792,0.5173812197145938,0.02538438718741138
19,abstract,0.5448,0.7960807230538276,0.045075963892900826,0.5529843922765247,0.031103399033482207
19,calib-hard,0.5828,0.8202394884809859,0.015960110707673943,0.5223683516388734,0.02584599364419015
19,calib-soft,0.5864,0.8202461148462351,0.02176832606374082,0.5223460782278077,0.02607878421969957
