rep,bins,model,ece,cwece
0,5,Proposed,0.005899799305342974,0.014463078905364994
0,5,CPT-oracle,0.009807548283452013,0.01252285128981688
0,10,Proposed,0.027173857244554792,0.019567710844304524
0,10,CPT-oracle,0.02356591688746777,0.018708134105498538
0,15,Proposed,0.02369458137506948,0.02266427135182663
0,15,CPT-oracle,0.017974789943152367,0.020289683893212004
0,20,Proposed,0.03051813658559651,0.025485134314548984
0,20,CPT-oracle,0.030657701918078595,0.022999194662651986
0,30,Proposed,0.03001266689306924,0.028702400941194174
0,30,CPT-oracle,0.03472325373617753,0.02739232547043252
0,50,Proposed,0.035353781494961434,0.03707250825646202
0,50,CPT-oracle,0.05276361312639929,0.035235763871255446
1,5,Proposed,0.01840330397319296,0.023559047293463142
1,5,CPT-oracle,0.01032485316548047,0.010538449708219093
1,10,Proposed,0.02773307925138032,0.026820295980976405
1,10,CPT-oracle,0.022536596410326327,0.015285618090542123
1,15,Proposed,0.02820215707678268,0.03022327667357564
1,15,CPT-oracle,0.02439158133198784,0.019506299806005087
1,20,Proposed,0.02817415049908978,0.031168725991955012
1,20,CPT-oracle,0.026000199850574637,0.018440947783191948
1,30,Proposed,0.03028089760893437,0.03410370911089429
1,30,CPT-oracle,0.031215571722427844,0.025048384768612528
1,50,Proposed,0.03855216582534459,0.041034732010615665
1,50,CPT-oracle,0.039390234789819255,0.03253503768647347
2,5,Proposed,0.042889094350779366,0.04518215168338067
2,5,CPT-oracle,0.01392881591441551,0.013089062884626598
2,10,Proposed,0.0432931872009744,0.04627372350837507
2,10,CPT-oracle,0.013928815914415535,0.015163949817038055
2,15,Proposed,0.04497530763025224,0.04665572496495549
2,15,CPT-oracle,0.014809163428584564,0.02071149740343859
2,20,Proposed,0.047686504636028935,0.047452100204769324
2,20,CPT-oracle,0.014515114883499016,0.01965026322233635
2,30,Proposed,0.050829000634915286,0.0504091832042343
2,30,CPT-oracle,0.02554387010307345,0.026213341313686554
2,50,Proposed,0.05208261203017423,0.056560428946462314
2,50,CPT-oracle,0.029816978757423635,0.03072291002419897
3,5,Proposed,0.03963931294536576,0.02349277361149312
3,5,CPT-oracle,0.020987630792462623,0.014050835919254953
3,10,Proposed,0.03963931294536574,0.029320701036685833
3,10,CPT-oracle,0.021120467890352223,0.016355053100857886
3,15,Proposed,0.039639312945365775,0.028161143391616763
3,15,CPT-oracle,0.022880108288876815,0.019051065350085286
3,20,Proposed,0.04028921501104033,0.034226916952800036
3,20,CPT-oracle,0.02659485951514086,0.020124338993991416
3,30,Proposed,0.04144870360461277,0.03646552779369751
3,30,CPT-oracle,0.034907623391944295,0.02684247591874118
3,50,Proposed,0.04726805366185625,0.042483816816613104
3,50,CPT-oracle,0.03517655898851505,0.032612715077409093
4,5,Proposed,0.044419097906497694,0.03487440583110914
4,5,CPT-oracle,0.009104521435148455,0.008337975707134928
4,10,Proposed,0.044419097906497756,0.035338689601813716
4,10,CPT-oracle,0.009104521435148517,0.015384646309344956
4,15,Proposed,0.04441909790649772,0.03806428294158871
4,15,CPT-oracle,0.01136061483503001,0.018090094718550356
4,20,Proposed,0.050076554220657925,0.040130314730414535
4,20,CPT-oracle,0.014300352465937746,0.022110675562092837
4,30,Proposed,0.05002260252198784,0.04406320807629821
4,30,CPT-oracle,0.019530985868063146,0.026943243692713784
4,50,Proposed,0.05279297405523805,0.05014485400022078
4,50,CPT-oracle,0.0303031364875975,0.03493771019577382
5,5,Proposed,0.03102879665457324,0.0399073256599416
5,5,CPT-oracle,0.003242742083340212,0.011435621869840642
5,10,Proposed,0.031028796654573292,0.03990732565994161
5,10,CPT-oracle,0.016255118658200157,0.015668294200154642
5,15,Proposed,0.039116312485338554,0.04340751048117549
5,15,CPT-oracle,0.007907939134643566,0.022070237395395202
5,20,Proposed,0.03142697522810791,0.041615071668144224
5,20,CPT-oracle,0.027310123838973265,0.023518231161386908
5,30,Proposed,0.04002313869093237,0.04618699801122626
5,30,CPT-oracle,0.031134910804999753,0.027348379344059155
5,50,Proposed,0.045839406284145054,0.048515972080983925
5,50,CPT-oracle,0.03138117694805528,0.03266794265121299
6,5,Proposed,0.026017615179931473,0.022737831063313778
6,5,CPT-oracle,0.02107447185213919,0.013425321992010483
6,10,Proposed,0.027875433112123985,0.024108211720914385
6,10,CPT-oracle,0.021794804037656858,0.01699263049231857
6,15,Proposed,0.030733924767213896,0.028001757810412337
6,15,CPT-oracle,0.021660038137741415,0.01856835411019308
6,20,Proposed,0.032728361191886275,0.03060516425807187
6,20,CPT-oracle,0.02305577460772799,0.02183561851418248
6,30,Proposed,0.03500055012574899,0.03374382980320432
6,30,CPT-oracle,0.029986825356465786,0.028512325886136926
6,50,Proposed,0.038045283242377374,0.04206106541061236
6,50,CPT-oracle,0.03490316742036603,0.034403742379090656
7,5,Proposed,0.013160086745081578,0.020483773066201083
7,5,CPT-oracle,0.018824915411501834,0.015162963999476189
7,10,Proposed,0.01647401328278813,0.024542171834693444
7,10,CPT-oracle,0.020979151257030825,0.016968708347054585
7,15,Proposed,0.021233178667031116,0.02728087034696188
7,15,CPT-oracle,0.021822996884051482,0.01938125144613988
7,20,Proposed,0.01647401328278815,0.029892630872348364
7,20,CPT-oracle,0.020979151257030922,0.02071178002744612
7,30,Proposed,0.023917686548979203,0.036125899647286894
7,30,CPT-oracle,0.021952178285588517,0.023351946011948517
7,50,Proposed,0.027733504214055706,0.039814616697780476
7,50,CPT-oracle,0.02526903520335936,0.029591231673733582
8,5,Proposed,0.011686756536462225,0.020965809507163105
8,5,CPT-oracle,0.010791020996348263,0.008345249014725916
8,10,Proposed,0.026798817861267425,0.022891356556147525
8,10,CPT-oracle,0.010791020996348221,0.012221789623502944
8,15,Proposed,0.02032890088941881,0.026840177890912406
8,15,CPT-oracle,0.011816595427742936,0.016276983193160316
8,20,Proposed,0.026927257574590205,0.026294363240741685
8,20,CPT-oracle,0.01689793467002241,0.018429173273908563
8,30,Proposed,0.029489095420386757,0.031139404294521965
8,30,CPT-oracle,0.021930043275591452,0.024104005139747933
8,50,Proposed,0.03915764057182892,0.04018965405218978
8,50,CPT-oracle,0.03137667532492358,0.03436026627420695
9,5,Proposed,0.022676722993011923,0.01647259731862553
9,5,CPT-oracle,0.008803942866451734,0.01142601245407743
9,10,Proposed,0.024585189485361376,0.01991222300363937
9,10,CPT-oracle,0.010046021438612097,0.012558794905982346
9,15,Proposed,0.0328848628023774,0.025857939050743566
9,15,CPT-oracle,0.011936581009796533,0.016616120426985993
9,20,Proposed,0.0335212081437066,0.027305964795007867
9,20,CPT-oracle,0.015060795379659951,0.017633757887803324
9,30,Proposed,0.03288486280237733,0.033714080859201634
9,30,CPT-oracle,0.01803891386992652,0.02232253026055683
9,50,Proposed,0.03410608287852308,0.039557798278291506
9,50,CPT-oracle,0.02691783552933715,0.02936535016175133
10,5,Proposed,0.059790983057264574,0.03221965878406163
10,5,CPT-oracle,0.012480522088319275,0.011538533567799799
10,10,Proposed,0.059790983057264546,0.038352359866996505
10,10,CPT-oracle,0.012480522088319238,0.014253155996001172
10,15,Proposed,0.06117324311647295,0.0405839126339124
10,15,CPT-oracle,0.017695490234989054,0.01580393942339047
10,20,Proposed,0.06003520434392807,0.04015771785480152
10,20,CPT-oracle,0.021618005335879598,0.021118438719061883
10,30,Proposed,0.06137462732338746,0.04327237540520934
10,30,CPT-oracle,0.022170606236786284,0.021696990961275885
10,50,Proposed,0.061936159301101315,0.0474097055447721
10,50,CPT-oracle,0.027002876790945842,0.03191596518478719
11,5,Proposed,0.023225561980914564,0.030960339676190666
11,5,CPT-oracle,0.0037646598121626336,0.010101206396144993
11,10,Proposed,0.028637522277483885,0.033125123070036774
11,10,CPT-oracle,0.0090142720579254,0.010962254642803166
11,15,Proposed,0.029798275158623922,0.034581179915554025
11,15,CPT-oracle,0.019787753002779195,0.016405470591764316
11,20,Proposed,0.028637522277483892,0.03489120403024399
11,20,CPT-oracle,0.025394444626921375,0.019426026385171866
11,30,Proposed,0.03315258280169421,0.039108791213962754
11,30,CPT-oracle,0.027158736556341698,0.023187121393993624
11,50,Proposed,0.03285228555727208,0.0443406182614066
11,50,CPT-oracle,0.03586498590153627,0.029804397515597353
12,5,Proposed,0.015411442192127686,0.02975466866439829
12,5,CPT-oracle,0.015442196207420395,0.008912701489232044
12,10,Proposed,0.019215290570756743,0.030534985098801707
12,10,CPT-oracle,0.015914645049944127,0.014838403328574773
12,15,Proposed,0.017819082254426792,0.03280971769176524
12,15,CPT-oracle,0.023876034864766096,0.017510196827423587
12,20,Proposed,0.024662189672407946,0.03464163077729966
12,20,CPT-oracle,0.02417007435823533,0.02052268364861971
12,30,Proposed,0.02282736904514856,0.03763593741812809
12,30,CPT-oracle,0.024627333208182767,0.023844949114216085
12,50,Proposed,0.029388564732377227,0.04157493953025353
12,50,CPT-oracle,0.03685740305703116,0.034570755230225333
13,5,Proposed,0.02778312234718482,0.03227476887907211
13,5,CPT-oracle,0.006903955750037061,0.014001753907849131
13,10,Proposed,0.027783122347184802,0.03352322436249436
13,10,CPT-oracle,0.007165088358568473,0.01718258469390481
13,15,Proposed,0.02882825149913603,0.03340105462247133
13,15,CPT-oracle,0.006907399613597763,0.021029072315802366
13,20,Proposed,0.031057184134311192,0.03504155011574234
13,20,CPT-oracle,0.01235202549067585,0.022560181797662317
13,30,Proposed,0.043508139351727856,0.038873343080939995
13,30,CPT-oracle,0.015463901309626448,0.02665269970229648
13,50,Proposed,0.04723921278613571,0.04235614158667894
13,50,CPT-oracle,0.024205222005216267,0.03308864920364982
14,5,Proposed,0.023180293039077135,0.01857628384658581
14,5,CPT-oracle,0.015324412616203197,0.011786883350347416
14,10,Proposed,0.0309946785906811,0.022069617484631286
14,10,CPT-oracle,0.01888995890321983,0.016227191296153583
14,15,Proposed,0.024174594599681992,0.02255498794460745
14,15,CPT-oracle,0.018125067855345116,0.01956054921901047
14,20,Proposed,0.033575174898480324,0.026573931349857548
14,20,CPT-oracle,0.022708117240718532,0.02184310820726996
14,30,Proposed,0.03181115863379935,0.029060070161484517
14,30,CPT-oracle,0.026105873684686528,0.025669255159241646
14,50,Proposed,0.05004956887296992,0.03808502096663879
14,50,CPT-oracle,0.03892918870365433,0.03279303057546626
15,5,Proposed,0.021310721198332168,0.024147310144970853
15,5,CPT-oracle,0.015128315466788595,0.01099061898899832
15,10,Proposed,0.02465879267526509,0.0254973913345668
15,10,CPT-oracle,0.019769830167352728,0.013624586239327342
15,15,Proposed,0.03655495802622141,0.027698961058023074
15,15,CPT-oracle,0.021206480506248772,0.02063356763217213
15,20,Proposed,0.026980985755685676,0.03019036354330178
15,20,CPT-oracle,0.022831221604217675,0.020837670887694202
15,30,Proposed,0.03674741194078064,0.03363823151246297
15,30,CPT-oracle,0.02414254150958587,0.025606495696105864
15,50,Proposed,0.04195250665455076,0.039860846357842664
15,50,CPT-oracle,0.03570143482719457,0.03377075040221278
16,5,Proposed,0.005554952898889865,0.02236967311930238
16,5,CPT-oracle,0.0109758571810919,0.014404358110347206
16,10,Proposed,0.008671202850486885,0.023730303695608662
16,10,CPT-oracle,0.011507205572650553,0.017094196376744798
16,15,Proposed,0.014628375895971301,0.02766812311603684
16,15,CPT-oracle,0.014117424812389928,0.017934339085297405
16,20,Proposed,0.019500837449264976,0.029613222595909334
16,20,CPT-oracle,0.027683161790135802,0.02279348568120739
16,30,Proposed,0.02259388091548689,0.033726643168018954
16,30,CPT-oracle,0.017528371944126177,0.02711195841958816
16,50,Proposed,0.045973691868970386,0.03845722296769697
16,50,CPT-oracle,0.03276279283257542,0.03662838713157062
17,5,Proposed,0.016512419499904004,0.03287907916400415
17,5,CPT-oracle,0.005072217921932177,0.010507949554873105
17,10,Proposed,0.03913089435352781,0.03480045440201137
17,10,CPT-oracle,0.0103490570205619,0.013660789265191191
17,15,Proposed,0.024062473321450305,0.0371415994283977
17,15,CPT-oracle,0.015432581367289975,0.015503699930146587
17,20,Proposed,0.046425666364705666,0.04098361564870315
17,20,CPT-oracle,0.02434539601850176,0.022272338950271243
17,30,Proposed,0.04755081821982128,0.04401372546981745
17,30,CPT-oracle,0.02356625803302265,0.024460547019932312
17,50,Proposed,0.058255306326881286,0.047753218825353355
17,50,CPT-oracle,0.026223576365063467,0.03595221308157571
18,5,Proposed,0.016559621508692876,0.01803367495193392
18,5,CPT-oracle,0.013822270983715386,0.010664088357250846
18,10,Proposed,0.03039124975533223,0.02608111315526655
18,10,CPT-oracle,0.016501725613372074,0.015812890338513734
18,15,Proposed,0.022688299453205638,0.026271427300318336
18,15,CPT-oracle,0.01912824021099684,0.017480026992879646
18,20,Proposed,0.030895513245035453,0.02974178061489369
18,20,CPT-oracle,0.0207418603670914,0.019962605100947727
18,30,Proposed,0.03772608802961672,0.03432455097069156
18,30,CPT-oracle,0.024820453989809328,0.02542732998032108
18,50,Proposed,0.04138406660822329,0.03734300353655735
18,50,CPT-oracle,0.02772248373171202,0.03263427932164245
19,5,Proposed,0.012869607685102367,0.017654112725598237
19,5,CPT-oracle,0.015764516134539264,0.012164945278354626
19,10,Proposed,0.025241355549360245,0.025468264701477616
19,10,CPT-oracle,0.01576451613453924,0.013583329009430902
19,15,Proposed,0.017739772411734838,0.025447781692460827
19,15,CPT-oracle,0.016861148579313524,0.018619067462691076
19,20,Proposed,0.03345515053030051,0.031193088271602745
19,20,CPT-oracle,0.016931281077342097,0.01850475338684293
19,30,Proposed,0.031565328851817974,0.03218338728347478
19,30,CPT-oracle,0.02134771643597459,0.02558088528159064
19,50,Proposed,0.036426579935956736,0.039696168068517876
19,50,CPT-oracle,0.0313749817055997,0.03130244619832444
