rep,N,method,acc,macroF1,macroAUC,brier,ece,cwece,far@pd0.9
0,0,B2-expert,0.536,0.47550848198188866,0.7864833059819869,0.5817831472905929,0.11729191341727313,0.06714644200331667,0.5193164933135216
0,50,MAP-EM (latent),0.5688,0.4467258296397939,0.7966095147211252,0.5654522996532267,0.0799938165685315,0.05392799614714956,0.5148588410104011
0,50,fully-observed,0.5856,0.4720508028285759,0.807165948214667,0.5351844488946934,0.042287435831254785,0.030279767837298008,0.46285289747399705
0,200,MAP-EM (latent),0.5788,0.47500950042054096,0.7993066991830005,0.5440862261094183,0.0280972534330152,0.029443334724493557,0.48811292719167904
0,200,fully-observed,0.5868,0.4670303066520823,0.8108697132191537,0.5295923106539917,0.02369458137506948,0.02266427135182663,0.45690936106983654
1,0,B2-expert,0.5448,0.45217167323259244,0.8008110328220153,0.5529390353954446,0.03734071691984527,0.0389115010845451,0.5083758193736344
1,50,MAP-EM (latent),0.5292,0.45940490423915104,0.789114787464111,0.5931911094037298,0.09644128278239099,0.06840462636804698,0.5200291332847778
1,50,fully-observed,0.5456,0.4406078856898529,0.8075324524808649,0.5544061104752037,0.04076631242456474,0.05136118664417773,0.4690458849235251
1,200,MAP-EM (latent),0.5468,0.4596615067900167,0.8020266377594489,0.5506445167709005,0.045157762581120135,0.03703054206751125,0.5222141296431173
1,200,fully-observed,0.5692,0.4620322679787525,0.8206470079850133,0.5265563277133738,0.02820215707678268,0.03022327667357564,0.42534595775673706
2,0,B2-expert,0.4312,0.35748250678622495,0.7427931285345382,0.6565922534261349,0.11458631533129,0.10382064732663362,0.5182699478001491
2,50,MAP-EM (latent),0.4636,0.44178814628999996,0.7611298943380156,0.6114155749354752,0.07639744072881291,0.06824640819685791,0.5078299776286354
2,50,fully-observed,0.5312,0.49114412838433497,0.7959075080183837,0.5761289519552497,0.050358501630905765,0.05622077997780822,0.488441461595824
2,200,MAP-EM (latent),0.5384,0.48110692488679113,0.7938861248177026,0.56451818245499,0.0368996912603634,0.0494612035100598,0.49440715883668906
2,200,fully-observed,0.5256,0.46374581253347225,0.8027885794627778,0.556486135031552,0.04497530763025224,0.04665572496495549,0.4981357196122297
3,0,B2-expert,0.3816,0.29106490764458715,0.7527416258350592,0.7200157032504511,0.19779135583454596,0.16028386924631635,0.46829971181556196
3,50,MAP-EM (latent),0.5664,0.4347007986483816,0.7946282300692831,0.5538380678082753,0.023483894239717043,0.06002427286424708,0.4603746397694525
3,50,fully-observed,0.5656,0.4487382092254,0.8094323520524263,0.5383317209903971,0.048098355367613116,0.047616433265400104,0.4603746397694525
3,200,MAP-EM (latent),0.6008,0.5052210192784244,0.8113456396745872,0.5209956927511619,0.031051210472277987,0.027599581860306647,0.5014409221902018
3,200,fully-observed,0.6064,0.5185301016877468,0.8203323175213025,0.51555640234694,0.039639312945365775,0.028161143391616763,0.4675792507204611
4,0,B2-expert,0.5524,0.45581628137931884,0.7983384500108666,0.5599536281879642,0.06612120468104041,0.052429008338580635,0.48237885462555063
4,50,MAP-EM (latent),0.5668,0.45431570468930205,0.804952168214506,0.551975820526141,0.07135282182738488,0.043581930164946436,0.45374449339207046
4,50,fully-observed,0.57,0.4919153981210803,0.8109202218791463,0.5455620100774853,0.08609993734855029,0.049367446383285184,0.4684287812041116
4,200,MAP-EM (latent),0.5736,0.46030216326331824,0.8146820923509637,0.5408362869392337,0.05176473207062971,0.04266015912706724,0.4698972099853157
4,200,fully-observed,0.5768,0.4824980840377941,0.8171578275572822,0.5354837838389682,0.04441909790649772,0.03806428294158871,0.4750367107195301
5,0,B2-expert,0.4584,0.3343017730807056,0.7568212576860462,0.7094818654469056,0.1738563529627152,0.1475759543941578,0.5307017543859649
5,50,MAP-EM (latent),0.5388,0.4514489289901321,0.7714467402122072,0.6068680271227271,0.10433390199493121,0.08756382782591682,0.5043859649122807
5,50,fully-observed,0.5396,0.4379349096398432,0.7863787019291428,0.5850566013162759,0.09712128853840832,0.07431661483542383,0.5307017543859649
5,200,MAP-EM (latent),0.5632,0.4654262812085727,0.8040702081129383,0.5462019006737054,0.04548337628829348,0.04878891961430447,0.4780701754385965
5,200,fully-observed,0.5808,0.480886596485431,0.812923780604584,0.5342819838903404,0.039116312485338554,0.04340751048117549,0.47149122807017546
6,0,B2-expert,0.4536,0.3586811899978223,0.763870137590536,0.7157190018183454,0.16501202937007345,0.15184456119571046,0.5234549516008935
6,50,MAP-EM (latent),0.5368,0.4622119229777726,0.7891761444665952,0.5707447173579787,0.08333677420825776,0.05976169448786045,0.49888309754281457
6,50,fully-observed,0.5628,0.4966878719792649,0.8080663622327912,0.5485172864905489,0.01829594143017742,0.05052859419332299,0.46835443037974683
6,200,MAP-EM (latent),0.5812,0.4330968972226408,0.8125094459898996,0.5299584940709668,0.03415046273815275,0.02602617187614955,0.47952345495160087
6,200,fully-observed,0.6036,0.5160539071575804,0.8258189713469547,0.5134233329423109,0.030733924767213896,0.028001757810412337,0.43857036485480266
7,0,B2-expert,0.5684,0.487309273562079,0.7978709441386462,0.5531640832672013,0.06316108070116042,0.03823778154690768,0.5486008836524301
7,50,MAP-EM (latent),0.5572,0.4860893198275321,0.7988097791525952,0.5502529671295029,0.05274665046295287,0.03699396827189254,0.5456553755522827
7,50,fully-observed,0.566,0.5224286899417309,0.8137266814516086,0.5332468638421236,0.02555756403081058,0.03433141536781735,0.4845360824742268
7,200,MAP-EM (latent),0.5512,0.5047924014279845,0.8061732696526573,0.548587127146784,0.05030463818796203,0.046292447081507794,0.5198821796759941
7,200,fully-observed,0.5784,0.5079864194395911,0.8194884956694372,0.5239354633592289,0.021233178667031116,0.02728087034696188,0.4683357879234168
8,0,B2-expert,0.4464,0.33653520348720073,0.7282420669838081,0.7258936911152172,0.15931289362897685,0.13957482667751778,0.5577507598784195
8,50,MAP-EM (latent),0.512,0.38991760739014236,0.7822493567763047,0.5994434424999872,0.07906647161399331,0.07621937133107087,0.46808510638297873
8,50,fully-observed,0.5552,0.4818047309012917,0.8063779672547007,0.555985256633213,0.03981680652816079,0.04870869217343024,0.4521276595744681
8,200,MAP-EM (latent),0.5752,0.5101392864376779,0.8035213610827671,0.5484117467294289,0.029985433321546504,0.04174933119131014,0.4764437689969605
8,200,fully-observed,0.5744,0.48490809418889524,0.8225924724931251,0.5216356103411154,0.02032890088941881,0.026840177890912406,0.4217325227963526
9,0,B2-expert,0.5912,0.49811851791613265,0.815953037826302,0.5239005390699889,0.033379084183569704,0.02298169349053503,0.43104693140794226
9,50,MAP-EM (latent),0.574,0.48634102999145273,0.8026448080543069,0.5467409248546334,0.041201680849399853,0.04014845409739945,0.4642599277978339
9,50,fully-observed,0.5968,0.519360302560933,0.8215395553400757,0.5175667672563244,0.03174884354079576,0.020519770615409594,0.4187725631768953
9,200,MAP-EM (latent),0.574,0.432217291744561,0.8082480920403483,0.5402607861122705,0.0626549667054722,0.0386703371009661,0.49530685920577616
9,200,fully-observed,0.5956,0.49014138666636475,0.8188637214853896,0.5209770484394252,0.0328848628023774,0.025857939050743566,0.44620938628158846
10,0,B2-expert,0.4516,0.3446435270137123,0.7657070033163843,0.7130356760521472,0.2263241957462282,0.14847135991895385,0.532319391634981
10,50,MAP-EM (latent),0.5212,0.43306711120944535,0.7920858959818409,0.5976901676873471,0.13796418941196803,0.08260500685568181,0.4920152091254753
10,50,fully-observed,0.5332,0.46154794246569175,0.7992558719717283,0.5842643620589871,0.12091209084312622,0.07268142480575265,0.5133079847908745
10,200,MAP-EM (latent),0.532,0.47378186899843433,0.7947461331437379,0.5640406007757917,0.08089195024992332,0.048015140967009755,0.4958174904942966
10,200,fully-observed,0.56,0.48572685812828953,0.8118545470917622,0.538099880445259,0.06117324311647295,0.0405839126339124,0.46844106463878327
11,0,B2-expert,0.5012,0.4419775363551923,0.7731634585226441,0.59169222144241,0.08610309395122562,0.07142374697932806,0.5727272727272728
11,50,MAP-EM (latent),0.5332,0.4098683138625392,0.7883924275899419,0.5587825548200425,0.04406887903070221,0.03618908526302996,0.5371212121212121
11,50,fully-observed,0.548,0.4637294167620701,0.8000366431210895,0.5432771105448473,0.03699774570692303,0.03723223460267849,0.503030303030303
11,200,MAP-EM (latent),0.5692,0.4751872206429926,0.8077912392783484,0.5360301892885018,0.031678535397293,0.03460782621986735,0.4810606060606061
11,200,fully-observed,0.562,0.4883631452145327,0.8109392033706047,0.5339560474522156,0.029798275158623922,0.034581179915554025,0.4962121212121212
12,0,B2-expert,0.4532,0.3444114055410129,0.7495781340976442,0.7050151940950704,0.2073899542278448,0.1341571517833592,0.627822286962855
12,50,MAP-EM (latent),0.5332,0.368049127066865,0.7710046356754109,0.6104905414239072,0.09250927674437745,0.07955274861669517,0.6285506190823015
12,50,fully-observed,0.5304,0.41467784791988155,0.7873039665266245,0.598498386513295,0.10427384876565575,0.08132544690721921,0.5214857975236707
12,200,MAP-EM (latent),0.5628,0.4868843747804988,0.7956105258082601,0.5577061226800377,0.05059626548157023,0.046337404490757746,0.5214857975236707
12,200,fully-observed,0.584,0.48265545218267775,0.8154762778394344,0.5287764051242708,0.017819082254426792,0.03280971769176524,0.5032774945375091
13,0,B2-expert,0.5208,0.4340378088345196,0.7794260950791105,0.6111402701035442,0.06594539437211691,0.08318026249828768,0.5155520995334371
13,50,MAP-EM (latent),0.5304,0.4279017771497776,0.7902216560959812,0.5885044802473046,0.09096378339643711,0.07014173878362895,0.5194401244167963
13,50,fully-observed,0.5516,0.44694863024943904,0.8093558400452866,0.5559677713310032,0.050856458448388396,0.048434487891913056,0.47667185069984447
13,200,MAP-EM (latent),0.5592,0.4874567466768118,0.799472264096114,0.5621626098155534,0.061346995580487985,0.04534540069662796,0.5419906687402799
13,200,fully-observed,0.5624,0.47385062438788633,0.8176119558583786,0.5340013139796637,0.02882825149913603,0.03340105462247133,0.46967340590979784
14,0,B2-expert,0.5528,0.4781218427383752,0.790793019260529,0.5632631982361181,0.05366465692371033,0.04091707557793581,0.5022058823529412
14,50,MAP-EM (latent),0.556,0.4923315448623301,0.7964378752502921,0.56549428977107,0.07313719813661207,0.04506727304612866,0.5345588235294118
14,50,fully-observed,0.5552,0.48285002959294,0.808522335292266,0.5446343557071467,0.0581577592858631,0.040097218096568694,0.4889705882352941
14,200,MAP-EM (latent),0.5576,0.49235130317596765,0.8078493601112615,0.5453280244097287,0.05924232340374802,0.040319849634179165,0.47352941176470587
14,200,fully-observed,0.5724,0.4860894177953117,0.8159247361404856,0.5264014827838187,0.024174594599681992,0.02255498794460745,0.47205882352941175
15,0,B2-expert,0.5628,0.4834906182788363,0.799658750572521,0.5507987842236315,0.036187170575846216,0.03324788412900932,0.5272999252056844
15,50,MAP-EM (latent),0.562,0.43700622393535316,0.8005289797927051,0.5524218927101452,0.0694006946194174,0.04114708562382462,0.4973821989528796
15,50,fully-observed,0.5732,0.4691121029421861,0.8129532570503671,0.5340093976957209,0.030898792222869606,0.027459545493796884,0.4846671652954376
15,200,MAP-EM (latent),0.5576,0.43012504019001474,0.7987934405907113,0.5520683310615971,0.0643098157184004,0.04035292765709571,0.5198204936424832
15,200,fully-observed,0.5804,0.4782553722013461,0.8151549541360088,0.5307725583688767,0.03655495802622141,0.027698961058023074,0.48541510845175767
16,0,B2-expert,0.5704,0.47118507275636523,0.8021977476946304,0.5446673978512219,0.04098814126518978,0.034177774620257534,0.49697885196374625
16,50,MAP-EM (latent),0.5684,0.4871790202482258,0.8031765829557403,0.5496417555916165,0.04235096011797799,0.042856219733025946,0.4916918429003021
16,50,fully-observed,0.5576,0.474368157071008,0.8039890910513134,0.5487471457068814,0.030056442130418564,0.041464880752754535,0.48564954682779454
16,200,MAP-EM (latent),0.5668,0.49580554284892864,0.8053135146150563,0.5387496550973041,0.042657903706781894,0.03317011289143255,0.486404833836858
16,200,fully-observed,0.5728,0.47777319650820604,0.8161648049229071,0.5244060190466888,0.014628375895971301,0.02766812311603684,0.4818731117824773
17,0,B2-expert,0.5488,0.4402309856309176,0.794085867597974,0.5779134019387939,0.09840526653346358,0.06738000378647283,0.48475836431226765
17,50,MAP-EM (latent),0.5456,0.4764868557099904,0.7889611415201194,0.5707266453705387,0.08256139700303654,0.057483526259514126,0.5524163568773234
17,50,fully-observed,0.586,0.49305091452660926,0.8175769696937416,0.5270840104109228,0.027222364875138152,0.02940987762993731,0.45427509293680296
17,200,MAP-EM (latent),0.5628,0.4890931543182328,0.8039260144419823,0.5469056316871758,0.03144411707982175,0.04254232234763003,0.4788104089219331
17,200,fully-observed,0.5864,0.4933785420525614,0.825939790952,0.5217009780680659,0.024062473321450305,0.0371415994283977,0.4401486988847584
18,0,B2-expert,0.5716,0.4720215323606352,0.8128456520891711,0.5300241279664973,0.04645021743649421,0.03585507259956501,0.47889485801995396
18,50,MAP-EM (latent),0.556,0.5037237740818108,0.8090672240205459,0.546332578720927,0.05536086787647183,0.04806672982336332,0.5065234075211051
18,50,fully-observed,0.5744,0.49885424608533874,0.8153646267569479,0.526250075797303,0.047777956694723026,0.03389111419414319,0.5157329240214888
18,200,MAP-EM (latent),0.5608,0.4881653289060534,0.8138068125867453,0.5307208342270351,0.037482121085992894,0.034183066532737554,0.4957789716039908
18,200,fully-observed,0.5804,0.5148623131949311,0.8188393589718759,0.5188367552011875,0.022688299453205638,0.026271427300318336,0.4927091327705295
19,0,B2-expert,0.5424,0.44690881404282556,0.7902242707721892,0.6155593340921454,0.06719165152704974,0.09520565648349483,0.4561933534743202
19,50,MAP-EM (latent),0.5432,0.4996809761883201,0.7925160885361182,0.5786342459402831,0.04095613728153206,0.0672448162560205,0.5287009063444109
19,50,fully-observed,0.5604,0.48424276959069124,0.8025973166995964,0.5589559738838726,0.038194633418844506,0.05729804174796109,0.4962235649546828
19,200,MAP-EM (latent),0.572,0.47280781935039723,0.804569834742954,0.5446687964937883,0.04116443906504674,0.03489312181764516,0.49697885196374625
19,200,fully-observed,0.5816,0.481618400359401,0.818929837948258,0.5246887541016253,0.017739772411734838,0.025447781692460827,0.46148036253776437
