tau,rep,N,method,majority,acc,macroF1,macroAUC,brier,ece,cwece,far@pd0.9
0.25,0,-1,CPT-oracle,0.4432,0.6196,0.5094117955783906,0.8439957770545076,0.4883929503187455,0.017784896730076005,0.018178623443432327,0.43491346877351394
0.25,0,10,Proposed,,0.6,0.5094836901354753,0.8218909488360643,0.529671482890593,0.05948185194780281,0.04180908672543824,0.47328818660647104
0.25,0,10,B1-MLE,,0.4396,0.2410124291804215,0.6133004424412096,0.6683712939024036,0.07485476058015018,0.11124828018647154,0.7674943566591422
0.25,0,50,Proposed,,0.6168,0.5129969515978027,0.832784050401993,0.5009242305578002,0.03175412726470162,0.025318871048482086,0.4251316779533484
0.25,0,50,B1-MLE,,0.5908,0.4339451319056379,0.7976098764441312,0.5334446710261572,0.07298200769118539,0.04539801264212719,0.5492851768246803
0.25,0,200,Proposed,,0.6204,0.5169540182249205,0.8385107635644524,0.49282766697147434,0.022912745795464665,0.022032382073124433,0.4213694507148232
0.25,0,200,B1-MLE,,0.6172,0.5060896905408783,0.8345792672537675,0.4958216434402915,0.02858755461687383,0.02242703848595413,0.44243792325056436
0.25,0,400,Proposed,,0.6128,0.48264181152551566,0.8387388052925024,0.49334337417190927,0.03436822458020587,0.024263149036116306,0.42287434161023324
0.25,0,400,B1-MLE,,0.6176,0.489435296142469,0.8377787965449804,0.4938913757402999,0.03482969120553246,0.02288696838944867,0.4213694507148232
0.25,1,-1,CPT-oracle,0.4464,0.6292,0.5251145490701455,0.854995848977405,0.4771869896236642,0.021509110178711065,0.018046046135378774,0.3914643119941133
0.25,1,10,Proposed,,0.5496,0.5201085577514656,0.8115364757483559,0.545662939377193,0.07207071041511437,0.0532871639028866,0.5614422369389257
0.25,1,10,B1-MLE,,0.4648,0.3522746935266516,0.7068512506506235,0.6830165430063361,0.06803744021177509,0.13455025698055004,0.6387049300956585
0.25,1,50,Proposed,,0.564,0.47674474506871756,0.8214891829263546,0.5345968449641255,0.08062689103740217,0.050320790691325425,0.4922737306843267
0.25,1,50,B1-MLE,,0.528,0.4392573076161983,0.8034367555978241,0.5839340918486067,0.14186656445912388,0.08288145756100557,0.5356880058866814
0.25,1,200,Proposed,,0.5972,0.4957886619401696,0.8458349504196471,0.49424909982341186,0.02888305736668173,0.03321945435491988,0.3980868285504047
0.25,1,200,B1-MLE,,0.5948,0.4838170039979695,0.8447045115786026,0.49813570268208984,0.04066587535540872,0.03966345203736886,0.39440765268579836
0.25,1,400,Proposed,,0.6104,0.4942174886729135,0.8488542509979611,0.489210357702017,0.028725833513491318,0.030210322099547594,0.3936718175128771
0.25,1,400,B1-MLE,,0.61,0.4785408117616939,0.8475076183729549,0.49044580664164267,0.032987107396618656,0.03506479708570721,0.37969094922737306
0.25,2,-1,CPT-oracle,0.4432,0.6052,0.5051167918653939,0.8356460413498598,0.5017761335006453,0.017996655261528886,0.01974854370286845,0.4300673148840688
0.25,2,10,Proposed,,0.4884,0.4549428510604486,0.7816425460466957,0.6045503363956953,0.06086297265417042,0.08392909269904386,0.45100972326103217
0.25,2,10,B1-MLE,,0.36,0.33238187441440625,0.7170740934136254,0.7315456883691057,0.10480295832601297,0.16358885852284688,0.5991024682124159
0.25,2,50,Proposed,,0.5444,0.49150739973155405,0.811723028630734,0.5565052503890384,0.046521328042968095,0.05344229828730199,0.4495138369483919
0.25,2,50,B1-MLE,,0.5108,0.46469855744377114,0.7717931204491013,0.6074819000152375,0.0993945259686362,0.08057431336013655,0.5721765145848915
0.25,2,200,Proposed,,0.5516,0.47914538234340087,0.8223803238978425,0.5248209390961668,0.04117414682465019,0.03569482227373013,0.45923709798055345
0.25,2,200,B1-MLE,,0.5704,0.49221515910160285,0.8221003847488688,0.5253462870808271,0.04244845342543539,0.04014315018436455,0.46896035901271504
0.25,2,400,Proposed,,0.5672,0.4756224166067836,0.827846707195508,0.5175089879520256,0.04052296112283415,0.036428473437578865,0.4525056095736724
0.25,2,400,B1-MLE,,0.5616,0.4793966619906622,0.8214877833019659,0.5239374719305341,0.05594260734130951,0.0393650433693322,0.46596858638743455
0.25,3,-1,CPT-oracle,0.4636,0.6484,0.5446621014021126,0.8528447950289239,0.4684132312214138,0.026136632764340802,0.021436587732061817,0.4073806078147612
0.25,3,10,Proposed,,0.5624,0.4434261462612632,0.8090188851634368,0.5753523734598145,0.056012682822320935,0.08815844582005887,0.43270622286541244
0.25,3,10,B1-MLE,,0.5236,0.2832142138211802,0.5914985209157337,0.6937668221997048,0.17479223827304835,0.1236711061708608,0.7771345875542692
0.25,3,50,Proposed,,0.6148,0.4833921360840643,0.8341748038270722,0.5044046439912109,0.033111748279477785,0.04502757945787805,0.42981186685962375
0.25,3,50,B1-MLE,,0.5888,0.4585354443705074,0.7765805188233388,0.5392424747073754,0.07309394242416148,0.05045716662678804,0.44138929088277856
0.25,3,200,Proposed,,0.6436,0.545541871894884,0.8430261069831871,0.4840227373676074,0.03792558044278057,0.030092164115461707,0.42619392185238786
0.25,3,200,B1-MLE,,0.6148,0.5229794214935761,0.833551472661665,0.4998733730314937,0.03330548527609816,0.03061467778926557,0.45296671490593343
0.25,3,400,Proposed,,0.6408,0.5437132053844046,0.8461285506988965,0.4785646818338137,0.02142602331282294,0.02334956139330945,0.42547033285094066
0.25,3,400,B1-MLE,,0.6356,0.5266645549037531,0.8424372372738744,0.4830434279435356,0.019996462604969022,0.02550712670188076,0.4479015918958032
0.25,4,-1,CPT-oracle,0.4492,0.62,0.5086703811667231,0.8493685786611456,0.4822917066970938,0.02533952363202543,0.019166529719773277,0.43201754385964913
0.25,4,10,Proposed,,0.6152,0.5136709485349761,0.8357038398916043,0.5113514072148155,0.06001732618236364,0.04234705903230614,0.4276315789473684
0.25,4,10,B1-MLE,,0.4528,0.3635194598059503,0.6642640006864515,0.7192797355195611,0.12074563436585883,0.13613113523793435,0.6747076023391813
0.25,4,50,Proposed,,0.6072,0.5292985081755603,0.8388145324457734,0.5063781144814393,0.07128485693210837,0.04061347048226802,0.4269005847953216
0.25,4,50,B1-MLE,,0.5684,0.5024036060385311,0.795550511144849,0.5596101933205244,0.09134312999940293,0.06796046826247056,0.4649122807017544
0.25,4,200,Proposed,,0.614,0.5262907158963253,0.8442079979748278,0.49458274900084653,0.04120609644113989,0.030440137354050267,0.4305555555555556
0.25,4,200,B1-MLE,,0.6068,0.5379879555263805,0.8407819737570614,0.5025530481315938,0.05226295420559844,0.036402936613620186,0.4283625730994152
0.25,4,400,Proposed,,0.6152,0.520714093344073,0.8474073290570455,0.4876870944869213,0.014087709301726637,0.02185634671631237,0.43128654970760233
0.25,4,400,B1-MLE,,0.6112,0.5274087553496675,0.8451601982142463,0.4932294148642788,0.03233445418703816,0.027772556739322874,0.4305555555555556
0.25,5,-1,CPT-oracle,0.4648,0.6364,0.5395842393516905,0.859444245273693,0.462872623680576,0.02337189983167034,0.01721992735863374,0.4033674963396779
0.25,5,10,Proposed,,0.5,0.4043198986393034,0.7944828261296186,0.6317256187617571,0.1753087625936687,0.12498630805283151,0.5300146412884333
0.25,5,10,B1-MLE,,0.4144,0.2876801219966099,0.663342926842651,0.6899278865325301,0.06201840695189806,0.14010318656523446,0.6361639824304539
0.25,5,50,Proposed,,0.5716,0.4735208532077436,0.816501454071195,0.5545490104901091,0.10118372474241713,0.07623697766056561,0.5300146412884333
0.25,5,50,B1-MLE,,0.588,0.5174966423199594,0.8027403545987705,0.5463769876717217,0.1021397047157124,0.0749403944668801,0.4816983894582723
0.25,5,200,Proposed,,0.6228,0.5187528188216943,0.8446006011292603,0.49516140306714007,0.04440455337394905,0.045095874269705204,0.45021961932650073
0.25,5,200,B1-MLE,,0.6236,0.52707802542735,0.8419603895887056,0.4888639863830989,0.04121000057086417,0.03557462532278177,0.4224011713030747
0.25,5,400,Proposed,,0.6324,0.4990194396155845,0.8517545253700032,0.4744632022949056,0.031395777353537456,0.02508989513569695,0.41800878477306
0.25,5,400,B1-MLE,,0.6356,0.5220339524280496,0.8491430027048614,0.474956683229227,0.027840220220591964,0.020298736167156852,0.42313323572474376
0.25,6,-1,CPT-oracle,0.4548,0.638,0.5277119775481015,0.8555949468357864,0.4684503932756966,0.013271519733276506,0.015246436766589648,0.38764880952380953
0.25,6,10,Proposed,,0.5272,0.43293763984438743,0.7960741928792948,0.6425541586412974,0.11806630685723182,0.11584950175256005,0.47544642857142855
0.25,6,10,B1-MLE,,0.5436,0.36426153274222584,0.7363666375518592,0.6047482782012353,0.10741230764920175,0.09230559840698979,0.5736607142857143
0.25,6,50,Proposed,,0.5792,0.4723138049556818,0.8289058261571025,0.5185715327132363,0.020654343330031025,0.047874493641015876,0.4479166666666667
0.25,6,50,B1-MLE,,0.572,0.3744687741445586,0.7809025308401185,0.5438706103195569,0.07382584744021572,0.04766165458362267,0.5446428571428571
0.25,6,200,Proposed,,0.6212,0.5297409515613352,0.8450640838228758,0.4884006611782343,0.020241585223084065,0.03323222697907199,0.40848214285714285
0.25,6,200,B1-MLE,,0.6276,0.5202845856391753,0.8458304227356568,0.4796278742047256,0.022585729531882134,0.02506101929689522,0.390625
0.25,6,400,Proposed,,0.6272,0.5116179738269786,0.85259867849292,0.4755832666205173,0.019578794560661264,0.02807063481536174,0.4017857142857143
0.25,6,400,B1-MLE,,0.6352,0.5110064073594458,0.8502315684135213,0.47380279798013364,0.023351549978780525,0.025593121033787882,0.38764880952380953
0.25,7,-1,CPT-oracle,0.4548,0.6296,0.5337038642316925,0.852076855834832,0.47768569820927276,0.009356030252248973,0.015224419098300555,0.4398216939078752
0.25,7,10,Proposed,,0.6016,0.5283356312945475,0.8287504677779765,0.5106677432198335,0.04565880406706636,0.0346955910097531,0.4561664190193165
0.25,7,10,B1-MLE,,0.5104,0.37091177223181593,0.6134765508498992,0.7057532956136845,0.1418703227431277,0.13312414579833917,0.6426448736998515
0.25,7,50,Proposed,,0.588,0.5299549840009612,0.836881561917263,0.5041283086884376,0.03236162301070743,0.03790758060533218,0.43833580980683506
0.25,7,50,B1-MLE,,0.5828,0.4738481534223722,0.7928094978640271,0.5566328720029736,0.10641268005621621,0.07248489593190999,0.475482912332838
0.25,7,200,Proposed,,0.6124,0.5340417897868128,0.8461725227213656,0.4874125895280286,0.017084371907597696,0.025539691419873084,0.4346210995542348
0.25,7,200,B1-MLE,,0.6224,0.5321792205542025,0.8385334347315154,0.4969549126243539,0.049147855642515,0.03443996868894744,0.44799405646359586
0.25,7,400,Proposed,,0.6228,0.5422347649664496,0.8490402122792833,0.48292972830679676,0.015600004934994728,0.022962659962244614,0.4338781575037147
0.25,7,400,B1-MLE,,0.626,0.5323337200463176,0.8467630925882248,0.4854405166550414,0.018800600083573715,0.022334691272604942,0.4264487369985141
0.25,8,-1,CPT-oracle,0.4316,0.6296,0.529992637529761,0.8505384036337248,0.47645618978412213,0.022011814453126933,0.021401447500291895,0.3687451886066205
0.25,8,10,Proposed,,0.462,0.3489319287651296,0.7663508993541706,0.667556016280407,0.16541837013647098,0.11979399328463802,0.5119322555812164
0.25,8,10,B1-MLE,,0.526,0.402466663454287,0.699033408133416,0.6348147097884693,0.11193748363236802,0.10262531162890495,0.5996920708237106
0.25,8,50,Proposed,,0.5768,0.4897707446488691,0.8232603224785238,0.5245481654250076,0.027053747230400053,0.043899964941687214,0.43033102386451116
0.25,8,50,B1-MLE,,0.576,0.4886870816856271,0.8101834790023701,0.5263367798080463,0.030862651773618327,0.03893892724981875,0.42340261739799845
0.25,8,200,Proposed,,0.6092,0.5029048778196299,0.8442825145172896,0.4869069870049354,0.019561206481037933,0.02527143029801862,0.37644341801385683
0.25,8,200,B1-MLE,,0.602,0.5148610536738562,0.8344453646658119,0.5013986885566523,0.048453493550244406,0.03198465225819697,0.40030792917628943
0.25,8,400,Proposed,,0.6228,0.5189920973578492,0.8459798311364274,0.48351965713450556,0.02257570730419977,0.02569121987406358,0.3810623556581986
0.25,8,400,B1-MLE,,0.6188,0.5130787709891153,0.8424511843627468,0.4860012586305749,0.022024318351104626,0.026735151224678223,0.3918398768283295
0.25,9,-1,CPT-oracle,0.444,0.6384,0.542857396076501,0.858334371917725,0.46850648538010753,0.01313977912579985,0.017094029489006464,0.392
0.25,9,10,Proposed,,0.6196,0.5324154693362404,0.8438794655942166,0.4976557086886296,0.06020133166067061,0.03733882262589361,0.41163636363636363
0.25,9,10,B1-MLE,,0.4508,0.27971204377504877,0.6896681441403627,0.6692239837952249,0.07025480234336491,0.11047478241536435,0.5767272727272728
0.25,9,50,Proposed,,0.6336,0.5584112028439512,0.8506131755208336,0.4795196144995271,0.02389513192016684,0.019616389146569938,0.3956363636363636
0.25,9,50,B1-MLE,,0.5804,0.5282250713320126,0.804368515214223,0.5555523339498002,0.09274982304482321,0.062065918456829156,0.4421818181818182
0.25,9,200,Proposed,,0.6276,0.5420490006728171,0.8479167309816771,0.48331307345778596,0.030981143727610332,0.01960015906539679,0.4058181818181818
0.25,9,200,B1-MLE,,0.6224,0.5264199491415442,0.8449806714713576,0.48875402265731016,0.029199228507677893,0.02023046998800646,0.4370909090909091
0.25,9,400,Proposed,,0.6312,0.533137358903058,0.8526042315976441,0.47610966013241013,0.013931432907203988,0.023086023691880873,0.4021818181818182
0.25,9,400,B1-MLE,,0.6316,0.5323547000877114,0.8514173633702902,0.47790397110817384,0.015511003391233144,0.02040615373759784,0.4036363636363636
0.25,10,-1,CPT-oracle,0.4452,0.6288,0.5386562697146808,0.8517817187540143,0.47978575323485445,0.016538657123511335,0.014088932392925397,0.43386243386243384
0.25,10,10,Proposed,,0.5036,0.3992151443252892,0.7948178128309253,0.6879579200656293,0.23441470662155353,0.14072582857731067,0.5041572184429327
0.25,10,10,B1-MLE,,0.5308,0.39788244114808413,0.6991534009649288,0.6449835782176615,0.13496609974273027,0.10039794522310928,0.6575963718820862
0.25,10,50,Proposed,,0.5632,0.5051582293070859,0.8255872635007068,0.550901845306651,0.10108486150379521,0.06714531705328258,0.47241118669690096
0.25,10,50,B1-MLE,,0.542,0.5106429856367855,0.7933175789046147,0.5766745640144836,0.12373112987102441,0.07763926942532445,0.5774754346182918
0.25,10,200,Proposed,,0.6064,0.5374031496001306,0.8431936523015768,0.4954125570466175,0.033057339730128116,0.030318784639310193,0.45427059712774
0.25,10,200,B1-MLE,,0.6056,0.5573247652318744,0.8405124419311677,0.49589505622652413,0.05660864547442521,0.028927779400617946,0.4459561602418745
0.25,10,400,Proposed,,0.6052,0.533141792048936,0.8466270052693925,0.48813505703629345,0.02460264586458409,0.022556138683970956,0.4376417233560091
0.25,10,400,B1-MLE,,0.6148,0.5448259093476964,0.8469543162834795,0.48585161183183057,0.02755353802288529,0.02029123264745618,0.42781557067271353
0.25,11,-1,CPT-oracle,0.4432,0.6252,0.5319473692719782,0.8443154630422801,0.48383355293963415,0.018464973140789032,0.015745804940988848,0.42511346444780634
0.25,11,10,Proposed,,0.5188,0.4672215885475741,0.7743593308440901,0.5952650679185731,0.1131411060725447,0.08333205689289283,0.5816944024205749
0.25,11,10,B1-MLE,,0.4452,0.21652636740012784,0.6065886396972135,0.7413546376329964,0.09628587457515586,0.15127532059002824,0.8063540090771558
0.25,11,50,Proposed,,0.5748,0.49085037490018646,0.8171453020248628,0.5247456340411805,0.05844928954539613,0.04517465518038959,0.49848714069591527
0.25,11,50,B1-MLE,,0.596,0.5004071077326424,0.7933208235683052,0.5384659003109358,0.07914754732763567,0.05065922954137525,0.4962178517397882
0.25,11,200,Proposed,,0.6004,0.5210648346797989,0.8350464263926236,0.4982017094359375,0.027777536068683474,0.027045260737599077,0.45310136157337366
0.25,11,200,B1-MLE,,0.61,0.5264100802557313,0.8326560623881464,0.4978421850099334,0.04455862490647314,0.032381664586919594,0.4493192133131619
0.25,11,400,Proposed,,0.61,0.5252539078754925,0.8395968475274492,0.4926235051482214,0.03204955338015088,0.026824907204235984,0.451588502269289
0.25,11,400,B1-MLE,,0.6144,0.5281312862280432,0.8381556792917609,0.4942409380282236,0.044755536978035186,0.029194592592036155,0.4470499243570348
0.25,12,-1,CPT-oracle,0.4592,0.628,0.5234919566234659,0.8497569557854315,0.47804200708157,0.01774346613978507,0.020442161949032388,0.4471959213401311
0.25,12,10,Proposed,,0.4944,0.37551978209849846,0.780304151728406,0.6934099532971097,0.21815978214029638,0.1404706311556676,0.5455207574654042
0.25,12,10,B1-MLE,,0.5052,0.27212331150364377,0.6677892658608402,0.6317284620106955,0.08996361484984422,0.10260888531612103,0.6431172614712308
0.25,12,50,Proposed,,0.5652,0.43381347570354106,0.8180382829203137,0.5571849501543288,0.10359456732259394,0.07823049584470451,0.4967225054624909
0.25,12,50,B1-MLE,,0.6116,0.47716816755278413,0.7960005143916964,0.5432971150973012,0.09061176520495642,0.05887069683725394,0.471959213401311
0.25,12,200,Proposed,,0.62,0.4883832611841078,0.8429905761623797,0.4897222793744186,0.02517847439990868,0.032064121753531676,0.45520757465404227
0.25,12,200,B1-MLE,,0.6224,0.5040955836514425,0.8370403983329952,0.49378613584290143,0.03593340983132672,0.022184960961353722,0.4450109249817917
0.25,12,400,Proposed,,0.628,0.5012863851997627,0.8447009040196454,0.4836282924922423,0.020423153885701997,0.022899713199039995,0.46394756008739985
0.25,12,400,B1-MLE,,0.6236,0.5160719535358764,0.8413635760382543,0.48521343218944185,0.013934388370710808,0.01655994786136177,0.45666423889293517
0.25,13,-1,CPT-oracle,0.4216,0.632,0.5334389684368961,0.8524783296275498,0.4822745789900038,0.011887481222131747,0.020698588803360625,0.4067135050741608
0.25,13,10,Proposed,,0.5816,0.5021292543899488,0.8097635017121678,0.5370708490024098,0.04817011520490609,0.03849359502864158,0.5269320843091335
0.25,13,10,B1-MLE,,0.5548,0.30435567429712684,0.7097696302552596,0.6400863614271959,0.1352675710825406,0.09033426055642063,0.6744730679156908
0.25,13,50,Proposed,,0.576,0.4799277896539607,0.8271249848765255,0.5247753646633359,0.05305579397381265,0.046223331139275625,0.46994535519125685
0.25,13,50,B1-MLE,,0.5572,0.47866674650814117,0.7819310387561899,0.5812637785863297,0.09542371675322622,0.06761700935736815,0.5081967213114754
0.25,13,200,Proposed,,0.6136,0.5166986264783316,0.844853637790393,0.4937456830310201,0.026180552531094102,0.02609324138949999,0.4488680718188915
0.25,13,200,B1-MLE,,0.6104,0.530298808490825,0.8437056955695994,0.49431365498633384,0.02690815456058884,0.027360466260771592,0.453551912568306
0.25,13,400,Proposed,,0.6312,0.5289512868551699,0.8507013542392836,0.48451503323318973,0.02135902119491071,0.02012482407415398,0.4371584699453552
0.25,13,400,B1-MLE,,0.632,0.536864370838458,0.8505092480949417,0.4840467537924386,0.015050038595502805,0.01862142584677022,0.42935206869633097
0.25,14,-1,CPT-oracle,0.4476,0.6348,0.5172989655228104,0.8488854637415053,0.4787004531823898,0.011813367180377694,0.018496119232339805,0.42920029347028615
0.25,14,10,Proposed,,0.5948,0.5011309023721984,0.8228427391721365,0.523609497975886,0.048841081686668154,0.040989988698339454,0.4644167278063096
0.25,14,10,B1-MLE,,0.5284,0.37409195036727283,0.7096270864629247,0.6226753132020117,0.15348085607879997,0.09433522341424341,0.7292736610418196
0.25,14,50,Proposed,,0.59,0.5099845007259663,0.830498151000394,0.5158704613453018,0.050884601434659366,0.038797907645193,0.471019809244314
0.25,14,50,B1-MLE,,0.5612,0.5013350350144797,0.7893490569378285,0.5855214459782528,0.12253673953557706,0.08647910462066069,0.6060161408657373
0.25,14,200,Proposed,,0.6132,0.516844575283378,0.8421165409926881,0.49028262244507853,0.022917609089176644,0.02136535968326571,0.44240645634629494
0.25,14,200,B1-MLE,,0.6008,0.5187708231138961,0.835362827509823,0.49968515715088313,0.051479942213241196,0.03244205047694544,0.43213499633162145
0.25,14,400,Proposed,,0.6224,0.5174441955282608,0.844689965206031,0.4846030112097258,0.011202101860685655,0.018847488053095243,0.4284666177549523
0.25,14,400,B1-MLE,,0.6092,0.5141131817039803,0.8409984241625825,0.48866467360850047,0.03380032099560235,0.02539635440088356,0.4284666177549523
0.25,15,-1,CPT-oracle,0.4464,0.6184,0.5082183137933702,0.8473947900104386,0.48602997996426367,0.014872450272013163,0.019403263439008854,0.4157973174366617
0.25,15,10,Proposed,,0.5964,0.4860931009186976,0.8239505800181922,0.5214424952324873,0.05579586360243726,0.040936122996830485,0.46572280178837555
0.25,15,10,B1-MLE,,0.532,0.4454798988543022,0.6741434414248724,0.6340368311870891,0.11587099599511869,0.08958599385560682,0.613263785394933
0.25,15,50,Proposed,,0.6092,0.48010190610392267,0.8331744713389346,0.5123214016767123,0.05768865850581439,0.03876894966238555,0.4433681073025335
0.25,15,50,B1-MLE,,0.5924,0.48722489013968906,0.7712823689071852,0.5797864187129501,0.15340332185543698,0.09232368273408666,0.45976154992548435
0.25,15,200,Proposed,,0.6172,0.4840908001021338,0.8401557959916075,0.4970202684706319,0.0243606270789655,0.0282378092654062,0.4396423248882265
0.25,15,200,B1-MLE,,0.6164,0.487026080777334,0.8347757358461643,0.5003993986643401,0.037739297689551546,0.03257629828179048,0.43889716840536513
0.25,15,400,Proposed,,0.6256,0.4965334961943373,0.8428977804690736,0.49290583451871817,0.029029933485589212,0.022164133036154707,0.4254843517138599
0.25,15,400,B1-MLE,,0.6212,0.4986624524917618,0.838021522072708,0.4943270543326899,0.021480632415538433,0.02349506259155192,0.4374068554396423
0.25,16,-1,CPT-oracle,0.4364,0.61,0.5062768330044799,0.8454382785502184,0.48719019727970636,0.02737989980647216,0.01917385147328759,0.43206106870229005
0.25,16,10,Proposed,,0.5704,0.48071436111499977,0.8148361169258028,0.5593436415002234,0.11487288684420055,0.06944910014042578,0.4732824427480916
0.25,16,10,B1-MLE,,0.4288,0.3762572746952864,0.7185505212834044,0.6843851374107096,0.07506061520222757,0.14590552205940382,0.6419847328244275
0.25,16,50,Proposed,,0.5592,0.4880894113124583,0.8163349275467038,0.5432342761606671,0.07484755180793645,0.057692560241770774,0.4648854961832061
0.25,16,50,B1-MLE,,0.5392,0.45753803306498153,0.7877866792772766,0.5643121876803057,0.06747837161981296,0.060257238095814694,0.47557251908396947
0.25,16,200,Proposed,,0.5996,0.5119922662821607,0.8387082612671686,0.4958948259240132,0.018741725325733604,0.026446320547776417,0.4442748091603053
0.25,16,200,B1-MLE,,0.5844,0.50700409586712,0.8351560913358855,0.5006566634198012,0.028870679296305407,0.025108257171618326,0.44732824427480916
0.25,16,400,Proposed,,0.6076,0.5069876431669704,0.8400058351786313,0.49334476899233776,0.020853887723230165,0.0203094674717803,0.4442748091603053
0.25,16,400,B1-MLE,,0.6,0.4930755999372477,0.8390463856428203,0.4960003928206851,0.031181556451926946,0.02317589116021016,0.44198473282442746
0.25,17,-1,CPT-oracle,0.4424,0.6272,0.5152846250839678,0.8549404536808549,0.4707408832723409,0.012623541204587887,0.017742735546086286,0.40074074074074073
0.25,17,10,Proposed,,0.5828,0.47462812998268267,0.8143719423016973,0.5677587603368874,0.12185120725453978,0.07429660992107365,0.5325925925925926
0.25,17,10,B1-MLE,,0.4376,0.37142556522946657,0.6982872517199926,0.7039436681459641,0.1125978075123353,0.15768685842591526,0.7977777777777778
0.25,17,50,Proposed,,0.6068,0.5181440020771568,0.8372745462819379,0.4999536356825299,0.03443612740601796,0.03410332936776545,0.4414814814814815
0.25,17,50,B1-MLE,,0.5096,0.45777405663340553,0.7460103070397417,0.6473718387842117,0.16937750686299866,0.1114423846064849,0.502962962962963
0.25,17,200,Proposed,,0.6228,0.4990402081338733,0.8481219990751416,0.4893501689622224,0.035565878953715276,0.035427970862190704,0.4140740740740741
0.25,17,200,B1-MLE,,0.598,0.4876082407198216,0.8373168386764369,0.5018304601568642,0.04837628116939155,0.04416544840827768,0.4362962962962963
0.25,17,400,Proposed,,0.622,0.5096783605623012,0.8516775357630888,0.4786709058514424,0.031045567859806125,0.026590321481671605,0.4066666666666667
0.25,17,400,B1-MLE,,0.6208,0.5154966097979943,0.847446750087421,0.4826090453069878,0.0343374895931863,0.027379887560385733,0.40296296296296297
0.25,18,-1,CPT-oracle,0.4324,0.6504,0.542083091774638,0.853077927030268,0.46932605552007356,0.020982733636419632,0.01893813979640168,0.4125
0.25,18,10,Proposed,,0.602,0.5216379214525927,0.8335996134747011,0.5067760256006346,0.04481047250986336,0.035376757155619463,0.45546875
0.25,18,10,B1-MLE,,0.4664,0.41915577493681677,0.7024393034193361,0.6918592908928652,0.08286082239486486,0.14105352213295513,0.84296875
0.25,18,50,Proposed,,0.5944,0.5138003826541285,0.8352705257028845,0.5012366861555065,0.0662249446724979,0.03966962772289211,0.43671875
0.25,18,50,B1-MLE,,0.5504,0.49563249935590314,0.8007052329541275,0.5673566500193663,0.1022040517624454,0.08198718281918296,0.51015625
0.25,18,200,Proposed,,0.6264,0.5285382417036851,0.8463142904772769,0.480007653567368,0.032383984449796524,0.02482415452322849,0.42734375
0.25,18,200,B1-MLE,,0.5988,0.5156654203165255,0.8366605257852746,0.49721328054441255,0.049058491148524515,0.039242528062692995,0.4203125
0.25,18,400,Proposed,,0.6236,0.5140516890516891,0.84840268568124,0.4776801066761341,0.016983980457456988,0.024293116784305038,0.421875
0.25,18,400,B1-MLE,,0.6272,0.5147652580002627,0.8451965670195054,0.4816259136886463,0.036867832205755374,0.029003942880304365,0.415625
0.25,19,-1,CPT-oracle,0.442,0.6248,0.5243174741454038,0.8465099907686806,0.48335179663008915,0.027236849232466557,0.01977591457889679,0.4088145896656535
0.25,19,10,Proposed,,0.5752,0.44903648703311444,0.8093933098069674,0.5691210941776924,0.066823874873966,0.0809708727773869,0.4703647416413374
0.25,19,10,B1-MLE,,0.4948,0.43532087377633977,0.6705930441246161,0.7163059932004305,0.1939254487606092,0.1476610666794825,0.8366261398176292
0.25,19,50,Proposed,,0.5936,0.4814169867154869,0.8196512276932366,0.5363770087102472,0.05125161052007535,0.06016892331929366,0.4673252279635258
0.25,19,50,B1-MLE,,0.5852,0.48673134801397966,0.8023208776830555,0.5462866582349725,0.07787642098497292,0.059327387384950456,0.44452887537993924
0.25,19,200,Proposed,,0.6152,0.5148058365760467,0.84225765676944,0.49212503969101146,0.037484180435465274,0.02701498240114466,0.42401215805471126
0.25,19,200,B1-MLE,,0.608,0.5217732709051247,0.8365074622059316,0.5000884507110317,0.038512708897374376,0.03264404560928266,0.4217325227963526
0.25,19,400,Proposed,,0.6076,0.5014766170858632,0.8447827954018903,0.4889781640127091,0.0257166805206278,0.027098193114213034,0.40805471124620063
0.25,19,400,B1-MLE,,0.602,0.4985898231258483,0.8423729653326351,0.4934902495424994,0.026410272021376822,0.02929541899126228,0.41033434650455924
0.4,0,-1,CPT-oracle,0.4356,0.588,0.4732911248253902,0.8146326235168426,0.5268639903851905,0.017974789943152367,0.020289683893212004,0.4576523031203566
0.4,0,10,Proposed,,0.5552,0.4463203302040304,0.7946786680624628,0.5561722331517334,0.030733343506448574,0.03782620634561046,0.5066864784546805
0.4,0,10,B1-MLE,,0.3728,0.16723046280510742,0.5406862797376069,0.7535939578027169,0.10377292713960727,0.15316730653361302,0.9316493313521546
0.4,0,50,Proposed,,0.5856,0.4720508028285759,0.807165948214667,0.5351844488946934,0.042287435831254785,0.030279767837298008,0.46285289747399705
0.4,0,50,B1-MLE,,0.556,0.41315008508937173,0.767085294210976,0.5732336015043812,0.06550449762797031,0.05702202364455305,0.5445765230312035
0.4,0,200,Proposed,,0.5868,0.4670303066520823,0.8108697132191537,0.5295923106539917,0.02369458137506948,0.02266427135182663,0.45690936106983654
0.4,0,200,B1-MLE,,0.5788,0.4385948155598071,0.8029694966686629,0.5392599499755008,0.04771219751826366,0.027459288084333098,0.5104011887072808
0.4,0,400,Proposed,,0.5804,0.43914997910180253,0.8106820658824494,0.5298686182199577,0.029801689460745583,0.02315962081300558,0.45468053491827637
0.4,0,400,B1-MLE,,0.574,0.42054052017032667,0.8055109041286179,0.5355130937881807,0.042374082936190494,0.02616322215784586,0.47473997028231796
0.4,1,-1,CPT-oracle,0.4396,0.5848,0.47811974865981827,0.8286708491262257,0.5152813680472181,0.02439158133198784,0.019506299806005087,0.42753095411507647
0.4,1,10,Proposed,,0.5416,0.4702134079085176,0.8026465748457707,0.5501448553367168,0.047667912991809905,0.039481009996914916,0.5302257829570284
0.4,1,10,B1-MLE,,0.452,0.3420466586399886,0.6952967569847435,0.6895834073269567,0.05763744021177509,0.12808324267962015,0.6467589220684632
0.4,1,50,Proposed,,0.5456,0.4406078856898529,0.8075324524808649,0.5544061104752037,0.04076631242456474,0.05136118664417773,0.4690458849235251
0.4,1,50,B1-MLE,,0.4772,0.3829953811299314,0.7370033147295367,0.6811248689363916,0.18645776887966603,0.12483763416761207,0.5579024034959942
0.4,1,200,Proposed,,0.5692,0.4620322679787525,0.8206470079850133,0.5265563277133738,0.02820215707678268,0.03022327667357564,0.42534595775673706
0.4,1,200,B1-MLE,,0.5648,0.45572116776873994,0.8170657740587881,0.532007954041099,0.03512201265588104,0.03329011010509023,0.44136926438455937
0.4,1,400,Proposed,,0.5768,0.46702764078701986,0.8232712036305844,0.5227412423047524,0.02832151826856038,0.026855888303202635,0.42680262199563
0.4,1,400,B1-MLE,,0.5764,0.4653815754087138,0.8208536235944854,0.5249907277409432,0.033367985123115534,0.02829873198781683,0.42534595775673706
0.4,2,-1,CPT-oracle,0.4372,0.5768,0.47229433497028406,0.8139495432548476,0.5302733250559825,0.014809163428584564,0.02071149740343859,0.5033557046979866
0.4,2,10,Proposed,,0.5004,0.46210539031481634,0.7884343513777398,0.5922937087978156,0.050305094446470015,0.07047284786308616,0.465324384787472
0.4,2,10,B1-MLE,,0.3264,0.2932490028207887,0.6988542358938905,0.7693541801561269,0.12136008169525393,0.16810351142429703,0.5920954511558538
0.4,2,50,Proposed,,0.5312,0.49114412838433497,0.7959075080183837,0.5761289519552497,0.050358501630905765,0.05622077997780822,0.488441461595824
0.4,2,50,B1-MLE,,0.4804,0.4496266969395369,0.7527322759963709,0.6419598420501142,0.08080489112549519,0.08743147522793801,0.5384041759880686
0.4,2,200,Proposed,,0.5256,0.46374581253347225,0.8027885794627778,0.556486135031552,0.04497530763025224,0.04665572496495549,0.4981357196122297
0.4,2,200,B1-MLE,,0.5256,0.466317109632793,0.8006177729681072,0.562484879996313,0.0615839205272643,0.050820087650976814,0.5011185682326622
0.4,2,400,Proposed,,0.5364,0.4646320417122576,0.8068021537257941,0.5461445110836668,0.03802787539944103,0.0389353465667567,0.4981357196122297
0.4,2,400,B1-MLE,,0.5284,0.4600441289524208,0.8003186906644156,0.5565506390453242,0.062164022671470705,0.04306519906139069,0.5041014168530947
0.4,3,-1,CPT-oracle,0.4532,0.6152,0.5109278892983401,0.8262656922117978,0.5051903560879801,0.022880108288876815,0.019051065350085286,0.4531700288184438
0.4,3,10,Proposed,,0.524,0.391775944809684,0.7870063729434618,0.6010088160299678,0.06598032716993249,0.08802096815705657,0.4603746397694525
0.4,3,10,B1-MLE,,0.5072,0.2768934413037595,0.5814133853434347,0.7103820934908717,0.16879223827304835,0.11687110617086081,0.781700288184438
0.4,3,50,Proposed,,0.5656,0.4487382092254,0.8094323520524263,0.5383317209903971,0.048098355367613116,0.047616433265400104,0.4603746397694525
0.4,3,50,B1-MLE,,0.5608,0.43927965830421545,0.7377479481800839,0.5736966440932729,0.0781275306225158,0.05755841904782601,0.4762247838616715
0.4,3,200,Proposed,,0.6064,0.5185301016877468,0.8203323175213025,0.51555640234694,0.039639312945365775,0.028161143391616763,0.4675792507204611
0.4,3,200,B1-MLE,,0.5796,0.4912718456992218,0.8083748605691682,0.5346194476644176,0.034270988190290876,0.03519260267231342,0.48054755043227665
0.4,3,400,Proposed,,0.6012,0.4987067186879937,0.8227966086976541,0.5137128689274947,0.028219820862436087,0.030003064232802662,0.46829971181556196
0.4,3,400,B1-MLE,,0.5976,0.4982300567388549,0.8174818989079511,0.5204613222928061,0.025562800842576876,0.03303849073159042,0.47478386167146974
0.4,4,-1,CPT-oracle,0.4332,0.5832,0.4700894120611011,0.820292556651129,0.5227065330487036,0.01136061483503001,0.018090094718550356,0.48164464023494863
0.4,4,10,Proposed,,0.578,0.48968383421737055,0.810641354461592,0.5412592732890211,0.05159489129237824,0.037646027528815865,0.4588839941262849
0.4,4,10,B1-MLE,,0.4452,0.36071235277714214,0.6533036605706909,0.732057275478055,0.12194563436585884,0.13066904717768366,0.7055800293685757
0.4,4,50,Proposed,,0.57,0.4919153981210803,0.8109202218791463,0.5455620100774853,0.08609993734855029,0.049367446383285184,0.4684287812041116
0.4,4,50,B1-MLE,,0.5332,0.46835893675084583,0.7649653073722346,0.6018718505085227,0.1206325451684589,0.07403395971824644,0.5080763582966226
0.4,4,200,Proposed,,0.5768,0.4824980840377941,0.8171578275572822,0.5354837838389682,0.04441909790649772,0.03806428294158871,0.4750367107195301
0.4,4,200,B1-MLE,,0.5756,0.4888846200478349,0.8143748304418643,0.5435068892603143,0.05546793568758184,0.04410720031731991,0.4684287812041116
0.4,4,400,Proposed,,0.5732,0.4976702907521055,0.8175014373909109,0.5313557677284634,0.029058385048987848,0.030449393857881847,0.47577092511013214
0.4,4,400,B1-MLE,,0.5728,0.4964927651560815,0.8170851710141804,0.5342970010930918,0.035854451080784486,0.03446468052997757,0.4720998531571219
0.4,5,-1,CPT-oracle,0.448,0.596,0.48656130657741414,0.8275918762147465,0.5073463748783507,0.007907939134643566,0.022070237395395202,0.45687134502923976
0.4,5,10,Proposed,,0.4852,0.3688131571583704,0.7761809002750167,0.6232612248450692,0.09664910670962884,0.09789697385378027,0.5665204678362573
0.4,5,10,B1-MLE,,0.404,0.3300346091669133,0.6243100271535837,0.7167977270316914,0.07363165055592392,0.1364559785784576,0.8011695906432749
0.4,5,50,Proposed,,0.5396,0.4379349096398432,0.7863787019291428,0.5850566013162759,0.09712128853840832,0.07431661483542383,0.5307017543859649
0.4,5,50,B1-MLE,,0.5564,0.4957592991560641,0.7668113460724622,0.5925694739698049,0.11360420917098223,0.08049014620454617,0.5328947368421053
0.4,5,200,Proposed,,0.5808,0.480886596485431,0.812923780604584,0.5342819838903404,0.039116312485338554,0.04340751048117549,0.47149122807017546
0.4,5,200,B1-MLE,,0.58,0.4883648622103708,0.812900448288085,0.5316774517126978,0.04957581200828716,0.03493108386898891,0.46271929824561403
0.4,5,400,Proposed,,0.5876,0.4542527512901009,0.8218353360927404,0.5174620089217609,0.02514097359542569,0.026043567030361148,0.4590643274853801
0.4,5,400,B1-MLE,,0.5904,0.4854052804253212,0.8196514306349396,0.5184952190191061,0.022068521942898635,0.019073928692588636,0.45248538011695905
0.4,6,-1,CPT-oracle,0.4456,0.612,0.4962489171641228,0.8308750784426177,0.5042458236757451,0.021660038137741415,0.01856835411019308,0.4236783320923306
0.4,6,10,Proposed,,0.4596,0.37969834045108963,0.7681846142819334,0.676375168519817,0.15041269415229702,0.12365112788994956,0.5070737155621743
0.4,6,10,B1-MLE,,0.4328,0.2612070921459415,0.7381782104369166,0.6678383442496258,0.09021340692324732,0.12041468478070819,0.5860014892032762
0.4,6,50,Proposed,,0.5628,0.4966878719792649,0.8080663622327912,0.5485172864905489,0.01829594143017742,0.05052859419332299,0.46835443037974683
0.4,6,50,B1-MLE,,0.5148,0.44575636705495075,0.7580088997482677,0.5781937375270815,0.07207624922201225,0.05691352450504106,0.5577066269545793
0.4,6,200,Proposed,,0.6036,0.5160539071575804,0.8258189713469547,0.5134233329423109,0.030733924767213896,0.028001757810412337,0.43857036485480266
0.4,6,200,B1-MLE,,0.5976,0.49959980189506925,0.8164567340308122,0.5167453091999232,0.03298870418126356,0.02592861911335239,0.44527177959791514
0.4,6,400,Proposed,,0.604,0.4969799597696733,0.8308293472109498,0.5066819814373859,0.024317385034537304,0.027112262630148574,0.42591213700670144
0.4,6,400,B1-MLE,,0.5948,0.49597070868344484,0.825815394941899,0.5116894926897677,0.027583166770900114,0.029126820327644916,0.4236783320923306
0.4,7,-1,CPT-oracle,0.4452,0.5972,0.4988879829320872,0.8249505159614383,0.5156399176580411,0.021822996884051482,0.01938125144613988,0.4793814432989691
0.4,7,10,Proposed,,0.5816,0.5069977552102272,0.8122146623438411,0.5348536100142753,0.0254871511636878,0.032149302713084804,0.5036818851251841
0.4,7,10,B1-MLE,,0.4944,0.36912126124654443,0.6036196019808766,0.7225723892817637,0.15176734855785562,0.12951918057270784,0.646539027982327
0.4,7,50,Proposed,,0.566,0.5224286899417309,0.8137266814516086,0.5332468638421236,0.02555756403081058,0.03433141536781735,0.4845360824742268
0.4,7,50,B1-MLE,,0.5552,0.4604573203784089,0.7561256311966487,0.5963135026429456,0.11041276974200334,0.07363572279696284,0.5250368188512519
0.4,7,200,Proposed,,0.5784,0.5079864194395911,0.8194884956694372,0.5239354633592289,0.021233178667031116,0.02728087034696188,0.4683357879234168
0.4,7,200,B1-MLE,,0.5812,0.5056427102451599,0.8105021981749652,0.5328850449881567,0.034722637965676977,0.03519306226352532,0.4963181148748159
0.4,7,400,Proposed,,0.5816,0.5116303172647537,0.8221493613108697,0.519763516364909,0.018156032322958343,0.02379010453822601,0.49189985272459497
0.4,7,400,B1-MLE,,0.58,0.5073421091762015,0.8152559888121278,0.5277043431341742,0.017351567980804682,0.025832653782737504,0.4852724594992636
0.4,8,-1,CPT-oracle,0.4236,0.5888,0.48441657024494283,0.8262482753875534,0.5144981178774115,0.011816595427742936,0.016276983193160316,0.40425531914893614
0.4,8,10,Proposed,,0.4572,0.34738258463401817,0.7571307828932125,0.6765346844003809,0.15948042151730646,0.12540025751456013,0.5113981762917933
0.4,8,10,B1-MLE,,0.506,0.38190678253046684,0.6896322476723005,0.6531619089436351,0.1070463299223195,0.10112002087920316,0.8275075987841946
0.4,8,50,Proposed,,0.5552,0.4818047309012917,0.8063779672547007,0.555985256633213,0.03981680652816079,0.04870869217343024,0.4521276595744681
0.4,8,50,B1-MLE,,0.5452,0.4980326130253392,0.782565758081696,0.5824450677846832,0.05672969751101253,0.05907865793947609,0.48024316109422494
0.4,8,200,Proposed,,0.5744,0.48490809418889524,0.8225924724931251,0.5216356103411154,0.02032890088941881,0.026840177890912406,0.4217325227963526
0.4,8,200,B1-MLE,,0.5596,0.48364398613655546,0.8089953847283662,0.5382641376257074,0.04877934031500658,0.03410132968568276,0.42325227963525835
0.4,8,400,Proposed,,0.5752,0.49392639710116615,0.8234140362463327,0.5187851432563699,0.02185230874129451,0.02515216432748735,0.4369300911854103
0.4,8,400,B1-MLE,,0.5704,0.4680375872927233,0.8176963126576717,0.5252336843753639,0.03860136095527215,0.027897546443278142,0.44072948328267475
0.4,9,-1,CPT-oracle,0.4356,0.6076,0.5045348515878529,0.8298071642378858,0.5065417805283063,0.011936581009796533,0.016616120426985993,0.4216606498194946
0.4,9,10,Proposed,,0.5948,0.4853632152457291,0.8210355718501112,0.5191248483095748,0.041265438824650065,0.027105715755383855,0.41732851985559566
0.4,9,10,B1-MLE,,0.4352,0.2690235981072121,0.6714441986094181,0.686316666411801,0.07574309211074157,0.10796266477348282,0.5826714801444043
0.4,9,50,Proposed,,0.5968,0.519360302560933,0.8215395553400757,0.5175667672563244,0.03174884354079576,0.020519770615409594,0.4187725631768953
0.4,9,50,B1-MLE,,0.5488,0.4981367914371531,0.7699422226912505,0.5973875793070577,0.10387795559741357,0.0713249023913692,0.4620938628158845
0.4,9,200,Proposed,,0.5956,0.49014138666636475,0.8188637214853896,0.5209770484394252,0.0328848628023774,0.025857939050743566,0.44620938628158846
0.4,9,200,B1-MLE,,0.5732,0.46058887848049423,0.8131807092579508,0.5330189845220017,0.048767364981309416,0.027873252924344026,0.4671480144404332
0.4,9,400,Proposed,,0.6016,0.4972418706799846,0.8244638164737399,0.5130837356315507,0.018507892730190365,0.01872559208926815,0.4368231046931408
0.4,9,400,B1-MLE,,0.5992,0.49532915681879575,0.8235989910393385,0.5147106101995793,0.0177932300635213,0.019291387486492978,0.4505415162454874
0.4,10,-1,CPT-oracle,0.4268,0.5896,0.5012353329932919,0.82027219009486,0.5207330077655766,0.017695490234989054,0.01580393942339047,0.4615969581749049
0.4,10,10,Proposed,,0.4844,0.367621274468111,0.779260821852652,0.6770242715995195,0.20053875921713618,0.12731268946121696,0.5391634980988593
0.4,10,10,B1-MLE,,0.5172,0.39327486183491334,0.6757114900442159,0.6638461608200455,0.13078190941972334,0.0981394466670927,0.6836501901140685
0.4,10,50,Proposed,,0.5332,0.46154794246569175,0.7992558719717283,0.5842643620589871,0.12091209084312622,0.07268142480575265,0.5133079847908745
0.4,10,50,B1-MLE,,0.5324,0.48425173196202465,0.7619404287617785,0.6008184829256814,0.15593325207675462,0.08502026686373902,0.6091254752851711
0.4,10,200,Proposed,,0.56,0.48572685812828953,0.8118545470917622,0.538099880445259,0.06117324311647295,0.0405839126339124,0.46844106463878327
0.4,10,200,B1-MLE,,0.5636,0.4990270251542317,0.8062364976823466,0.5366968342335711,0.07116363520370332,0.03983539744630177,0.46387832699619774
0.4,10,400,Proposed,,0.5648,0.5013275442578972,0.8146755991641301,0.5290485893478479,0.03525645741801924,0.027007572471206824,0.4585551330798479
0.4,10,400,B1-MLE,,0.5724,0.4928924185778841,0.8152081201974899,0.5268930376753408,0.04538950541616368,0.027992018456212235,0.45019011406844106
0.4,11,-1,CPT-oracle,0.43,0.59,0.49561896680646766,0.8191729923449834,0.5197181019331281,0.019787753002779195,0.016405470591764316,0.4681818181818182
0.4,11,10,Proposed,,0.5032,0.4434947774634566,0.7749088765445973,0.5934890587917967,0.07614255041597368,0.07475564246110164,0.568939393939394
0.4,11,10,B1-MLE,,0.432,0.2062987531253907,0.5921044311036616,0.7543761111316897,0.09635744069692467,0.14693247370320145,0.8242424242424242
0.4,11,50,Proposed,,0.548,0.4637294167620701,0.8000366431210895,0.5432771105448473,0.03699774570692303,0.03723223460267849,0.503030303030303
0.4,11,50,B1-MLE,,0.5332,0.4014267878407656,0.7461054732175465,0.5932057944110227,0.09812376875829922,0.0620796704914262,0.5424242424242425
0.4,11,200,Proposed,,0.562,0.4883631452145327,0.8109392033706047,0.5339560474522156,0.029798275158623922,0.034581179915554025,0.4962121212121212
0.4,11,200,B1-MLE,,0.5712,0.4714963658591497,0.809968933448987,0.5395758918262149,0.05151479939265779,0.03896875095440866,0.4621212121212121
0.4,11,400,Proposed,,0.5704,0.4878071323225971,0.8145215793802468,0.5301189810253695,0.0291672091368931,0.03205373298172372,0.49015151515151517
0.4,11,400,B1-MLE,,0.576,0.49134693838884397,0.813772081025964,0.5326863057290518,0.04050434694364404,0.03339592407565513,0.48863636363636365
0.4,12,-1,CPT-oracle,0.4448,0.5852,0.47121245294799413,0.8219058378685702,0.5172070815584783,0.023876034864766096,0.017510196827423587,0.4901675163874727
0.4,12,10,Proposed,,0.4656,0.35314706258085965,0.7559620351801222,0.6983932582596207,0.1979310279121912,0.1278360125742292,0.5994173343044428
0.4,12,10,B1-MLE,,0.5216,0.27913409143032986,0.6442369590778562,0.650786948426482,0.13578327258022585,0.09381112071280046,0.8113619810633649
0.4,12,50,Proposed,,0.5304,0.41467784791988155,0.7873039665266245,0.598498386513295,0.10427384876565575,0.08132544690721921,0.5214857975236707
0.4,12,50,B1-MLE,,0.552,0.4434931562084622,0.746011800644953,0.6105183477254301,0.15134349773133565,0.08485546052682205,0.5142024763292061
0.4,12,200,Proposed,,0.584,0.48265545218267775,0.8154762778394344,0.5287764051242708,0.017819082254426792,0.03280971769176524,0.5032774945375091
0.4,12,200,B1-MLE,,0.584,0.49408247599734156,0.8065503153286191,0.5314510145582231,0.032235964772728255,0.02443371561107997,0.4959941733430444
0.4,12,400,Proposed,,0.5888,0.481248816325011,0.8164272628101148,0.5228991230243409,0.01632625211096344,0.023436230769944603,0.5018208302986161
0.4,12,400,B1-MLE,,0.5812,0.4847451505608916,0.8120224981715254,0.5227372938937906,0.019990859073867096,0.02005027942575547,0.4850691915513474
0.4,13,-1,CPT-oracle,0.4052,0.5896,0.49153650363744417,0.824029860374202,0.5229256491877966,0.006907399613597763,0.021029072315802366,0.44090202177293936
0.4,13,10,Proposed,,0.5572,0.4527953357624289,0.800512352083717,0.5573287829433635,0.02926677657668936,0.04115448873976176,0.5108864696734059
0.4,13,10,B1-MLE,,0.5284,0.2942178385957779,0.6932589337668382,0.6624034545552416,0.1176675710825406,0.08299412201125499,0.6788491446345256
0.4,13,50,Proposed,,0.5516,0.44694863024943904,0.8093558400452866,0.5559677713310032,0.050856458448388396,0.048434487891913056,0.47667185069984447
0.4,13,50,B1-MLE,,0.5264,0.4524648453165862,0.7590289284823956,0.6139345327257102,0.11902371675322619,0.07398191131485704,0.5357698289269052
0.4,13,200,Proposed,,0.5624,0.47385062438788633,0.8176119558583786,0.5340013139796637,0.02882825149913603,0.03340105462247133,0.46967340590979784
0.4,13,200,B1-MLE,,0.568,0.4829044979056334,0.8128629970302339,0.5396696534516588,0.04206640921802915,0.03598005149713016,0.4735614307931571
0.4,13,400,Proposed,,0.588,0.5103592268837943,0.8235600003291634,0.5237976246328124,0.014954918138301649,0.019241132973449492,0.45800933125972004
0.4,13,400,B1-MLE,,0.5888,0.5035303566689376,0.8210215550863772,0.5256345267199469,0.012034939031373206,0.017744217436962813,0.468895800933126
0.4,14,-1,CPT-oracle,0.4312,0.604,0.4910065994506061,0.8239536778139982,0.5162436554888216,0.018125067855345116,0.01956054921901047,0.4647058823529412
0.4,14,10,Proposed,,0.5816,0.4814690066432763,0.8085661136470386,0.5385129566607335,0.042242677488358395,0.029831535889341634,0.46176470588235297
0.4,14,10,B1-MLE,,0.4984,0.35290747115740445,0.6864585188874829,0.6489706918202001,0.15148085607879996,0.09489228779686588,0.7338235294117647
0.4,14,50,Proposed,,0.5552,0.48285002959294,0.808522335292266,0.5446343557071467,0.0581577592858631,0.040097218096568694,0.4889705882352941
0.4,14,50,B1-MLE,,0.5164,0.4655977761012394,0.7699913221496155,0.6182773538043392,0.13548149034339202,0.08315690197428925,0.6338235294117647
0.4,14,200,Proposed,,0.5724,0.4860894177953117,0.8159247361404856,0.5264014827838187,0.024174594599681992,0.02255498794460745,0.47205882352941175
0.4,14,200,B1-MLE,,0.5676,0.4957582319309934,0.8122947430683436,0.5345135762275184,0.038916433840575346,0.029682359569160002,0.45294117647058824
0.4,14,400,Proposed,,0.5868,0.4767319924617413,0.8214835281005948,0.5199176442854266,0.017403286797215915,0.024149076698446664,0.4661764705882353
0.4,14,400,B1-MLE,,0.5764,0.48250057468930696,0.817664603279508,0.5258348145292481,0.027335166944860895,0.02616379873087047,0.45294117647058824
0.4,15,-1,CPT-oracle,0.4312,0.5776,0.47159581198958883,0.819663381269281,0.5230306948201642,0.021206480506248772,0.02063356763217213,0.46522064323111445
0.4,15,10,Proposed,,0.5604,0.4834364380290369,0.8052908009933316,0.5456169542150902,0.028021485185721316,0.035425052045059774,0.49962602842183995
0.4,15,10,B1-MLE,,0.4328,0.3988772011739703,0.6795289601795235,0.6691254623145444,0.1095056363918019,0.11231567706434056,0.6432311144353029
0.4,15,50,Proposed,,0.5732,0.4691121029421861,0.8129532570503671,0.5340093976957209,0.030898792222869606,0.027459545493796884,0.4846671652954376
0.4,15,50,B1-MLE,,0.546,0.4580581195746459,0.7822742291690665,0.5874834437061008,0.12161423507522776,0.07069819045383731,0.5130890052356021
0.4,15,200,Proposed,,0.5804,0.4782553722013461,0.8151549541360088,0.5307725583688767,0.03655495802622141,0.027698961058023074,0.48541510845175767
0.4,15,200,B1-MLE,,0.5796,0.4755867726791857,0.8110764556716666,0.5353204507142443,0.04364192266237483,0.03548162098997136,0.4816753926701571
0.4,15,400,Proposed,,0.5876,0.4725124789813992,0.8171011240122912,0.5260381397400373,0.025528554581741,0.018738521817107407,0.4869109947643979
0.4,15,400,B1-MLE,,0.5744,0.4747580771733725,0.8142363140014982,0.529472139170798,0.032385472658035055,0.025794790545377946,0.47718773373223633
0.4,16,-1,CPT-oracle,0.4344,0.582,0.473984226424954,0.8201690259272639,0.518191762009162,0.014117424812389928,0.017934339085297405,0.466012084592145
0.4,16,10,Proposed,,0.57,0.47404218073181437,0.8020303677086857,0.5566314812904222,0.06392003524372067,0.05101311804282258,0.4901812688821752
0.4,16,10,B1-MLE,,0.4216,0.3765899562543887,0.7043796493976979,0.6905246581394381,0.07026061520222755,0.1397453320931275,0.6487915407854985
0.4,16,50,Proposed,,0.5576,0.474368157071008,0.8039890910513134,0.5487471457068814,0.030056442130418564,0.041464880752754535,0.48564954682779454
0.4,16,50,B1-MLE,,0.53,0.4528107396921899,0.7776920416934701,0.5775785529477183,0.04780840139236536,0.05480402161388978,0.5105740181268882
0.4,16,200,Proposed,,0.5728,0.47777319650820604,0.8161648049229071,0.5244060190466888,0.014628375895971301,0.02766812311603684,0.4818731117824773
0.4,16,200,B1-MLE,,0.5588,0.4726858805896014,0.8102566529983344,0.5333048438894659,0.026796257325894822,0.03080312699461693,0.472809667673716
0.4,16,400,Proposed,,0.5804,0.48805926994982485,0.8151743598340582,0.5242688581636271,0.029249839878197337,0.021741759221297757,0.47205438066465255
0.4,16,400,B1-MLE,,0.5748,0.46889426866009637,0.8134111832110889,0.5275089864822037,0.026903477987445794,0.026369544645313346,0.4780966767371601
0.4,17,-1,CPT-oracle,0.4252,0.5964,0.4855379157723547,0.8295586482079769,0.5070970778374493,0.015432581367289975,0.015503699930146587,0.42973977695167287
0.4,17,10,Proposed,,0.5512,0.4486808278084866,0.7930585788921922,0.5688196004982832,0.08547192167964322,0.051192909879426964,0.5405204460966543
0.4,17,10,B1-MLE,,0.4396,0.3808356878705268,0.6903273157766061,0.7038105005951087,0.10179780751233529,0.14568685842591525,0.8052044609665427
0.4,17,50,Proposed,,0.586,0.49305091452660926,0.8175769696937416,0.5270840104109228,0.027222364875138152,0.02940987762993731,0.45427509293680296
0.4,17,50,B1-MLE,,0.508,0.4522403619917482,0.7268390486098868,0.6590001471692661,0.16062349993980543,0.10926819628674347,0.5100371747211896
0.4,17,200,Proposed,,0.5864,0.4933785420525614,0.825939790952,0.5217009780680659,0.024062473321450305,0.0371415994283977,0.4401486988847584
0.4,17,200,B1-MLE,,0.5588,0.48953276867112394,0.8075957291486423,0.5454045740296268,0.054546869221123125,0.04379429484232729,0.48252788104089217
0.4,17,400,Proposed,,0.5956,0.4879858397208556,0.8284013826504545,0.5122087187534679,0.03162322840350246,0.02530133561602021,0.43866171003717475
0.4,17,400,B1-MLE,,0.5752,0.49468989477316255,0.8205316710317795,0.5213433464362727,0.052252454492842965,0.03204319605531964,0.4349442379182156
0.4,18,-1,CPT-oracle,0.426,0.608,0.49821473199453015,0.8286006004195796,0.5072990121504687,0.01912824021099684,0.017480026992879646,0.47198772064466615
0.4,18,10,Proposed,,0.584,0.5065285802144327,0.8165305004148328,0.5262485295712366,0.0359406619081619,0.03097700524065422,0.48810437452033767
0.4,18,10,B1-MLE,,0.4636,0.4279386624579689,0.699656495439987,0.6911935053569732,0.08130152382863506,0.13002760076075467,0.8526477359938603
0.4,18,50,Proposed,,0.5744,0.49885424608533874,0.8153646267569479,0.526250075797303,0.047777956694723026,0.03389111419414319,0.5157329240214888
0.4,18,50,B1-MLE,,0.5424,0.4884792617344886,0.7867833343139669,0.582287815866092,0.0941532488378216,0.0758606276818282,0.5610130468150422
0.4,18,200,Proposed,,0.5804,0.5148623131949311,0.8188393589718759,0.5188367552011875,0.022688299453205638,0.026271427300318336,0.4927091327705295
0.4,18,200,B1-MLE,,0.574,0.5010076841504066,0.8133278852576692,0.527543318742787,0.039266018816367806,0.0356985620105982,0.5049884881043745
0.4,18,400,Proposed,,0.59,0.49509988028630586,0.8229489182290938,0.5129372408544872,0.011028071618618993,0.01945533932572152,0.48580199539524177
0.4,18,400,B1-MLE,,0.5928,0.49270469002476985,0.8212062021067922,0.5158154561679092,0.03060798159237023,0.02366530143385675,0.48810437452033767
0.4,19,-1,CPT-oracle,0.4296,0.5904,0.4879151853100287,0.8225073041456115,0.5193570683363795,0.016861148579313524,0.018619067462691076,0.44033232628398794
0.4,19,10,Proposed,,0.5384,0.43228928100623293,0.7974912683756046,0.5924017988305924,0.05544500287550207,0.0800878192452637,0.49924471299093653
0.4,19,10,B1-MLE,,0.5056,0.4539536235183942,0.6671273005061653,0.6899732794104088,0.14878298778507798,0.11583794788713919,0.904833836858006
0.4,19,50,Proposed,,0.5604,0.48424276959069124,0.8025973166995964,0.5589559738838726,0.038194633418844506,0.05729804174796109,0.4962235649546828
0.4,19,50,B1-MLE,,0.538,0.4608624311683852,0.7664163133327264,0.5792757639347068,0.06183952156635404,0.06427795008376933,0.5158610271903323
0.4,19,200,Proposed,,0.5816,0.481618400359401,0.818929837948258,0.5246887541016253,0.017739772411734838,0.025447781692460827,0.46148036253776437
0.4,19,200,B1-MLE,,0.572,0.4870687363586639,0.8107630245591295,0.535453337537129,0.02974152541616529,0.031122754610353576,0.45845921450151056
0.4,19,400,Proposed,,0.576,0.4784651012337469,0.8211490232928712,0.5222628127020399,0.013758914871468533,0.023169521927667483,0.4516616314199396
0.4,19,400,B1-MLE,,0.5732,0.4781742811607368,0.8149206040750264,0.5304024595546889,0.026209294909499692,0.028473861856096686,0.45317220543806647
0.6,0,-1,CPT-oracle,0.398,0.508,0.3983540519866315,0.7465521705407389,0.6069194154248322,0.012611941575411886,0.014923763547899796,0.5631067961165048
0.6,0,10,Proposed,,0.49,0.4088519841071562,0.7267321045986342,0.6220692615908759,0.023693937607502238,0.024228373947611553,0.5780433159073936
0.6,0,10,B1-MLE,,0.2888,0.22583134806508032,0.4997833301612925,0.8591353963830396,0.14813891928841855,0.1713039782416996,0.9395070948469006
0.6,0,50,Proposed,,0.4988,0.4155130249809418,0.7388288469222591,0.6153305380676521,0.019390038171240055,0.03167131069470079,0.5884988797610157
0.6,0,50,B1-MLE,,0.452,0.39552556714809034,0.6944184597470345,0.6691111885418197,0.07979477554559272,0.07614637198180194,0.672890216579537
0.6,0,200,Proposed,,0.516,0.41892524981190077,0.7447418949746598,0.6076567640597428,0.025124356594688372,0.018898348727403987,0.5698282300224048
0.6,0,200,B1-MLE,,0.4956,0.4109536882937631,0.7279824459486712,0.6243803383244451,0.06381052227188021,0.03551851847157374,0.6333084391336818
0.6,0,400,Proposed,,0.5108,0.38688202482086387,0.7454015198487387,0.6084592440112714,0.01801722253952134,0.020462574434434038,0.5832710978342046
0.6,0,400,B1-MLE,,0.5028,0.41153858424152673,0.7294644503967654,0.619928306141489,0.05656984688980739,0.03423152866483917,0.578790141896938
0.6,1,-1,CPT-oracle,0.4048,0.5004,0.39609511820971666,0.7568374191964644,0.6026891498266786,0.009072252222008723,0.015553420764890812,0.5168621700879765
0.6,1,10,Proposed,,0.4692,0.38833589890845854,0.7357538524722795,0.6196269629854659,0.030871860110666477,0.03311980571976864,0.5806451612903226
0.6,1,10,B1-MLE,,0.416,0.30337034464842483,0.6236552417912902,0.722783005628409,0.06737094625428924,0.10565931415908637,0.6906158357771262
0.6,1,50,Proposed,,0.4868,0.3859871708730809,0.7455121253800094,0.6153063692504082,0.032329522076426115,0.036447736594265284,0.5300586510263929
0.6,1,50,B1-MLE,,0.444,0.28505434213342623,0.6986494360351725,0.6977942256380703,0.12672914003117877,0.09181835955632768,0.5997067448680352
0.6,1,200,Proposed,,0.4972,0.40599265470691304,0.7519051066754423,0.6073500918423507,0.024887433043831043,0.02483613615067718,0.5205278592375366
0.6,1,200,B1-MLE,,0.48,0.3801350951066359,0.7427643596515219,0.6186430151976435,0.05271764809413045,0.033776823803032784,0.5527859237536656
0.6,1,400,Proposed,,0.5016,0.39011292328010233,0.7527145233074123,0.6068711284122759,0.026210814569669606,0.023493646321509763,0.5241935483870968
0.6,1,400,B1-MLE,,0.4836,0.42045289048915824,0.7475778153785191,0.6125039767545226,0.03508550720628105,0.028891163000723426,0.5359237536656891
0.6,2,-1,CPT-oracle,0.396,0.5024,0.40227550825830694,0.7427704229070244,0.6083372276365024,0.023292009293491074,0.016292561568422452,0.5776587605202754
0.6,2,10,Proposed,,0.4472,0.4151985410799125,0.729422247293317,0.6400586813143857,0.04349781874729327,0.05981334697230084,0.5592960979342004
0.6,2,10,B1-MLE,,0.3312,0.29432648346748524,0.670115085289272,0.7676568489877567,0.11656008169525392,0.14647618284171957,0.6197398622800306
0.6,2,50,Proposed,,0.4688,0.43811572254718534,0.7274318633154662,0.638077134104793,0.05317244542105318,0.04708289573770421,0.5600612088752869
0.6,2,50,B1-MLE,,0.4316,0.3979387749336894,0.6850273337406794,0.7012851063297201,0.09727847075893785,0.09173896004617123,0.6212700841622035
0.6,2,200,Proposed,,0.4604,0.41407921469169723,0.73509342222773,0.6244463444515168,0.03495418138827613,0.037737546912361704,0.5784238714613619
0.6,2,200,B1-MLE,,0.4604,0.40564711656041746,0.7258212860506648,0.6371664562017669,0.06157361740539523,0.0461265891508733,0.5975516449885233
0.6,2,400,Proposed,,0.4816,0.4220209489413182,0.7401014308638316,0.6149538714179854,0.030791091744019207,0.02577740112459035,0.5638867635807192
0.6,2,400,B1-MLE,,0.464,0.4155578302404791,0.7270137263632613,0.6312445890933753,0.05770292568990061,0.04277040367050017,0.5899005355776588
0.6,3,-1,CPT-oracle,0.4084,0.5116,0.40719777562489545,0.742745481967435,0.6074651992714515,0.01330545353904805,0.01930331926108123,0.581140350877193
0.6,3,10,Proposed,,0.4452,0.337974935645447,0.7186142118882016,0.668099530436729,0.09240436282905713,0.08248949531640276,0.581140350877193
0.6,3,10,B1-MLE,,0.4404,0.20939176475298263,0.557713659220827,0.7391119553801268,0.14058578488226262,0.09383672442611553,0.8019005847953217
0.6,3,50,Proposed,,0.4856,0.3413913913913914,0.7300851868516876,0.6310596509335243,0.06295091054093478,0.04005092804010719,0.581140350877193
0.6,3,50,B1-MLE,,0.4704,0.2671579951796345,0.6557139169090955,0.7088914864272756,0.18075546642535767,0.09279635014719687,0.597953216374269
0.6,3,200,Proposed,,0.5036,0.40203402854012293,0.7398262350048934,0.6114049764898839,0.015934365108590132,0.024148631997738902,0.5789473684210527
0.6,3,200,B1-MLE,,0.4888,0.4055038220899719,0.7298182917481916,0.6240981889271986,0.03610114358968815,0.032003818435484985,0.5869883040935673
0.6,3,400,Proposed,,0.5052,0.4072092164080563,0.739861924066809,0.611816101214034,0.013239976034257344,0.02902635144029197,0.5884502923976608
0.6,3,400,B1-MLE,,0.5072,0.40539476882940667,0.7322990833741894,0.6210875814390063,0.041909690137991985,0.04385820912401303,0.5760233918128655
0.6,4,-1,CPT-oracle,0.3976,0.5032,0.3969163841021546,0.7550350914879882,0.6015900267831117,0.007073383833615601,0.018208262983328637,0.5651851851851852
0.6,4,10,Proposed,,0.4964,0.4206077525278228,0.7474431122777692,0.6143646386218885,0.03885177950634345,0.03410760662655095,0.5725925925925925
0.6,4,10,B1-MLE,,0.4064,0.33197284456732645,0.6346563306933981,0.7677631704696413,0.12690180761214298,0.12897121692345825,0.78
0.6,4,50,Proposed,,0.4932,0.4366646562041687,0.7469250978827133,0.6152199789994985,0.03288399331612402,0.03657231877598022,0.5688888888888889
0.6,4,50,B1-MLE,,0.4292,0.3966125223162604,0.703863394511028,0.7147140411028202,0.14112151974392773,0.09702608260259263,0.6251851851851852
0.6,4,200,Proposed,,0.4988,0.41831973045090187,0.7531709009272207,0.6063619401887157,0.01365950380343192,0.025204504473571983,0.5659259259259259
0.6,4,200,B1-MLE,,0.506,0.4039481677410632,0.7452313642996065,0.6187475868536874,0.037391994815659996,0.03798376358242644,0.5785185185185185
0.6,4,400,Proposed,,0.5008,0.43268088391643383,0.7531665189888123,0.6086379909173655,0.021216178284778554,0.03347149735385673,0.5703703703703704
0.6,4,400,B1-MLE,,0.5,0.4029771578156483,0.7509264572455223,0.6123919369702647,0.023569949276444086,0.03308669740789244,0.5718518518518518
0.6,5,-1,CPT-oracle,0.4008,0.5124,0.4062153892689283,0.7511366493213094,0.6005480335974538,0.02057681269407957,0.019616254123235956,0.5489171023151606
0.6,5,10,Proposed,,0.4284,0.33425450054956846,0.7119989652680532,0.6741051329380215,0.06920094551109145,0.08683960453338935,0.6123973114264376
0.6,5,10,B1-MLE,,0.3436,0.2941831987995489,0.5785178328839709,0.7474731800698449,0.11539557978449205,0.11956454071153394,0.6863330843913368
0.6,5,50,Proposed,,0.4644,0.36149563523276673,0.7188324856817504,0.6469867849927857,0.062381345200050044,0.06155604010429775,0.5967139656460044
0.6,5,50,B1-MLE,,0.452,0.40845864832592044,0.6866685384086979,0.6813575382340011,0.11613863281998832,0.09262706458278339,0.6997759522031367
0.6,5,200,Proposed,,0.4904,0.42105179860263947,0.7379418819122444,0.6161396549343259,0.019028596415580527,0.03502023615780841,0.5571321882001493
0.6,5,200,B1-MLE,,0.4812,0.4307200091067455,0.7244143377145353,0.627570853270212,0.03615580760259493,0.03569521805736275,0.5705750560119492
0.6,5,400,Proposed,,0.5092,0.4149045807887112,0.7445710022283261,0.6065931939661967,0.010924922121438257,0.022011615740400985,0.5526512322628827
0.6,5,400,B1-MLE,,0.5036,0.42198459297424573,0.7367307063921316,0.612707933812646,0.011873949452266112,0.021549136733980685,0.5481702763256161
0.6,6,-1,CPT-oracle,0.4044,0.5272,0.41966625146243297,0.762553618244901,0.5922262437380166,0.021745129654679923,0.020287295008857124,0.5133282559025133
0.6,6,10,Proposed,,0.4172,0.34360877174771515,0.7180092871481879,0.7059618924751326,0.09387480883092959,0.11518234076665623,0.5529322162985529
0.6,6,10,B1-MLE,,0.3088,0.22968152465816372,0.6283476660125448,0.7765729131620741,0.14060179283378116,0.14364803044965813,0.7867479055597868
0.6,6,50,Proposed,,0.4852,0.44097460849962167,0.7421656306351256,0.6269993981666937,0.04308197536944154,0.06060545777736196,0.5384615384615384
0.6,6,50,B1-MLE,,0.3976,0.386726996774143,0.67592212567484,0.6828101584995824,0.08111019580131279,0.07804924684861525,0.6732673267326733
0.6,6,200,Proposed,,0.5148,0.4389963450424556,0.7579111446212647,0.5987384547123035,0.02501070576175338,0.02771581814187543,0.5224676313785225
0.6,6,200,B1-MLE,,0.4968,0.4438142221921604,0.7503011187131057,0.6048667691748475,0.03079656806344184,0.03552600768853237,0.5217060167555218
0.6,6,400,Proposed,,0.528,0.4293139401363523,0.7615250716867156,0.5931699601320747,0.019151189264533082,0.02172803816479391,0.511043412033511
0.6,6,400,B1-MLE,,0.4964,0.4190288575551786,0.748325608570791,0.6048630203668196,0.019901244857559567,0.02853790254465684,0.511043412033511
0.6,7,-1,CPT-oracle,0.3884,0.5,0.40731109247292696,0.7472346778669956,0.6115409547657281,0.015519267035774706,0.01829364315112995,0.5743396226415094
0.6,7,10,Proposed,,0.4796,0.3733541949115301,0.7392374876299084,0.6230564691390619,0.05657966389539607,0.03455807097896864,0.5592452830188679
0.6,7,10,B1-MLE,,0.4508,0.2698018688105572,0.5867294732321975,0.7721674719603119,0.1375089804509776,0.10067261614330929,0.8354716981132075
0.6,7,50,Proposed,,0.4844,0.4212403263892792,0.7406461147533532,0.6192281848330518,0.028416577998405926,0.027971397910866762,0.5871698113207547
0.6,7,50,B1-MLE,,0.4704,0.39012578503171125,0.6865355585780677,0.6849267919572403,0.11691373041441461,0.07193160689630826,0.6173584905660378
0.6,7,200,Proposed,,0.49,0.4200054056211005,0.7435281850376873,0.6190846538888016,0.029883675765896102,0.03324635328011247,0.5554716981132075
0.6,7,200,B1-MLE,,0.4764,0.4192192373708331,0.7250350165147516,0.6363607620412566,0.053260247149097065,0.043710986360504744,0.5750943396226416
0.6,7,400,Proposed,,0.4904,0.42312344327565293,0.7459836423230825,0.6147299928631094,0.021662025320959656,0.027424348605093393,0.5728301886792453
0.6,7,400,B1-MLE,,0.4796,0.4294236838799441,0.7385040648231007,0.6223398536548765,0.0299150869357649,0.030368940398816633,0.5615094339622642
0.6,8,-1,CPT-oracle,0.402,0.5132,0.4131445130736252,0.760490047389905,0.5936121266036041,0.01885459842131696,0.018346427729849468,0.5479245283018868
0.6,8,10,Proposed,,0.446,0.3327714213283903,0.7269387416167123,0.6697964993914803,0.10003329504602398,0.09478576235836386,0.5683018867924529
0.6,8,10,B1-MLE,,0.464,0.2466218824080887,0.653077475395692,0.6821323219028907,0.11699161860177303,0.08511190015010431,0.8384905660377359
0.6,8,50,Proposed,,0.5032,0.39036823161466977,0.7514804576169867,0.6128106028059414,0.03408045770892615,0.04296647492225591,0.5449056603773584
0.6,8,50,B1-MLE,,0.482,0.3815063040644094,0.7089181906861022,0.657208662091766,0.10716378333619532,0.0646647165371493,0.6113207547169811
0.6,8,200,Proposed,,0.5128,0.40440242407160065,0.7594510114314925,0.5955059317883039,0.02465997936180988,0.02384298457297502,0.5471698113207547
0.6,8,200,B1-MLE,,0.4788,0.3961332432770643,0.7357689343103966,0.6224939597975626,0.0666933975475885,0.041982634504390916,0.5554716981132075
0.6,8,400,Proposed,,0.508,0.4068969602922676,0.7599974788887291,0.5952733827769664,0.008836362356380226,0.02090356280708111,0.5275471698113208
0.6,8,400,B1-MLE,,0.4956,0.4151243386425024,0.7472447445118287,0.6054380207564579,0.03742079550214082,0.02579584119470283,0.5418867924528302
0.6,9,-1,CPT-oracle,0.3984,0.5076,0.40749532154600226,0.7542795907418396,0.6021913560508163,0.008675438963439574,0.017078329557527454,0.537563822027717
0.6,9,10,Proposed,,0.4944,0.3886656107011891,0.7497526772580135,0.6104164445978866,0.06174787401471325,0.033058080011382315,0.5346462436177972
0.6,9,10,B1-MLE,,0.396,0.2435838583365041,0.6260695457465613,0.7307197458996574,0.1059991496323966,0.10374200244378387,0.661560904449307
0.6,9,50,Proposed,,0.502,0.42346656251224296,0.7475460651735211,0.6119375586868296,0.05022465503556099,0.02836456306497486,0.5397520058351568
0.6,9,50,B1-MLE,,0.464,0.41568848647663303,0.7029859884871916,0.6815240018823374,0.12702524556039096,0.07428823617639493,0.5689277899343544
0.6,9,200,Proposed,,0.4996,0.3971539345558279,0.7448900115022458,0.6168516773722733,0.05419990560352188,0.03443081368822211,0.574762946754194
0.6,9,200,B1-MLE,,0.4804,0.385537473884789,0.7329752657475267,0.6350349009404399,0.0964741356954509,0.053467524313433115,0.5864332603938731
0.6,9,400,Proposed,,0.5032,0.39941304995039495,0.7500274288552918,0.6086518829304541,0.03469123483037377,0.027097734793489148,0.5528811086797958
0.6,9,400,B1-MLE,,0.49,0.37684083557373693,0.746546434864052,0.6130194202862042,0.04728954534339217,0.03319326069144624,0.5455871626549964
0.6,10,-1,CPT-oracle,0.3872,0.5064,0.4126753757964443,0.7465502018721984,0.6085674023156739,0.014179684498910248,0.014045164798955434,0.5547892720306513
0.6,10,10,Proposed,,0.4276,0.3373561452023751,0.7180498385633503,0.6900152730917339,0.15304014081410303,0.10290830091430929,0.621455938697318
0.6,10,10,B1-MLE,,0.4028,0.3804808555258947,0.625588564102775,0.7539771826629244,0.14690566721104592,0.12131556643151187,0.7486590038314176
0.6,10,50,Proposed,,0.4684,0.4206232859983623,0.7292753027294008,0.6478473753356069,0.10866292351713279,0.06411748354680019,0.61455938697318
0.6,10,50,B1-MLE,,0.4548,0.4228282598536856,0.6755668335424064,0.7090122497916598,0.20033818830407132,0.11298827620614162,0.6704980842911877
0.6,10,200,Proposed,,0.4852,0.39920279903795947,0.7409614680952252,0.6181057386118839,0.046833281190057384,0.03496838541441345,0.550191570881226
0.6,10,200,B1-MLE,,0.4708,0.39829579816865746,0.7275510086878456,0.6392955611242239,0.10413555338524719,0.05154954079396184,0.5885057471264368
0.6,10,400,Proposed,,0.4828,0.40115570751024804,0.7432070429738833,0.6120523765078595,0.04112189194393463,0.022747186956776955,0.5432950191570881
0.6,10,400,B1-MLE,,0.48,0.4097089282701805,0.7371632404889968,0.6190892135596708,0.06151103615975638,0.03148671992961322,0.5624521072796935
0.6,11,-1,CPT-oracle,0.4008,0.5052,0.3995288659011911,0.7506488438153778,0.6011993365729519,0.009178522958886597,0.01568534509311398,0.5831452219714071
0.6,11,10,Proposed,,0.4496,0.3713393032183533,0.7219586476894579,0.6378214769531974,0.05562355049259683,0.059646966440601676,0.6079759217456734
0.6,11,10,B1-MLE,,0.4036,0.19329648255410686,0.5767263469856545,0.771493225366513,0.08655869627698126,0.12754171883566476,0.8442437923250564
0.6,11,50,Proposed,,0.492,0.38157910676854945,0.742247946914572,0.6122758148492394,0.027365609018769832,0.03487334556634975,0.5884123401053424
0.6,11,50,B1-MLE,,0.4668,0.3484242419459336,0.675303950293581,0.7028230638392683,0.17614182104253356,0.09785387252621804,0.618510158013544
0.6,11,200,Proposed,,0.4808,0.3981890927698135,0.746082149156946,0.6152256679836936,0.04351569485862477,0.04517523704187567,0.5658389766741911
0.6,11,200,B1-MLE,,0.4948,0.4141924702124814,0.7412379995934675,0.6273087420406248,0.07504823726657299,0.05281844040845355,0.5703536493604213
0.6,11,400,Proposed,,0.4988,0.4018259545071139,0.7482709757873773,0.612391766345391,0.049798529985206286,0.04180783702388727,0.580887885628292
0.6,11,400,B1-MLE,,0.4944,0.39514429798497536,0.7442257668104384,0.6199493460168415,0.06016394970431916,0.04700026452341296,0.5786305492851769
0.6,12,-1,CPT-oracle,0.3928,0.5016,0.39332488813766403,0.7491738759419122,0.6071796252605527,0.0169921136137479,0.01661378583739128,0.5644677661169415
0.6,12,10,Proposed,,0.4116,0.32000373837777285,0.7016750954615704,0.7247469196837295,0.1558808271748753,0.1205942277943076,0.6664167916041979
0.6,12,10,B1-MLE,,0.424,0.2426065081093376,0.6165897478686403,0.6960598959458691,0.0954185476405227,0.0875036350447433,0.8320839580209896
0.6,12,50,Proposed,,0.4788,0.3850738678246055,0.7239377836159784,0.6472633244281216,0.04042745783229675,0.06100293575296506,0.6409295352323838
0.6,12,50,B1-MLE,,0.4368,0.2921187794643411,0.6318416431852905,0.7208654964031237,0.12489806998858405,0.08035609132961918,0.6139430284857571
0.6,12,200,Proposed,,0.4912,0.4010067060073073,0.7437246630019447,0.6127349589377699,0.016121796507568426,0.02271169788033312,0.5839580209895052
0.6,12,200,B1-MLE,,0.474,0.4070552199456763,0.7258308579232831,0.6248668203842856,0.031198730455714613,0.02533449790455841,0.5839580209895052
0.6,12,400,Proposed,,0.4888,0.38599455196082727,0.743872359725642,0.611666593366565,0.019272984875609155,0.020147562780332126,0.5779610194902549
0.6,12,400,B1-MLE,,0.4728,0.37334382728295035,0.7312614716136352,0.6202769055374271,0.02950960659216288,0.025363508283851054,0.5772113943028486
0.6,13,-1,CPT-oracle,0.3656,0.4968,0.4053670707934525,0.7486773955761042,0.6118180143856613,0.016572181432969336,0.02162485686064066,0.5676100628930818
0.6,13,10,Proposed,,0.4704,0.32839674865948754,0.7350906047190984,0.6318569061050044,0.036968170524269824,0.04103500876132632,0.5809748427672956
0.6,13,10,B1-MLE,,0.412,0.23588183547622454,0.6199002908571566,0.71635067308108,0.11523533471154167,0.0775647835275756,0.8608490566037735
0.6,13,50,Proposed,,0.4752,0.3540841150101455,0.7438655754054202,0.634428347250913,0.06716096350474676,0.05610774656357789,0.5589622641509434
0.6,13,50,B1-MLE,,0.4436,0.38616191101067143,0.678577183848154,0.7276649425973752,0.1949116942205784,0.1083973519565398,0.7044025157232704
0.6,13,200,Proposed,,0.4896,0.39019549615100496,0.7450169033453574,0.6218540561296362,0.04472627316531323,0.040186555214093686,0.5613207547169812
0.6,13,200,B1-MLE,,0.4696,0.38622922445844643,0.7358847853311541,0.6331115857177849,0.06680571762049632,0.045968232529341235,0.5849056603773585
0.6,13,400,Proposed,,0.4968,0.41349709769428855,0.7477952718084971,0.6120047136499396,0.015655847819623887,0.02185552796594626,0.5424528301886793
0.6,13,400,B1-MLE,,0.4908,0.40986931145987515,0.7407224067525917,0.6202159600461573,0.034491560366321394,0.028862738312236506,0.5762578616352201
0.6,14,-1,CPT-oracle,0.3936,0.4992,0.3959183043881348,0.7451840882356173,0.6112233593591685,0.01955426945496484,0.017962353931297546,0.5677276091783864
0.6,14,10,Proposed,,0.4948,0.39995747937984183,0.7389390697854149,0.6178247791153021,0.03704113333523504,0.02593532709408945,0.5669874167283494
0.6,14,10,B1-MLE,,0.4168,0.2982414956600958,0.6258703574127257,0.7019223902859758,0.1022532521654372,0.08194654928923922,0.7098445595854922
0.6,14,50,Proposed,,0.4788,0.4085407140910378,0.738936881648163,0.6229401616889114,0.06086943671082203,0.03575994913781148,0.5640266469282014
0.6,14,50,B1-MLE,,0.4444,0.41152884535463985,0.684921007416157,0.7152274540326333,0.18552073332649893,0.10441003672899815,0.767579570688379
0.6,14,200,Proposed,,0.4768,0.4066789356588206,0.738539591224062,0.6181273576097648,0.04109835919119237,0.029356314950991214,0.5655070318282753
0.6,14,200,B1-MLE,,0.4628,0.41777451511411934,0.72951311761026,0.6312233533492918,0.06974063289851151,0.03728991128409746,0.612139156180607
0.6,14,400,Proposed,,0.494,0.40843486849555777,0.7419727219520068,0.6131792098062073,0.015673382190084736,0.019613224245624804,0.5558845299777943
0.6,14,400,B1-MLE,,0.4772,0.4086734059211218,0.7369684067995551,0.6196964892784492,0.023211111998933737,0.021308083450720047,0.5943745373797187
0.6,15,-1,CPT-oracle,0.3912,0.492,0.38667697949855595,0.7472046327814744,0.6072161140219883,0.016245631315359662,0.014867801989486208,0.5727341964965728
0.6,15,10,Proposed,,0.4876,0.40780527890735363,0.739561376077009,0.6133055294853784,0.019172320997267657,0.02359100867307599,0.5811119573495811
0.6,15,10,B1-MLE,,0.4012,0.3569287942370252,0.6173341359588194,0.7277032831198823,0.1008734669238722,0.11170363704224957,0.6747905559786748
0.6,15,50,Proposed,,0.4892,0.3869731312243302,0.7430774201975452,0.6137433326048337,0.04779304804879945,0.029314946372787,0.5978674790555979
0.6,15,50,B1-MLE,,0.46,0.39692460931227624,0.7071329718973265,0.6975087880353195,0.17527517868683587,0.09984929663686981,0.584920030464585
0.6,15,200,Proposed,,0.4948,0.38516324231881244,0.7449572215271326,0.6124007378880048,0.038122013875801636,0.02792832837126968,0.6054836252856055
0.6,15,200,B1-MLE,,0.4856,0.37548715610927,0.7223211223597066,0.6305593908221861,0.0825073385817792,0.04816275790460086,0.5635948210205636
0.6,15,400,Proposed,,0.4928,0.38457248323543974,0.7456084433832502,0.6122431838795719,0.0360047388266438,0.02864286723304432,0.6031987814166032
0.6,15,400,B1-MLE,,0.486,0.38384119624701196,0.7394669221443296,0.6202478887468936,0.06319017677973411,0.0406161120943255,0.5651180502665651
0.6,16,-1,CPT-oracle,0.3996,0.5148,0.41433400872769766,0.7573048153095729,0.5931650366471195,0.014635301145111185,0.01916872386224421,0.5425531914893617
0.6,16,10,Proposed,,0.5052,0.3942958237811152,0.7426316763736601,0.6120139931618777,0.017243011242105994,0.04190892373717294,0.5592705167173252
0.6,16,10,B1-MLE,,0.4216,0.29279616430043487,0.5868396327111326,0.7159047564170666,0.1031474703173474,0.11140107879396222,0.6914893617021277
0.6,16,50,Proposed,,0.5052,0.4181389791146593,0.7452730971587549,0.606832247992214,0.023113291298890618,0.03318628465077594,0.5478723404255319
0.6,16,50,B1-MLE,,0.4356,0.3733333163940186,0.7014680074087177,0.6517951984507739,0.06986538034373989,0.05228715195845673,0.5828267477203647
0.6,16,200,Proposed,,0.5144,0.4173252789522269,0.756095409575708,0.5955700469450997,0.014442816518201665,0.02028020005402843,0.5448328267477204
0.6,16,200,B1-MLE,,0.4912,0.41794448038816,0.7438428461082058,0.6107504717999316,0.03394689007696319,0.028423278633751905,0.5379939209726444
0.6,16,400,Proposed,,0.508,0.4093361966302513,0.7530034302901695,0.5978835928487363,0.012002668705675915,0.018794130114473662,0.5440729483282675
0.6,16,400,B1-MLE,,0.5032,0.4170381848022174,0.7483547092878619,0.6033242864618784,0.02469028004889387,0.022115233517921093,0.5455927051671733
0.6,17,-1,CPT-oracle,0.3892,0.516,0.4122902665891819,0.7560710262450818,0.598303317464365,0.012783394247469347,0.015413754911274082,0.5311327831957989
0.6,17,10,Proposed,,0.456,0.35561034420929477,0.7240511654616834,0.6495505695730411,0.07382087803732393,0.06998578596020653,0.5708927231807952
0.6,17,10,B1-MLE,,0.342,0.29918371538113475,0.619949384624372,0.718137310110815,0.058863268804227306,0.10502296796456245,0.68192048012003
0.6,17,50,Proposed,,0.5128,0.4475601233009412,0.7480949878954581,0.6088663876602395,0.05192400380034858,0.03482852433617685,0.5371342835708928
0.6,17,50,B1-MLE,,0.4436,0.4116832956220315,0.6588569037367891,0.7416961006844476,0.1410667625780126,0.10147643693157382,0.6856714178544636
0.6,17,200,Proposed,,0.5052,0.4466754376527311,0.7523916768578724,0.6057057517708808,0.027307862004055248,0.02620869302620031,0.5393848462115529
0.6,17,200,B1-MLE,,0.4696,0.4234931175679374,0.7292189605670729,0.6280752232361605,0.039093534196482455,0.03887884366369674,0.5618904726181545
0.6,17,400,Proposed,,0.5124,0.4312778519676478,0.7541768486122756,0.6011997771410481,0.027058744126849565,0.019009001076543127,0.5281320330082521
0.6,17,400,B1-MLE,,0.4936,0.4333317706231077,0.7447973016729565,0.6089465736778503,0.016068827014883894,0.02261201975410595,0.5318829707426856
0.6,18,-1,CPT-oracle,0.3904,0.5232,0.4171803021321471,0.755422041570266,0.5965021150367851,0.015155026531180976,0.015248647492058278,0.5642802155504234
0.6,18,10,Proposed,,0.5092,0.44099168548417383,0.7470360304172072,0.6056471050392778,0.024128995439458758,0.028025818507615916,0.5958429561200924
0.6,18,10,B1-MLE,,0.338,0.3102824802923323,0.6256060906121712,0.8129759080324035,0.21297841930099626,0.16320920703305336,0.8583525789068515
0.6,18,50,Proposed,,0.5004,0.4426366122756276,0.7470126099924232,0.6104745657011733,0.025847750541774288,0.03841645643412113,0.581986143187067
0.6,18,50,B1-MLE,,0.4316,0.39817561181926453,0.6888563587124986,0.7113869489665087,0.11877462285574486,0.09738236489137865,0.6889915319476521
0.6,18,200,Proposed,,0.4972,0.4473459943751681,0.7458510042364666,0.6075681144011612,0.017999360815228217,0.03381355677971128,0.5889145496535797
0.6,18,200,B1-MLE,,0.4784,0.41661089515004,0.7280119808650393,0.6277139019295606,0.04110425476929057,0.044146269927087194,0.6212471131639723
0.6,18,400,Proposed,,0.5108,0.41649853251002433,0.7493560408663074,0.601031249887853,0.018910941036971406,0.018011002548189776,0.5873749037721324
0.6,18,400,B1-MLE,,0.5008,0.4079222749342019,0.7409991264753282,0.6085949619700938,0.02546663254966319,0.021496930395469013,0.6081601231716706
0.6,19,-1,CPT-oracle,0.38,0.508,0.41112350080631377,0.7533577990100003,0.6037825587848827,0.018484329406937727,0.020624400174300766,0.5733229329173167
0.6,19,10,Proposed,,0.4768,0.372648711800168,0.7392478219987694,0.6351615781058519,0.02443819709794814,0.059510051223366646,0.5904836193447738
0.6,19,10,B1-MLE,,0.446,0.4044360477608272,0.6181997269987539,0.7805691694382708,0.21242604651370794,0.145904766930275,0.9024960998439937
0.6,19,50,Proposed,,0.4744,0.388443725642876,0.7439748480937498,0.6242378634835486,0.04452217619227123,0.0516905340184448,0.5889235569422777
0.6,19,50,B1-MLE,,0.4564,0.3659009187422759,0.6950053600663508,0.6734239442417229,0.11119121212306918,0.06894465086288314,0.6107644305772231
0.6,19,200,Proposed,,0.5008,0.4002910254242924,0.7506262324680251,0.6068686335505141,0.01792762070606272,0.018910579254679937,0.6068642745709828
0.6,19,200,B1-MLE,,0.4916,0.4052594226428623,0.7377931203802326,0.6255251923087262,0.06488783924316348,0.047299221370942945,0.6068642745709828
0.6,19,400,Proposed,,0.4888,0.40589213389366224,0.7525727627675445,0.6077427366758712,0.018067678167377324,0.029122986572954444,0.5897035881435257
0.6,19,400,B1-MLE,,0.4884,0.40773842619192585,0.7462120565206626,0.6163232581445471,0.05510992052833802,0.04308342119333142,0.5819032761310452
