class,bin,predicted,observed,ci_lo,ci_hi,n,outside_ci,z,oracle_predicted,oracle_observed,oracle_n
negligible,"(0.00,0.10]",0.02152118939005431,0.019734822051639917,0.018319631210355687,0.0212286036760745,35825,1,-2.4309469085852973,0.019442110410929993,0.020119407867833485,36681
negligible,"(0.10,0.25]",0.16653392835899103,0.1558148287542341,0.14616048052088845,0.16584877536687676,5314,1,-2.1544966771443383,0.16264194632884035,0.1645276667367978,4753
negligible,"(0.25,0.50]",0.3617146946633992,0.33390840652446674,0.3223322323050285,0.3456366876441132,6376,1,-4.7080007150910745,0.35822325669104904,0.35406985459451357,6671
negligible,"(0.50,0.75]",0.6008651179066887,0.5450236966824644,0.5223084868846645,0.5675996416190394,1899,1,-4.886713344562087,0.6199644383723382,0.6056,1250
negligible,"(0.75,1.00]",0.8308510782698817,0.7935153583617748,0.7584462602566815,0.8255938292233287,586,1,-2.2328101218527414,0.8299350400205922,0.813953488372093,645
low,"(0.00,0.10]",0.04893744437645784,0.0381211708645337,0.03266219304577123,0.044202591430865155,4407,1,-3.74978085496478,0.040297832400292825,0.03576751117734724,4697
low,"(0.10,0.25]",0.17746780320016153,0.18914446466986595,0.17933963358382604,0.1992502901122562,6043,1,2.3178024920165825,0.1813820771714753,0.18375540457072267,6476
low,"(0.25,0.50]",0.39194546205112707,0.4058801872403093,0.39888867423777824,0.41290049635966053,19013,1,3.912801250444589,0.3883373370376569,0.3880114413630146,16082
low,"(0.50,0.75]",0.5974038962512087,0.5754427390791027,0.5679575815639857,0.5829019836611381,16940,1,-5.782860680510241,0.5735437728455779,0.5736523021464853,18309
low,"(0.75,1.00]",0.8100021580991994,0.8137336669446761,0.8006186824003297,0.826336691964804,3597,0,0.5748391911280448,0.8121686496961098,0.8119927862939585,4436
medium,"(0.00,0.10]",0.05214109055927013,0.06021978021978022,0.05469146499486658,0.06612739246451133,6825,1,2.805495135735755,0.054406581077930935,0.061324921135646686,7925
medium,"(0.10,0.25]",0.17259406193723348,0.18608105240823256,0.17826947289382591,0.1940871045196701,9426,1,3.364628445104533,0.17867484228370184,0.1806943056943057,8008
medium,"(0.25,0.50]",0.3904837749893676,0.41831151065077193,0.4115412821963572,0.4251049506506543,20468,1,8.070871465143053,0.3939294127569341,0.38928337012948266,16759
medium,"(0.50,0.75]",0.5796708882270697,0.563368204424627,0.5543089316459799,0.572395828995961,11662,1,-3.5497010470012587,0.5574053401823118,0.5552276006821462,15246
medium,"(0.75,1.00]",0.8080772524900177,0.8048177887584929,0.7846574133106718,0.8238663754212374,1619,0,-0.3309029789564893,0.8182830280731997,0.8137730358874878,2062
high,"(0.00,0.10]",0.02090008301990832,0.019094608908959136,0.0177034972790049,0.02056432399324531,35874,1,-2.4986891024162894,0.018695796478875266,0.01801000555864369,35980
high,"(0.10,0.25]",0.16593603160742532,0.1779712989083773,0.16972369317318312,0.18644973597742506,8153,1,2.841161924105604,0.1665654277329669,0.17285925196850394,8128
high,"(0.25,0.50]",0.3491219931502332,0.33659066232356133,0.3229410708421037,0.3504477584451242,4605,0,-1.7995759931404685,0.3461010088669737,0.3529668411867365,4584
high,"(0.50,0.75]",0.5949961533922408,0.5447004608294931,0.5145202473259852,0.5746376358156543,1085,1,-3.326734829204131,0.5887449377587897,0.6041275797373359,1066
high,"(0.75,1.00]",0.8359873749142099,0.9045936395759717,0.8642275860740956,0.936181853026192,283,1,3.928633927870177,0.8714049095543592,0.9008264462809917,242
