table,cell,acc,acc_h,ece,ece_h,auc,auc_h,far,cwece,macroF1,macroF1_h,macroAUC,macroAUC_h,brier,brier_h,cwece_h,far@pd0.9,far@pd0.9_h
T3,N10-B0-heuristic,0.44975999999999994,0.0043707423632263764,0.09800737155542774,0.004169557503467147,0.7840778415634143,0.0022196522556604537,0.5232566107858995,0.13372021236706208,,,,,,,,,
T3,N10-B1-MLE,0.45683999999999997,0.025015245709029355,0.11078148851669614,0.014474761743339504,0.6614764329281748,0.023164842099548277,0.734415458369616,0.12263748053465631,,,,,,,,,
T3,N10-B2-expert,0.51198,0.027925115721490923,0.10282513447948298,0.029692232646903752,0.7800802493206302,0.01155476474262096,0.5141474197020763,0.08334111368404422,,,,,,,,,
T3,N10-Proposed,0.5336799999999999,0.02124379312570157,0.07672486401388531,0.026113985883383525,0.7925882784513958,0.008850057093741981,0.5062673138788161,0.06646183555985599,,,,,,,,,
T3,N50-B0-heuristic,0.44975999999999994,0.0043707423632263764,0.09800737155542774,0.004169557503467147,0.7840778415634143,0.0022196522556604537,0.5232566107858995,0.13372021236706208,,,,,,,,,
T3,N50-B1-MLE,0.53264,0.011026570804809288,0.10670863735710553,0.017884003450060318,0.7608035459327466,0.00757149499932086,0.5314539637848975,0.07531648314673858,,,,,,,,,
T3,N50-B2-expert,0.51198,0.027925115721490923,0.10282513447948298,0.029692232646903752,0.7800802493206302,0.01155476474262096,0.5141474197020763,0.08334111368404422,,,,,,,,,
T3,N50-Proposed,0.55942,0.00868939510021427,0.05127495395315954,0.013287525806329494,0.8062001834531385,0.004247892440990775,0.48218254866372023,0.046627248670804866,,,,,,,,,
T3,N200-B0-heuristic,0.44975999999999994,0.0043707423632263764,0.09800737155542774,0.004169557503467147,0.7840778415634143,0.0022196522556604537,0.5232566107858995,0.13372021236706208,,,,,,,,,
T3,N200-B1-MLE,0.5706799999999999,0.0067111853886602235,0.04394403749502221,0.0053762537462739846,0.8103185721690371,0.0019409911621081077,0.47227659017348883,0.0347348635605937,,,,,,,,,
T3,N200-B2-expert,0.51198,0.027925115721490923,0.10282513447948298,0.029692232646903752,0.7800802493206302,0.01155476474262096,0.5141474197020763,0.08334111368404422,,,,,,,,,
T3,N200-Proposed,0.5770000000000001,0.008097368235571945,0.030134748114113596,0.005372622437768183,0.8169159177288368,0.0025348284681202538,0.4670317807030021,0.03126578501536576,,,,,,,,,
T3,N400-B0-heuristic,0.44975999999999994,0.0043707423632263764,0.09800737155542774,0.004169557503467147,0.7840778415634143,0.0022196522556604537,0.5232566107858995,0.13372021236706208,,,,,,,,,
T3,N400-B1-MLE,0.57846,0.007016773293519796,0.03181673447088183,0.005822828378974382,0.8163631619291338,0.002756469433207731,0.464050805298167,0.027397279693139154,,,,,,,,,
T3,N400-B2-expert,0.51198,0.027925115721490923,0.10282513447948298,0.029692232646903752,0.7800802493206302,0.01155476474262096,0.5141474197020763,0.08334111368404422,,,,,,,,,
T3,N400-Proposed,0.58232,0.0070843547276217,0.024285030720974897,0.0034957131487981484,0.8199594072232521,0.002718120982453942,0.46420615096032,0.025226061409586276,,,,,,,,,
T4,radar only,0.55548,0.008189014771775582,0.03419150957372698,0.004783645455464849,,,,0.03141544040172178,0.44480869152992464,0.01422616190441689,0.7968459671605413,0.0032117360050812893,0.5504341222324369,0.004741315101639332,0.0034234959946154997,0.5057229519697647,0.012049315386398307
T4,RF only,0.5320400000000001,0.007989218687930899,0.030564004139795913,0.005692720524516656,,,,0.031245814043476504,0.3866286350948093,0.008920968537277196,0.7702243703980431,0.0026472044060183997,0.5761715567858793,0.003726971151919223,0.0030283079962035164,0.5932559319342021,0.012834476431306974
T4,EO/IR only,0.55534,0.008076561059000897,0.02964502586620371,0.0030579679667690884,,,,0.03190617776632557,0.45150073572411076,0.012840287925850458,0.7976036635879412,0.002428413084638481,0.5504741779203051,0.0037913720920371707,0.002933505759413195,0.5215480943035095,0.014598593942520388
T4,acoustic only,0.54352,0.006533905989978495,0.02918217140136587,0.004653102521848279,,,,0.031110374866373948,0.4196467564099436,0.013189854814496471,0.7853814234033818,0.0024052023380729537,0.5622344912181221,0.0033058727968494628,0.00323944606468711,0.5764794868006031,0.014320140330576714
T4,all (abstract model),0.5650600000000001,0.007256112592123887,0.04267176841790205,0.00844879934518894,,,,0.0353388327002712,0.4813618982551728,0.008088921245808955,0.8078768291098829,0.0030047062072291464,0.541251397566007,0.005646669867288789,0.003969738463585781,0.4703435131237863,0.011307636552391975
T4,all (calibrated),0.5758000000000001,0.007786144242390658,0.03209270175080862,0.005240530807191869,,,,0.03134569434195912,0.48703722621991574,0.007261852262672619,0.8161222239425225,0.0024389020804060912,0.5289616006607281,0.004535938852009758,0.003179784705263783,0.46567232839972916,0.011980642048559476
T4,all (calib+reliab),0.5770000000000001,0.008097368235571945,0.030134748114113596,0.005372622437768183,,,,0.03126578501536576,0.48681931494264263,0.007680151211135133,0.8169159177288368,0.0025348284681202538,0.5279784296564459,0.004449153240616233,0.00320349479048998,0.4670317807030021,0.010928425216334636
T5abl,Proposed (full),0.56474,0.008408649847659544,0.04199959590266679,0.008403662713516627,,,,,,,0.8101322905631123,0.0029735391670315803,,,,,
T5abl,-ICI (full table),0.56296,0.007649172912716717,0.04956944830867754,0.009165541461874795,,,,,,,0.8061739891607264,0.003283302063448623,,,,,
T5abl,-constraints,0.56462,0.008445028878864336,0.04221249237737658,0.008338657893920569,,,,,,,0.8100791964642514,0.002988491550182548,,,,,
T5abl,-prior (MLE),0.54918,0.00803194939834706,0.08618487192142657,0.012136085066680319,,,,,,,0.7826854980264759,0.004132331099238384,,,,,
T5abl,-reliability,0.5632599999999999,0.0077507124397069305,0.04474202117449297,0.008814203166244317,,,,,,,0.8092919926000702,0.002844115077950571,,,,,
T5cs,0,0.5650600000000001,0.007256112592123887,0.04267176841790205,0.00844879934518894,,,,,0.4813618982551728,0.008088921245808955,0.8078768291098829,0.0030047062072291464,0.541251397566007,0.005646669867288789,,,
T5cs,30,0.56982,0.008157052218179417,0.03750457270123735,0.005265044109149748,,,,,0.4843886011730637,0.007465126696559077,0.8101867085144356,0.0032078233419295943,0.5365430389370001,0.0051054590660338794,,,
T5cs,100,0.5729,0.008067786494985185,0.03327559027655903,0.006101585229487443,,,,,0.48339444400079346,0.008050320286792922,0.8150817963138591,0.0026468133409707217,0.530559116428815,0.0047166102603035664,,,
T5cs,300,0.5758000000000001,0.007786144242390658,0.03209270175080862,0.005240530807191869,,,,,0.48703722621991574,0.007261852262672619,0.8161222239425225,0.0024389020804060912,0.5289616006607281,0.004535938852009758,,,
T5cs,1000,0.57588,0.007347513955363039,0.03325837410456494,0.005160703017420179,,,,,0.48716634206216225,0.007065154038357446,0.816510203819141,0.0023669862303804523,0.5284516241876215,0.004337059811787225,,,
T5cs,-1,0.5761800000000001,0.007447593887979109,0.03244647415705888,0.004800492971051243,,,,,0.4875268393381872,0.007591373623989539,0.8168399142092788,0.002323963995367162,0.5281276029209325,0.004361237946419516,,,
