rep,config,acc,macroF1,macroAUC,brier,ece,cwece,far@pd0.9,dAUC,dAUC_lo,dAUC_hi,dECE,dECE_lo,dECE_hi,dECE_reliab,dECEr_lo,dECEr_hi,mcnemar_b,mcnemar_c,mcnemar_p,delong_z_c0,delong_p_c0,delong_z_c1,delong_p_c1,delong_z_c2,delong_p_c2,delong_z_c3,delong_p_c3,n_sub
0,radar only,0.5472,0.4180590957759404,0.7864793031277074,0.5562291331796645,0.02115914516197408,0.018189521491234706,0.5059435364041605,,,,,,,,,,,,,,,,,,,,,
0,RF only,0.5328,0.35736902626974526,0.7676816115214705,0.5764832185382964,0.02968908702587402,0.024588674132513505,0.6099554234769688,,,,,,,,,,,,,,,,,,,,,
0,EO/IR only,0.5752,0.4408947025947348,0.7972284425456353,0.5448047142781879,0.030918785549441465,0.024273603743956294,0.5118870728083209,,,,,,,,,,,,,,,,,,,,,
0,acoustic only,0.55,0.41564107968794495,0.778550552415694,0.563606282824305,0.027731614090815974,0.02256093295296157,0.6010401188707281,,,,,,,,,,,,,,,,,,,,,
0,all (abstract model),0.576,0.46499364484258754,0.80551697161193,0.5368666672376962,0.03799200559066221,0.02632865076234149,0.48068350668647847,,,,,,,,,,,,,,,,,,,,,
0,all (calibrated),0.5848,0.47026696812006147,0.8103549528124956,0.5304902651567177,0.02639986131002063,0.02553454701872805,0.46285289747399705,,,,,,,,,,,,,,,,,,,,,
0,all (calib+reliab),0.5868,0.4670303066520823,0.8108697132191537,0.5295923106539917,0.02369458137506948,0.02266427135182663,0.45690936106983654,,,,,,,,,,,,,,,,,,,,,
0,_paired_stats,,,,,,,,0.004837981200565555,0.0004376981286080829,0.009114093362800398,-0.011592144280641578,-0.02552959701225561,0.008474736677645004,-0.002705279934951149,-0.012477313193973459,0.007314010423619583,107.0,129.0,0.17149946345993633,-0.21692261050418188,0.8282686564877293,-1.4959251316486553,0.13467316636128202,-1.3891761110937249,0.1647792040616517,-2.1312687293732533,0.033067009693566685,
0,_subset_silent-drone_abstract,0.5254691689008043,,0.7902236178143303,0.6097411854339844,0.0837652843349258,0.15117583606500784,,,,,,,,,,,,,,,,,,,,,,373.0
0,_subset_silent-drone_calibrated,0.5737265415549598,,0.8293023488181425,0.5330499041120788,0.04452390266458118,0.11019918225856085,,,,,,,,,,,,,,,,,,,,,,373.0
0,_subset_silent-drone_calib+reliab,0.5737265415549598,,0.8272196625757027,0.5384791604969213,0.04315054963420291,0.11344286300002551,,,,,,,,,,,,,,,,,,,,,,373.0
0,_subset_far-range_abstract,0.5662368112543963,,0.7456272918696039,0.5514941556186541,0.053302719085112006,0.03770750858915408,,,,,,,,,,,,,,,,,,,,,,853.0
0,_subset_far-range_calibrated,0.5568581477139508,,0.749851879621626,0.5523194984923914,0.054323070670519745,0.0394334226563749,,,,,,,,,,,,,,,,,,,,,,853.0
0,_subset_far-range_calib+reliab,0.5650644783118406,,0.7550821855442086,0.5494512133147139,0.04637110498153608,0.036981950566010745,,,,,,,,,,,,,,,,,,,,,,853.0
0,_subset_far-silent_abstract,0.416,,0.6848810094753326,0.7027241491368854,0.1769495026446825,0.19849591002705166,,,,,,,,,,,,,,,,,,,,,,125.0
0,_subset_far-silent_calibrated,0.48,,0.8027463917655363,0.5985758287377789,0.15269200479133668,0.15770544561482866,,,,,,,,,,,,,,,,,,,,,,125.0
0,_subset_far-silent_calib+reliab,0.488,,0.8018850807820301,0.6040717714653338,0.12421276709940914,0.15876142033440127,,,,,,,,,,,,,,,,,,,,,,125.0
1,radar only,0.5456,0.3831025327413341,0.7996610856565664,0.5500544266901235,0.029390262527556586,0.02609521151397872,0.47997086671522216,,,,,,,,,,,,,,,,,,,,,
1,RF only,0.5248,0.361269852962208,0.7800245830605322,0.5724011549475606,0.01764876803118351,0.025860063511752386,0.5557174071376547,,,,,,,,,,,,,,,,,,,,,
1,EO/IR only,0.5352,0.37532046375494194,0.803988041626531,0.5473738418164763,0.04317526638861705,0.03580497011775049,0.4770575382374363,,,,,,,,,,,,,,,,,,,,,
1,acoustic only,0.5428,0.38035318417947794,0.7943155893657362,0.5555971238429752,0.036360597092352835,0.029263367941835913,0.5149308084486526,,,,,,,,,,,,,,,,,,,,,
1,all (abstract model),0.5708,0.4932416785160037,0.8161140980886772,0.5318079777872107,0.024131672059965466,0.025679836194506298,0.4479242534595776,,,,,,,,,,,,,,,,,,,,,
1,all (calibrated),0.5684,0.45996689794362533,0.8192480826798263,0.5277801227956208,0.03189300850797474,0.029762510851641867,0.42753095411507647,,,,,,,,,,,,,,,,,,,,,
1,all (calib+reliab),0.5692,0.4620322679787525,0.8206470079850133,0.5265563277133738,0.02820215707678268,0.03022327667357564,0.42534595775673706,,,,,,,,,,,,,,,,,,,,,
1,_paired_stats,,,,,,,,0.003133984591149108,-0.0028081751074859993,0.009507883667312587,0.007761336448009273,-0.010525182431244418,0.025497823774340223,-0.0036908514311920597,-0.013477933775815455,0.00479677734243449,248.0,242.0,0.8213255472661354,-0.22518551469474937,0.8218349576813166,-1.3531991336137537,0.17599202198443364,-1.1132836959862544,0.26558660645444554,0.5267440799093346,0.598371320480152,
1,_subset_silent-drone_abstract,0.48031496062992124,,0.7879956138442878,0.6303986472103786,0.0845723644904815,0.13989653334816143,,,,,,,,,,,,,,,,,,,,,,381.0
1,_subset_silent-drone_calibrated,0.5853018372703412,,0.8199749743131304,0.5328966922033456,0.06607878646390813,0.08876797986756721,,,,,,,,,,,,,,,,,,,,,,381.0
1,_subset_silent-drone_calib+reliab,0.5695538057742782,,0.8190520811647718,0.537939349187895,0.07119923794245046,0.09312625112641458,,,,,,,,,,,,,,,,,,,,,,381.0
1,_subset_far-range_abstract,0.5926773455377574,,0.776359742301293,0.5174008878751624,0.02274690962918098,0.030017379074427305,,,,,,,,,,,,,,,,,,,,,,874.0
1,_subset_far-range_calibrated,0.6006864988558352,,0.7746760917579442,0.5085946693719027,0.039747896619090166,0.03073332341064013,,,,,,,,,,,,,,,,,,,,,,874.0
1,_subset_far-range_calib+reliab,0.6075514874141876,,0.7754727504531211,0.5076038598684285,0.028596755069264165,0.030741373376302065,,,,,,,,,,,,,,,,,,,,,,874.0
1,_subset_far-silent_abstract,0.421875,,0.7433905867411248,0.6490095827162274,0.1222162376317025,0.1547569288342097,,,,,,,,,,,,,,,,,,,,,,128.0
1,_subset_far-silent_calibrated,0.609375,,0.7927060298475013,0.5277650933290481,0.12141320453770175,0.11724591070027633,,,,,,,,,,,,,,,,,,,,,,128.0
1,_subset_far-silent_calib+reliab,0.5859375,,0.78761915408157,0.54266258293719,0.16689501366255066,0.13129963788519905,,,,,,,,,,,,,,,,,,,,,,128.0
2,radar only,0.502,0.4307273630302294,0.7779365659430049,0.5818292464766025,0.05222872671356102,0.04792257482946471,0.5436241610738255,,,,,,,,,,,,,,,,,,,,,
2,RF only,0.4792,0.3725861568462722,0.7549521909522803,0.5988717071172843,0.040929472053636035,0.04772331445964711,0.5846383296047726,,,,,,,,,,,,,,,,,,,,,
2,EO/IR only,0.5144,0.4485958861723873,0.7868765140435383,0.5724178287293348,0.032250874307256344,0.04648178082217577,0.551826994780015,,,,,,,,,,,,,,,,,,,,,
2,acoustic only,0.5016,0.380645344861966,0.7754907834838389,0.5807944094122146,0.0376299214547339,0.047949973723215515,0.5764354958985831,,,,,,,,,,,,,,,,,,,,,
2,all (abstract model),0.5212,0.46097666210699945,0.7886343364141488,0.5770957929340143,0.0628303606789611,0.052014498621372765,0.5242356450410142,,,,,,,,,,,,,,,,,,,,,
2,all (calibrated),0.5268,0.4668642588156505,0.80196894366648,0.5586300951974894,0.05013600619433593,0.04834673582350912,0.5160328113348247,,,,,,,,,,,,,,,,,,,,,
2,all (calib+reliab),0.5256,0.46374581253347225,0.8027885794627778,0.556486135031552,0.04497530763025224,0.04665572496495549,0.4981357196122297,,,,,,,,,,,,,,,,,,,,,
2,_paired_stats,,,,,,,,0.013334607252331154,0.009040559346925502,0.017415081714997453,-0.012694354484625164,-0.028603618823803342,0.0016926419800002653,-0.005160698564083695,-0.018644280557149014,0.005060055689995571,73.0,87.0,0.3040598777154104,-4.062083502913749,4.86366722081487e-05,-3.76080299118595,0.00016936878600465105,-4.2888993429142985,1.795607201166314e-05,-2.6947774827055344,0.007043565165299438,
2,_subset_silent-drone_abstract,0.4796954314720812,,,0.6386370330440542,0.12281048604213692,0.13459095603233656,,,,,,,,,,,,,,,,,,,,,,394.0
2,_subset_silent-drone_calibrated,0.5152284263959391,,,0.5700216652451561,0.10710143134019907,0.10530573371677569,,,,,,,,,,,,,,,,,,,,,,394.0
2,_subset_silent-drone_calib+reliab,0.5152284263959391,,,0.5678921790775577,0.09014328806232444,0.09993710156166619,,,,,,,,,,,,,,,,,,,,,,394.0
2,_subset_far-range_abstract,0.465005931198102,,0.722524995975715,0.6169392995204053,0.13010523041870686,0.09872073097820883,,,,,,,,,,,,,,,,,,,,,,843.0
2,_subset_far-range_calibrated,0.46737841043890865,,0.7340989543944979,0.5921990685923773,0.10826038585774227,0.08646182436194268,,,,,,,,,,,,,,,,,,,,,,843.0
2,_subset_far-range_calib+reliab,0.4638196915776987,,0.7324580701455571,0.586415156088166,0.09547261312509495,0.08358903731480567,,,,,,,,,,,,,,,,,,,,,,843.0
2,_subset_far-silent_abstract,0.34285714285714286,,,0.7277230309154507,0.203350111359859,0.20672242407926153,,,,,,,,,,,,,,,,,,,,,,140.0
2,_subset_far-silent_calibrated,0.42857142857142855,,,0.6309096586087362,0.16551431401389127,0.1521835230420006,,,,,,,,,,,,,,,,,,,,,,140.0
2,_subset_far-silent_calib+reliab,0.42857142857142855,,,0.6265960240287093,0.18301545194433289,0.157272004798521,,,,,,,,,,,,,,,,,,,,,,140.0
3,radar only,0.5816,0.4593459366691334,0.800715081135805,0.5416404271279526,0.0464605938655042,0.0339361678559691,0.4992795389048991,,,,,,,,,,,,,,,,,,,,,
3,RF only,0.5508,0.3996616376647958,0.7732546661531174,0.5647264618712182,0.026703289298754526,0.02836815323906248,0.5972622478386167,,,,,,,,,,,,,,,,,,,,,
3,EO/IR only,0.582,0.4663326795268524,0.8014115561439097,0.537519170687158,0.04072842786155359,0.033573232255181,0.5244956772334294,,,,,,,,,,,,,,,,,,,,,
3,acoustic only,0.5628,0.44272756646718203,0.7885868482231966,0.5502823238951198,0.03076088525132164,0.029182367694507313,0.590778097982709,,,,,,,,,,,,,,,,,,,,,
3,all (abstract model),0.592,0.5107807863114361,0.814733216438899,0.5213635284529935,0.01845434509686419,0.027969675767421032,0.46325648414985593,,,,,,,,,,,,,,,,,,,,,
3,all (calibrated),0.6068,0.5194240680933921,0.8202933596641984,0.5143976369273965,0.035116115797570895,0.02898028674858814,0.46469740634005763,,,,,,,,,,,,,,,,,,,,,
3,all (calib+reliab),0.6064,0.5185301016877468,0.8203323175213025,0.51555640234694,0.039639312945365775,0.028161143391616763,0.4675792507204611,,,,,,,,,,,,,,,,,,,,,
3,_paired_stats,,,,,,,,0.005560143225299408,0.00215220551225809,0.0089644954993409,0.016661770700706704,-0.004884597864236603,0.02520306065608261,0.00452319714779488,-0.0022352335168650136,0.009063657612374968,73.0,110.0,0.007615282152829298,-1.9251529340264089,0.054210228285517775,-2.609147598316706,0.009076808237618837,-2.2325819068689676,0.02557652834934758,-0.8303433528111109,0.4063446834286829,
3,_subset_silent-drone_abstract,0.5493333333333333,,,0.5600512146972455,0.0327441566278328,0.13936280820685115,,,,,,,,,,,,,,,,,,,,,,375.0
3,_subset_silent-drone_calibrated,0.6426666666666667,,,0.5111018460495118,0.10847528413413406,0.11418189503902557,,,,,,,,,,,,,,,,,,,,,,375.0
3,_subset_silent-drone_calib+reliab,0.6346666666666667,,,0.5191639452976687,0.11049029030408432,0.1193636948192949,,,,,,,,,,,,,,,,,,,,,,375.0
3,_subset_far-range_abstract,0.6036866359447005,,0.7752223945582091,0.5264264289508082,0.014625375186247536,0.03239225756068067,,,,,,,,,,,,,,,,,,,,,,868.0
3,_subset_far-range_calibrated,0.6059907834101382,,0.7804095876086238,0.518821908994485,0.031835374783305725,0.0284230063259663,,,,,,,,,,,,,,,,,,,,,,868.0
3,_subset_far-range_calib+reliab,0.6094470046082949,,0.7797521200017399,0.5209477606824027,0.031248361664182333,0.026570432764920708,,,,,,,,,,,,,,,,,,,,,,868.0
3,_subset_far-silent_abstract,0.4961832061068702,,,0.6005239712103642,0.07280073012074792,0.13892542582572254,,,,,,,,,,,,,,,,,,,,,,131.0
3,_subset_far-silent_calibrated,0.6030534351145038,,,0.5515209017872048,0.06356297302373445,0.12170340059254053,,,,,,,,,,,,,,,,,,,,,,131.0
3,_subset_far-silent_calib+reliab,0.5877862595419847,,,0.5680905747542313,0.15016619908645068,0.13389996302281545,,,,,,,,,,,,,,,,,,,,,,131.0
4,radar only,0.5548,0.4410759494499884,0.7962616440493157,0.557596618875135,0.03795208098344259,0.037169436735836225,0.5146842878120411,,,,,,,,,,,,,,,,,,,,,
4,RF only,0.5332,0.39695401981515377,0.7697216564934746,0.5813009065858947,0.048530346847554376,0.036404728307893056,0.5477239353891337,,,,,,,,,,,,,,,,,,,,,
4,EO/IR only,0.5592,0.45992116717549686,0.7997132832961237,0.5531620509917808,0.03292735258864146,0.03539306413746597,0.5066079295154186,,,,,,,,,,,,,,,,,,,,,
4,acoustic only,0.544,0.4189529526314897,0.7878103864876334,0.566439191868057,0.046585700870700845,0.03838300520722256,0.5381791483113069,,,,,,,,,,,,,,,,,,,,,
4,all (abstract model),0.5692,0.47863294187289085,0.8096649682089546,0.5499405385632865,0.06793122425701412,0.04366418277989992,0.4684287812041116,,,,,,,,,,,,,,,,,,,,,
4,all (calibrated),0.5768,0.4868909584975928,0.8167809736046543,0.5366444941594555,0.048595848335997,0.03779190523007592,0.461086637298091,,,,,,,,,,,,,,,,,,,,,
4,all (calib+reliab),0.5768,0.4824980840377941,0.8171578275572822,0.5354837838389682,0.04441909790649772,0.03806428294158871,0.4750367107195301,,,,,,,,,,,,,,,,,,,,,
4,_paired_stats,,,,,,,,0.007116005395699676,0.003952485461152092,0.010157363376008605,-0.01933537592101712,-0.02844256708955804,-0.004281069652998156,-0.004176750429499276,-0.0106212734973603,0.0061261683039159995,86.0,105.0,0.19263362197418848,-0.7895848613459409,0.42977025219261233,-3.485482120080373,0.0004912510524325968,-2.6332159056540516,0.008458056171154077,-2.801155031520995,0.005092005008862477,
4,_subset_silent-drone_abstract,0.5292620865139949,,0.8243115367365421,0.6072713671397912,0.10549307976272411,0.14067583393206448,,,,,,,,,,,,,,,,,,,,,,393.0
4,_subset_silent-drone_calibrated,0.6310432569974554,,0.8484808553499258,0.5347988372796251,0.09097933488132236,0.11347763840402088,,,,,,,,,,,,,,,,,,,,,,393.0
4,_subset_silent-drone_calib+reliab,0.6055979643765903,,0.8486715016870312,0.5431503554576097,0.08661825480256366,0.11887508867058687,,,,,,,,,,,,,,,,,,,,,,393.0
4,_subset_far-range_abstract,0.553932584269663,,0.7496440625134422,0.5760483337864841,0.1228007934638693,0.06752618351500748,,,,,,,,,,,,,,,,,,,,,,890.0
4,_subset_far-range_calibrated,0.5573033707865168,,0.7555970108869416,0.5670330348064128,0.10808212859962321,0.059545967258363565,,,,,,,,,,,,,,,,,,,,,,890.0
4,_subset_far-range_calib+reliab,0.5573033707865168,,0.749587246900622,0.5636547986356714,0.10069837037902624,0.059067392110101466,,,,,,,,,,,,,,,,,,,,,,890.0
4,_subset_far-silent_abstract,0.45323741007194246,,0.7501804246477621,0.7007929145312944,0.21222279214529013,0.17858772067501696,,,,,,,,,,,,,,,,,,,,,,139.0
4,_subset_far-silent_calibrated,0.5899280575539568,,0.7732213466778296,0.6172495636701664,0.18535105881121175,0.14356423186170583,,,,,,,,,,,,,,,,,,,,,,139.0
4,_subset_far-silent_calib+reliab,0.5323741007194245,,0.7745235337060018,0.635002533529674,0.18839226700976278,0.1617447029432678,,,,,,,,,,,,,,,,,,,,,,139.0
5,radar only,0.5444,0.38534349233004617,0.7869765740637092,0.5623181720744722,0.037853941872486696,0.04177640389867788,0.5,,,,,,,,,,,,,,,,,,,,,
5,RF only,0.5252,0.35976647774348486,0.7596711955598874,0.5844890767369872,0.04335209332778831,0.04249822705996172,0.6023391812865497,,,,,,,,,,,,,,,,,,,,,
5,EO/IR only,0.5468,0.383363968921446,0.7886174435566796,0.558105329286238,0.03126778404142028,0.03899425199590927,0.5146198830409356,,,,,,,,,,,,,,,,,,,,,
5,acoustic only,0.5412,0.37879230489205007,0.7793306867647791,0.5688767616167945,0.030794347946466193,0.04206557713882485,0.5555555555555556,,,,,,,,,,,,,,,,,,,,,
5,all (abstract model),0.55,0.4529382021916737,0.7995564702355417,0.554395304577468,0.07332630203147869,0.05163871092509451,0.47368421052631576,,,,,,,,,,,,,,,,,,,,,
5,all (calibrated),0.5796,0.47749265960358217,0.8124225118268502,0.5345877482244112,0.03417862458328736,0.042183369631103806,0.472953216374269,,,,,,,,,,,,,,,,,,,,,
5,all (calib+reliab),0.5808,0.480886596485431,0.812923780604584,0.5342819838903404,0.039116312485338554,0.04340751048117549,0.47149122807017546,,,,,,,,,,,,,,,,,,,,,
5,_paired_stats,,,,,,,,0.012866041591308552,0.008200340666330666,0.017617218251190784,-0.03914767744819133,-0.050059840597253366,-0.01428426409529271,0.004937687902051194,-0.008921526035907646,0.01020977922463204,171.0,245.0,0.0003336306163511086,-2.124177368810488,0.033655314887790805,-4.087355046021732,4.3631912048039824e-05,-3.089042268704532,0.002008028678427542,-3.9711211309265284,7.15351936307289e-05,
5,_subset_silent-drone_abstract,0.40594059405940597,,,0.6972353139666472,0.154953216494163,0.178680486854286,,,,,,,,,,,,,,,,,,,,,,404.0
5,_subset_silent-drone_calibrated,0.5693069306930693,,,0.5670469470247871,0.0534978361198382,0.12326750497270035,,,,,,,,,,,,,,,,,,,,,,404.0
5,_subset_silent-drone_calib+reliab,0.5594059405940595,,,0.5766727015552234,0.07033103689921977,0.13109817907416502,,,,,,,,,,,,,,,,,,,,,,404.0
5,_subset_far-range_abstract,0.5545556805399325,,0.7324386284050689,0.5402608944032201,0.06617890371179057,0.05979982586864451,,,,,,,,,,,,,,,,,,,,,,889.0
5,_subset_far-range_calibrated,0.5849268841394826,,0.7546054687689147,0.524997645173056,0.04166465171814332,0.049235908893419375,,,,,,,,,,,,,,,,,,,,,,889.0
5,_subset_far-range_calib+reliab,0.5838020247469067,,0.7512468730596464,0.5240324238835844,0.049235277006916545,0.05033551376742183,,,,,,,,,,,,,,,,,,,,,,889.0
5,_subset_far-silent_abstract,0.38926174496644295,,,0.734147675373132,0.186927646947403,0.19580379921990304,,,,,,,,,,,,,,,,,,,,,,149.0
5,_subset_far-silent_calibrated,0.5302013422818792,,,0.6026005530540017,0.06731336079087087,0.14056036580843098,,,,,,,,,,,,,,,,,,,,,,149.0
5,_subset_far-silent_calib+reliab,0.5167785234899329,,,0.6229000051856217,0.1349016600924765,0.15519981126670607,,,,,,,,,,,,,,,,,,,,,,149.0
6,radar only,0.5824,0.4756064912099395,0.8042050643826223,0.5407961912978723,0.03807909773284597,0.034457386650897606,0.46909903201787045,,,,,,,,,,,,,,,,,,,,,
6,RF only,0.5484,0.367236513591768,0.7701427037064696,0.5698304594398944,0.027045393703795002,0.028324530223096948,0.5778108711839166,,,,,,,,,,,,,,,,,,,,,
6,EO/IR only,0.5768,0.4649144974154457,0.8040088279919098,0.5408256867344163,0.028634820953707025,0.028802328967707763,0.4802680565897245,,,,,,,,,,,,,,,,,,,,,
6,acoustic only,0.5568,0.43257479634469764,0.7883352689150543,0.555415666229504,0.022425520827270232,0.03040147539622126,0.5539836187639613,,,,,,,,,,,,,,,,,,,,,
6,all (abstract model),0.5792,0.5000888354105274,0.8123294466812115,0.5298005987875984,0.021452628045266726,0.029539830967777174,0.43484735666418467,,,,,,,,,,,,,,,,,,,,,
6,all (calibrated),0.6004,0.5131340771590239,0.825169976448588,0.5140266676901531,0.024126825040863466,0.027784648484248185,0.43857036485480266,,,,,,,,,,,,,,,,,,,,,
6,all (calib+reliab),0.6036,0.5160539071575804,0.8258189713469547,0.5134233329423109,0.030733924767213896,0.028001757810412337,0.43857036485480266,,,,,,,,,,,,,,,,,,,,,
6,_paired_stats,,,,,,,,0.012840529767376485,0.007045724318218816,0.01890262966802648,0.0026741969955967407,-0.020410169276625683,0.01843002912151712,0.006607099726350429,-0.004440369273767179,0.016930985748253535,191.0,244.0,0.012570439041306449,-1.525792755119481,0.12706148556186345,-3.606064191325049,0.00031087626642369476,-2.472488691105336,0.013417595875758704,-3.087815807322474,0.0020163340343452843,
6,_subset_silent-drone_abstract,0.5429292929292929,,0.8156548046208869,0.5590956207792921,0.08020108442980668,0.11180354379736812,,,,,,,,,,,,,,,,,,,,,,396.0
6,_subset_silent-drone_calibrated,0.6212121212121212,,0.8363352639821544,0.4827101656021412,0.06807455046416644,0.07146320235334008,,,,,,,,,,,,,,,,,,,,,,396.0
6,_subset_silent-drone_calib+reliab,0.6338383838383839,,0.8379041307417437,0.4854669159748017,0.08877376266950877,0.08036745506376895,,,,,,,,,,,,,,,,,,,,,,396.0
6,_subset_far-range_abstract,0.6019417475728155,,0.775528949168304,0.5155571757132125,0.035052106357515204,0.03363372820807485,,,,,,,,,,,,,,,,,,,,,,824.0
6,_subset_far-range_calibrated,0.6225728155339806,,0.7818812815268436,0.5121686975856498,0.051490530883846516,0.039554291158881705,,,,,,,,,,,,,,,,,,,,,,824.0
6,_subset_far-range_calib+reliab,0.625,,0.7874895990355877,0.5097565768438111,0.05575643325530233,0.036359766358566394,,,,,,,,,,,,,,,,,,,,,,824.0
6,_subset_far-silent_abstract,0.5492957746478874,,0.701693694467132,0.5553526033157955,0.10322431322768147,0.13106846830220084,,,,,,,,,,,,,,,,,,,,,,142.0
6,_subset_far-silent_calibrated,0.6690140845070423,,0.7615968197310109,0.466699105845,0.1463095861742483,0.10486348442472529,,,,,,,,,,,,,,,,,,,,,,142.0
6,_subset_far-silent_calib+reliab,0.6901408450704225,,0.7690490885803386,0.4699293724222668,0.16464672103709882,0.1057887292350727,,,,,,,,,,,,,,,,,,,,,,142.0
7,radar only,0.562,0.4860247221660635,0.8035672048709606,0.5412330965072262,0.011578998416353696,0.022869830946000497,0.5132547864506627,,,,,,,,,,,,,,,,,,,,,
7,RF only,0.5324,0.41869342763724327,0.7726264396534079,0.5709549693853829,0.012374670660997768,0.024783024194675242,0.5802650957290133,,,,,,,,,,,,,,,,,,,,,
7,EO/IR only,0.5456,0.47514828078233917,0.7973382975906604,0.5510105176766187,0.019544961332915105,0.03196584405113783,0.5176730486008837,,,,,,,,,,,,,,,,,,,,,
7,acoustic only,0.54,0.45296319555653614,0.7854101666450912,0.5606435498189748,0.00794296520124125,0.025148529496880373,0.6273932253313697,,,,,,,,,,,,,,,,,,,,,
7,all (abstract model),0.5752,0.5014187709174553,0.8102556671800794,0.5383429387014415,0.04102199554819635,0.03449993290544945,0.47054491899852724,,,,,,,,,,,,,,,,,,,,,
7,all (calibrated),0.5764,0.5039295387574757,0.8179621954670295,0.5262204798932406,0.024446521708758787,0.027861010932995953,0.4690721649484536,,,,,,,,,,,,,,,,,,,,,
7,all (calib+reliab),0.5784,0.5079864194395911,0.8194884956694372,0.5239354633592289,0.021233178667031116,0.02728087034696188,0.4683357879234168,,,,,,,,,,,,,,,,,,,,,
7,_paired_stats,,,,,,,,0.007706528286950176,0.003792580507616769,0.011768210112126462,-0.01657547383943756,-0.0340165859241664,0.001340985793924114,-0.0032133430417276704,-0.010227515514345725,0.0047291597518664555,98.0,101.0,0.8873030419814874,-2.360411656359993,0.018254665671929966,-2.0946755220949895,0.036199846620354297,-1.9184173348720726,0.055058114743734406,-3.1065472341189664,0.0018928606596545195,
7,_subset_silent-drone_abstract,0.5641711229946524,,0.7905815229487423,0.5534230696530756,0.0643216558321368,0.10234006022879823,,,,,,,,,,,,,,,,,,,,,,374.0
7,_subset_silent-drone_calibrated,0.6390374331550802,,0.8181406194833016,0.5002833469012065,0.0668543727858696,0.0797794848123124,,,,,,,,,,,,,,,,,,,,,,374.0
7,_subset_silent-drone_calib+reliab,0.6283422459893048,,0.8172529079556875,0.5032553166656623,0.05333213388580986,0.08120654699824718,,,,,,,,,,,,,,,,,,,,,,374.0
7,_subset_far-range_abstract,0.5848161328588375,,0.7782205717800923,0.5372016707468984,0.045761995068112175,0.0452377960259821,,,,,,,,,,,,,,,,,,,,,,843.0
7,_subset_far-range_calibrated,0.5836298932384342,,0.7758153118850055,0.5335327164823237,0.042802131160380286,0.04029551485522601,,,,,,,,,,,,,,,,,,,,,,843.0
7,_subset_far-range_calib+reliab,0.5871886120996441,,0.7801807361027908,0.5268091609853144,0.01908974398177362,0.038136853557490746,,,,,,,,,,,,,,,,,,,,,,843.0
7,_subset_far-silent_abstract,0.4957983193277311,,0.7206193633448863,0.6273682793685698,0.13543892789134881,0.1516696771081013,,,,,,,,,,,,,,,,,,,,,,119.0
7,_subset_far-silent_calibrated,0.6050420168067226,,0.7247141498852793,0.5566887070340119,0.08262446266786062,0.13103138103595913,,,,,,,,,,,,,,,,,,,,,,119.0
7,_subset_far-silent_calib+reliab,0.5546218487394958,,0.7257087761131145,0.5620736257685774,0.10130014433729961,0.13597254078471016,,,,,,,,,,,,,,,,,,,,,,119.0
8,radar only,0.5584,0.4643897916405583,0.8012684843892418,0.5444044569194111,0.03562507257027999,0.027248657399065,0.45288753799392095,,,,,,,,,,,,,,,,,,,,,
8,RF only,0.5388,0.3860271979607961,0.7719757567343075,0.5748785590486035,0.028177302457398558,0.02499199988323531,0.5653495440729484,,,,,,,,,,,,,,,,,,,,,
8,EO/IR only,0.5628,0.45530715318016834,0.8054494369471408,0.5434804266477737,0.01971957277281193,0.02470156749033692,0.47188449848024316,,,,,,,,,,,,,,,,,,,,,
8,acoustic only,0.5312,0.3810004041454736,0.7878598532296953,0.5611762290217556,0.02006088437540645,0.026683741115133778,0.526595744680851,,,,,,,,,,,,,,,,,,,,,
8,all (abstract model),0.5584,0.45847285475127586,0.8097154291056943,0.5368577040808322,0.030427534127455858,0.03138602103065669,0.43617021276595747,,,,,,,,,,,,,,,,,,,,,
8,all (calibrated),0.5724,0.4848788040404716,0.8210814622382792,0.5226200804828258,0.019276115888379925,0.02660169807783622,0.41641337386018235,,,,,,,,,,,,,,,,,,,,,
8,all (calib+reliab),0.5744,0.48490809418889524,0.8225924724931251,0.5216356103411154,0.02032890088941881,0.026840177890912406,0.4217325227963526,,,,,,,,,,,,,,,,,,,,,
8,_paired_stats,,,,,,,,0.011366033132584885,0.005925890418648727,0.016813730250952633,-0.011151418239075932,-0.02365072451601448,0.011885927420383604,0.0010527850010388848,-0.008813973619979041,0.010397515982670183,184.0,219.0,0.09020529777048758,0.9372643550721895,0.3486225934683793,-3.2342001649227354,0.0012198392974027362,-2.726132651113784,0.006408123900520062,-4.062669301773487,4.8514737024896744e-05,
8,_subset_silent-drone_abstract,0.44155844155844154,,0.7450738070275406,0.6493675252481607,0.09094508499353982,0.14907982884906226,,,,,,,,,,,,,,,,,,,,,,385.0
8,_subset_silent-drone_calibrated,0.5766233766233766,,0.7958393653317516,0.5263022479212839,0.045315236627884434,0.09214682277002045,,,,,,,,,,,,,,,,,,,,,,385.0
8,_subset_silent-drone_calib+reliab,0.574025974025974,,0.8011432490971765,0.5319913063133463,0.04050966590156358,0.09618154440227887,,,,,,,,,,,,,,,,,,,,,,385.0
8,_subset_far-range_abstract,0.5336658354114713,,0.7620559848356194,0.5536006405154974,0.06452968406688145,0.04824877243106821,,,,,,,,,,,,,,,,,,,,,,802.0
8,_subset_far-range_calibrated,0.5423940149625935,,0.7656363118185872,0.5456893261460412,0.05345390051442926,0.042094911689851536,,,,,,,,,,,,,,,,,,,,,,802.0
8,_subset_far-range_calib+reliab,0.5361596009975063,,0.7662991259081386,0.5433552459376296,0.055877467608965045,0.04103900690453385,,,,,,,,,,,,,,,,,,,,,,802.0
8,_subset_far-silent_abstract,0.373134328358209,,0.6524567970788901,0.724496162531426,0.17923014592978667,0.18921721999410204,,,,,,,,,,,,,,,,,,,,,,134.0
8,_subset_far-silent_calibrated,0.5298507462686567,,0.6890253944214699,0.5924198810055912,0.07462442844945964,0.13289938976083726,,,,,,,,,,,,,,,,,,,,,,134.0
8,_subset_far-silent_calib+reliab,0.5,,0.6993779672967537,0.6019052682029192,0.09333738510108122,0.1363627028988878,,,,,,,,,,,,,,,,,,,,,,134.0
9,radar only,0.5616,0.4480893761557938,0.7993869416701743,0.5429443415731934,0.01564143371016288,0.022919563882521497,0.49314079422382673,,,,,,,,,,,,,,,,,,,,,
9,RF only,0.5336,0.39418767723414094,0.7717424546087202,0.5708618718159277,0.019693198099869916,0.032487666295844604,0.5501805054151625,,,,,,,,,,,,,,,,,,,,,
9,EO/IR only,0.5696,0.461825359259688,0.7951531690863972,0.5459848863049935,0.03453217188760266,0.028695331772099777,0.5220216606498195,,,,,,,,,,,,,,,,,,,,,
9,acoustic only,0.5572,0.4422367050295052,0.7865053147127963,0.5552143786622018,0.022381091911055473,0.032306241753719586,0.5754512635379061,,,,,,,,,,,,,,,,,,,,,
9,all (abstract model),0.5868,0.4850258597166499,0.8092586025423838,0.5362870574640669,0.03927015390027379,0.029617662600638427,0.4548736462093863,,,,,,,,,,,,,,,,,,,,,
9,all (calibrated),0.5944,0.4913070967006935,0.8186859681534002,0.5217126590062069,0.03776527853785995,0.02495000368124895,0.44404332129963897,,,,,,,,,,,,,,,,,,,,,
9,all (calib+reliab),0.5956,0.49014138666636475,0.8188637214853896,0.5209770484394252,0.0328848628023774,0.025857939050743566,0.44620938628158846,,,,,,,,,,,,,,,,,,,,,
9,_paired_stats,,,,,,,,0.009427365611016425,0.006183961075393702,0.012981860788861517,-0.0015048753624138378,-0.02080495546511804,0.01022445953459393,-0.004880415735482549,-0.01271447694856326,0.005175699164845768,77.0,96.0,0.17097186370126682,-1.9112869785464235,0.05596771151526709,-4.334269541912499,1.462449008247176e-05,-3.673081766934141,0.00023964275880877876,-3.4162755742264066,0.0006348396771983663,
9,_subset_silent-drone_abstract,0.5433673469387755,,,0.5955650107727916,0.08233707901842852,0.14168770945681075,,,,,,,,,,,,,,,,,,,,,,392.0
9,_subset_silent-drone_calibrated,0.5969387755102041,,,0.5338057385949178,0.07976418364298321,0.10234077161527938,,,,,,,,,,,,,,,,,,,,,,392.0
9,_subset_silent-drone_calib+reliab,0.5943877551020408,,,0.5359733434893419,0.05421952208503834,0.10525374699132566,,,,,,,,,,,,,,,,,,,,,,392.0
9,_subset_far-range_abstract,0.5897727272727272,,0.7629927263374117,0.5430360300519209,0.04249053578000741,0.03853472022429573,,,,,,,,,,,,,,,,,,,,,,880.0
9,_subset_far-range_calibrated,0.5897727272727272,,0.783904012615433,0.5319385057116882,0.025144006873444792,0.03778406838162495,,,,,,,,,,,,,,,,,,,,,,880.0
9,_subset_far-range_calib+reliab,0.5897727272727272,,0.7838075779303666,0.5303014265747127,0.029844832187818374,0.035906323572270075,,,,,,,,,,,,,,,,,,,,,,880.0
9,_subset_far-silent_abstract,0.5040650406504065,,,0.6424083647234275,0.10570523702329684,0.15790011516126062,,,,,,,,,,,,,,,,,,,,,,123.0
9,_subset_far-silent_calibrated,0.5447154471544715,,,0.5629610931776677,0.08461464708884961,0.12834495241934224,,,,,,,,,,,,,,,,,,,,,,123.0
9,_subset_far-silent_calib+reliab,0.5365853658536586,,,0.5652299025341346,0.08569687410428184,0.13667999784807375,,,,,,,,,,,,,,,,,,,,,,123.0
10,radar only,0.5472,0.41652520920813607,0.7968426841954663,0.5542903553056413,0.05019819620663236,0.03431041274775931,0.4988593155893536,,,,,,,,,,,,,,,,,,,,,
10,RF only,0.5268,0.39272684527786694,0.7695992688461772,0.5816866536010671,0.043706839526944756,0.03469759456467906,0.6334600760456274,,,,,,,,,,,,,,,,,,,,,
10,EO/IR only,0.5496,0.47119541289554484,0.793930217593454,0.5566711759749157,0.03510519009425861,0.028963086071466804,0.5437262357414449,,,,,,,,,,,,,,,,,,,,,
10,acoustic only,0.5312,0.3964866083290069,0.7826820718652542,0.5663938820730519,0.04142745095667577,0.03192495380005498,0.6076045627376426,,,,,,,,,,,,,,,,,,,,,
10,all (abstract model),0.56,0.4968805728102794,0.8035741966680088,0.554852135329349,0.0727168808169019,0.04891002952171024,0.45931558935361216,,,,,,,,,,,,,,,,,,,,,
10,all (calibrated),0.5624,0.49049235113286765,0.8120215491679055,0.5380620305916914,0.061329163605771696,0.03960702603386657,0.4623574144486692,,,,,,,,,,,,,,,,,,,,,
10,all (calib+reliab),0.56,0.48572685812828953,0.8118545470917622,0.538099880445259,0.06117324311647295,0.0405839126339124,0.46844106463878327,,,,,,,,,,,,,,,,,,,,,
10,_paired_stats,,,,,,,,0.008447352499896699,0.004977446676455552,0.012173737054171775,-0.011387717211130209,-0.02225776310125751,-0.0008312806772878918,-0.00015592048929874425,-0.012713777473015496,0.005944089870695718,86.0,92.0,0.707947851762438,-1.4816869670047368,0.1384236065143669,-3.883578423558395,0.00010293031202230977,-3.437692688014575,0.0005866931287033617,-2.2828977242733943,0.02243639357619505,
10,_subset_silent-drone_abstract,0.4987146529562982,,0.7957296853296225,0.6313628707809338,0.10036262539236908,0.15729152994536527,,,,,,,,,,,,,,,,,,,,,,389.0
10,_subset_silent-drone_calibrated,0.5938303341902313,,0.8294085009267274,0.5349761486250183,0.04724884482067217,0.10706515255691755,,,,,,,,,,,,,,,,,,,,,,389.0
10,_subset_silent-drone_calib+reliab,0.5809768637532133,,0.8266368197121846,0.548410132428858,0.05013240912605666,0.11409845370983862,,,,,,,,,,,,,,,,,,,,,,389.0
10,_subset_far-range_abstract,0.537122969837587,,0.7623987146093024,0.5626697913995328,0.09260355746318084,0.06318872840598475,,,,,,,,,,,,,,,,,,,,,,862.0
10,_subset_far-range_calibrated,0.5498839907192575,,0.7709397984878276,0.5478489363609236,0.07449547352914616,0.052156013105908644,,,,,,,,,,,,,,,,,,,,,,862.0
10,_subset_far-range_calib+reliab,0.5510440835266821,,0.7716514495757187,0.5469679587492767,0.059738953465289076,0.05242147342822694,,,,,,,,,,,,,,,,,,,,,,862.0
10,_subset_far-silent_abstract,0.34558823529411764,,0.7311662530391994,0.7698854883449004,0.24201373771437829,0.2239816476521707,,,,,,,,,,,,,,,,,,,,,,136.0
10,_subset_far-silent_calibrated,0.47794117647058826,,0.7510482134253383,0.6522084307926609,0.13700241681816272,0.1845737610925524,,,,,,,,,,,,,,,,,,,,,,136.0
10,_subset_far-silent_calib+reliab,0.4632352941176471,,0.7589186917864685,0.6794947407393074,0.1362325250872469,0.1968473697950673,,,,,,,,,,,,,,,,,,,,,,136.0
11,radar only,0.5492,0.4665464950292135,0.7974747873463254,0.5509352011627476,0.03158980957226254,0.03831537311742749,0.49924242424242427,,,,,,,,,,,,,,,,,,,,,
11,RF only,0.5276,0.419891009136752,0.7711413725454846,0.5735337306608126,0.02137752673836184,0.029329023588219663,0.6356060606060606,,,,,,,,,,,,,,,,,,,,,
11,EO/IR only,0.5304,0.457798812992593,0.7934277840434353,0.5529934789428409,0.029843365301552103,0.03758375062235059,0.5545454545454546,,,,,,,,,,,,,,,,,,,,,
11,acoustic only,0.5476,0.4539296185996468,0.7850130913524527,0.5620489031976693,0.016772919509940008,0.03057016024452485,0.603030303030303,,,,,,,,,,,,,,,,,,,,,
11,all (abstract model),0.562,0.498713784929945,0.8005938753128772,0.545856984098038,0.04479528779390305,0.03227602626408053,0.49772727272727274,,,,,,,,,,,,,,,,,,,,,
11,all (calibrated),0.5616,0.49027362962676346,0.8095422151883211,0.5355014227693706,0.02824700214954559,0.03431048893486888,0.5022727272727273,,,,,,,,,,,,,,,,,,,,,
11,all (calib+reliab),0.562,0.4883631452145327,0.8109392033706047,0.5339560474522156,0.029798275158623922,0.034581179915554025,0.4962121212121212,,,,,,,,,,,,,,,,,,,,,
11,_paired_stats,,,,,,,,0.008948339875443967,0.004225806178490185,0.013316049974512821,-0.01654828564435746,-0.027562529015889167,0.0005360398087022507,0.0015512730090783307,-0.008975980013392873,0.008533600211991567,105.0,104.0,1.0,-1.5161709019465714,0.1294761437401018,-2.8642633301911045,0.004179803733135979,-2.629503989608001,0.008550952853964127,-3.0195880189576476,0.002531187325411874,
11,_subset_silent-drone_abstract,0.5642317380352645,,0.7565495750188165,0.5582156716682302,0.09000598109651083,0.10211595087577405,,,,,,,,,,,,,,,,,,,,,,397.0
11,_subset_silent-drone_calibrated,0.6297229219143576,,0.7801424165061885,0.49527291439144194,0.06815277916733495,0.07348995209108564,,,,,,,,,,,,,,,,,,,,,,397.0
11,_subset_silent-drone_calib+reliab,0.6272040302267002,,0.7915617533429004,0.4927709204471042,0.04879553040013868,0.07026617203812138,,,,,,,,,,,,,,,,,,,,,,397.0
11,_subset_far-range_abstract,0.52625,,0.7240372223703996,0.5706421178459515,0.07434597590562948,0.0474893062644213,,,,,,,,,,,,,,,,,,,,,,800.0
11,_subset_far-range_calibrated,0.525,,0.7410364295610259,0.5611085486884884,0.04688766961128167,0.04686915586762803,,,,,,,,,,,,,,,,,,,,,,800.0
11,_subset_far-range_calib+reliab,0.5275,,0.7486469747915289,0.5560910025229197,0.049360694597475524,0.0483623839822703,,,,,,,,,,,,,,,,,,,,,,800.0
11,_subset_far-silent_abstract,0.4198473282442748,,0.5754044566544566,0.6467116158179608,0.143313933603936,0.15092406049781518,,,,,,,,,,,,,,,,,,,,,,131.0
11,_subset_far-silent_calibrated,0.4961832061068702,,0.5991847735597736,0.5867918935952312,0.12324337895165144,0.12952416144131634,,,,,,,,,,,,,,,,,,,,,,131.0
11,_subset_far-silent_calib+reliab,0.4961832061068702,,0.6309268740518741,0.5774182981183213,0.07888111694842659,0.10987256021821185,,,,,,,,,,,,,,,,,,,,,,131.0
12,radar only,0.5508,0.45321338048986815,0.7916599566065036,0.5525297249271236,0.028052922588505797,0.03183371165712786,0.5535324107793154,,,,,,,,,,,,,,,,,,,,,
12,RF only,0.546,0.40009765888436083,0.7701770242057542,0.5744224862453079,0.01745459832728035,0.032000077221183164,0.6139839766933721,,,,,,,,,,,,,,,,,,,,,
12,EO/IR only,0.5608,0.4516622981044153,0.7956884984679733,0.550694486474507,0.021875761316914842,0.03096403353356868,0.5637290604515659,,,,,,,,,,,,,,,,,,,,,
12,acoustic only,0.5468,0.418174693084382,0.7841513136633422,0.5636262803918632,0.033645638824125315,0.03653571208112006,0.6088856518572469,,,,,,,,,,,,,,,,,,,,,
12,all (abstract model),0.572,0.4726856064564333,0.8064671177153688,0.5415453713379169,0.027725338419914577,0.03307800836267706,0.4901675163874727,,,,,,,,,,,,,,,,,,,,,
12,all (calibrated),0.5852,0.48756692999078266,0.816549352643,0.5273043139620646,0.01696843606209143,0.032445264882164045,0.4923525127458121,,,,,,,,,,,,,,,,,,,,,
12,all (calib+reliab),0.584,0.48265545218267775,0.8154762778394344,0.5287764051242708,0.017819082254426792,0.03280971769176524,0.5032774945375091,,,,,,,,,,,,,,,,,,,,,
12,_paired_stats,,,,,,,,0.010082234927631162,0.005448906248599403,0.014780126566807853,-0.010756902357823148,-0.027539030730911036,0.0095525653548094,0.000850646192335363,-0.0071025152435493875,0.010592568719861476,145.0,178.0,0.07482645681358295,-2.7243678701862106,0.00644247028751712,-4.018394227801389,5.859610197186082e-05,-2.705380099984741,0.006822627294532641,-1.6261286898107619,0.10392228198184611,
12,_subset_silent-drone_abstract,0.4326424870466321,,,0.6993708806681812,0.13170568445076516,0.17543331798129438,,,,,,,,,,,,,,,,,,,,,,386.0
12,_subset_silent-drone_calibrated,0.5207253886010362,,,0.6021637820490017,0.07281466837387578,0.14570928152205762,,,,,,,,,,,,,,,,,,,,,,386.0
12,_subset_silent-drone_calib+reliab,0.5077720207253886,,,0.6138114545088491,0.07246786115656026,0.14953931240494803,,,,,,,,,,,,,,,,,,,,,,386.0
12,_subset_far-range_abstract,0.5793562708102109,,0.7888886566277673,0.542160144895702,0.05816719951806686,0.05844716171090704,,,,,,,,,,,,,,,,,,,,,,901.0
12,_subset_far-range_calibrated,0.5982241953385128,,0.8056491918329504,0.5225530517857612,0.03541357784471117,0.05027528169304529,,,,,,,,,,,,,,,,,,,,,,901.0
12,_subset_far-range_calib+reliab,0.5926748057713651,,0.8051353952087085,0.525930773110035,0.03853322092197695,0.052228644376963056,,,,,,,,,,,,,,,,,,,,,,901.0
12,_subset_far-silent_abstract,0.3783783783783784,,,0.781005330211534,0.26808933609299923,0.23491266369842692,,,,,,,,,,,,,,,,,,,,,,148.0
12,_subset_far-silent_calibrated,0.47297297297297297,,,0.6610735052971206,0.13620561889635677,0.1759245891289635,,,,,,,,,,,,,,,,,,,,,,148.0
12,_subset_far-silent_calib+reliab,0.4391891891891892,,,0.684891182486143,0.15417832439966683,0.18984500190009437,,,,,,,,,,,,,,,,,,,,,,148.0
13,radar only,0.5468,0.43850011324708466,0.7950268511522691,0.5582163770758749,0.04203674756254855,0.03446640061051758,0.5015552099533437,,,,,,,,,,,,,,,,,,,,,
13,RF only,0.5044,0.3603140968015535,0.7680424741439923,0.5888123030467627,0.029708719086835398,0.03844207018184801,0.6003110419906688,,,,,,,,,,,,,,,,,,,,,
13,EO/IR only,0.5312,0.4489993591295146,0.7975100013312243,0.5624430642202571,0.02229959283076359,0.03676409347284016,0.5668740279937792,,,,,,,,,,,,,,,,,,,,,
13,acoustic only,0.5272,0.4264593127236224,0.7867430534584317,0.5720632642658445,0.02221406552891209,0.03575047918991686,0.5816485225505443,,,,,,,,,,,,,,,,,,,,,
13,all (abstract model),0.5468,0.470688981103206,0.8106759563443562,0.5477951284404032,0.06043642137348178,0.04191716942505965,0.4618973561430793,,,,,,,,,,,,,,,,,,,,,
13,all (calibrated),0.5612,0.4794523036297576,0.8174144021211798,0.5345600625751838,0.03503236791366718,0.0351646950244594,0.4642301710730949,,,,,,,,,,,,,,,,,,,,,
13,all (calib+reliab),0.5624,0.47385062438788633,0.8176119558583786,0.5340013139796637,0.02882825149913603,0.03340105462247133,0.46967340590979784,,,,,,,,,,,,,,,,,,,,,
13,_paired_stats,,,,,,,,0.006738445776823587,0.0033166610351931273,0.010089295744220595,-0.0254040534598146,-0.037463111843062155,-0.011654265322285938,-0.006204116414531148,-0.015203978311920196,0.00435204618640675,81.0,117.0,0.012672957953535673,-1.470601602654342,0.14139889028796923,-3.235855344092367,0.0012127882795465385,-2.8836079469517992,0.003931478760112558,-0.8794135953937534,0.37917706327581036,
13,_subset_silent-drone_abstract,0.48148148148148145,,0.7765091521647716,0.6158241669899793,0.11738247775919966,0.14710477679245448,,,,,,,,,,,,,,,,,,,,,,432.0
13,_subset_silent-drone_calibrated,0.5578703703703703,,0.8012385817356742,0.5409782269469502,0.06928725699596601,0.10564179308885285,,,,,,,,,,,,,,,,,,,,,,432.0
13,_subset_silent-drone_calib+reliab,0.5671296296296297,,0.8009019300183339,0.5425689195770805,0.05433750548947695,0.10966948528728278,,,,,,,,,,,,,,,,,,,,,,432.0
13,_subset_far-range_abstract,0.5544332210998878,,0.7674746720612879,0.5524569750945683,0.05909119571044995,0.04386127617187598,,,,,,,,,,,,,,,,,,,,,,891.0
13,_subset_far-range_calibrated,0.5712682379349046,,0.7771426494217193,0.5373083985197864,0.0356687625819571,0.03202598702003315,,,,,,,,,,,,,,,,,,,,,,891.0
13,_subset_far-range_calib+reliab,0.5802469135802469,,0.7787538848827777,0.536128694631769,0.024488699400961916,0.03031577584338099,,,,,,,,,,,,,,,,,,,,,,891.0
13,_subset_far-silent_abstract,0.3918918918918919,,0.690941985566734,0.7163609775364822,0.18473098581598024,0.18908846703279514,,,,,,,,,,,,,,,,,,,,,,148.0
13,_subset_far-silent_calibrated,0.4797297297297297,,0.7207218071173913,0.6284831215349813,0.1441945571410539,0.14883449424478198,,,,,,,,,,,,,,,,,,,,,,148.0
13,_subset_far-silent_calib+reliab,0.5,,0.7192685518415146,0.6262345786093614,0.13369820096293641,0.15912054336928208,,,,,,,,,,,,,,,,,,,,,,148.0
14,radar only,0.5716,0.4789532220121959,0.800943201014951,0.5442798305510694,0.029235763085322792,0.026750401595796315,0.49117647058823527,,,,,,,,,,,,,,,,,,,,,
14,RF only,0.522,0.37599266095297956,0.769034941643429,0.5767497166771139,0.015437393285012639,0.027320793609952012,0.6036764705882353,,,,,,,,,,,,,,,,,,,,,
14,EO/IR only,0.5548,0.4651258547184646,0.7940189854059104,0.5528819638624934,0.026713513943287803,0.02144510861115032,0.5139705882352941,,,,,,,,,,,,,,,,,,,,,
14,acoustic only,0.5432,0.4212703235348069,0.7791091262610762,0.5667849693654152,0.020128645088587218,0.022476107146027265,0.5911764705882353,,,,,,,,,,,,,,,,,,,,,
14,all (abstract model),0.5568,0.46490340172242495,0.8075531791864488,0.5441680937230059,0.05538437337091875,0.0379378818187466,0.4676470588235294,,,,,,,,,,,,,,,,,,,,,
14,all (calibrated),0.5704,0.4861401071575319,0.8147901414374129,0.5283456817312131,0.029335207848614275,0.021944104519207527,0.4647058823529412,,,,,,,,,,,,,,,,,,,,,
14,all (calib+reliab),0.5724,0.4860894177953117,0.8159247361404856,0.5264014827838187,0.024174594599681992,0.02255498794460745,0.47205882352941175,,,,,,,,,,,,,,,,,,,,,
14,_paired_stats,,,,,,,,0.007236962250964152,0.002885212120197761,0.011794784032694027,-0.026049165522304473,-0.0376974014158574,-0.010959160655179817,-0.005160613248932282,-0.012053604084780106,0.010868887777197252,78.0,112.0,0.016435856993481695,-0.36045637403659986,0.7185058754254722,-3.353585532346307,0.0007977175464275363,-2.770733115996043,0.005593024848610284,-0.752552440477861,0.45171890616163113,
14,_subset_silent-drone_abstract,0.5244565217391305,,0.7693458878783075,0.6069005083520227,0.07504232564443095,0.1508553802679537,,,,,,,,,,,,,,,,,,,,,,368.0
14,_subset_silent-drone_calibrated,0.625,,0.8065327978594674,0.4903370588667053,0.04326490424712743,0.09545528147901448,,,,,,,,,,,,,,,,,,,,,,368.0
14,_subset_silent-drone_calib+reliab,0.6141304347826086,,0.809521045766563,0.49848685830150197,0.05071826734744255,0.10276627492510307,,,,,,,,,,,,,,,,,,,,,,368.0
14,_subset_far-range_abstract,0.5303550973654066,,0.718480231093832,0.5640692636855813,0.07195166344588824,0.04758460349573641,,,,,,,,,,,,,,,,,,,,,,873.0
14,_subset_far-range_calibrated,0.5463917525773195,,0.7335170013274575,0.5491429458319806,0.05025127121287861,0.041620013568559516,,,,,,,,,,,,,,,,,,,,,,873.0
14,_subset_far-range_calib+reliab,0.5509736540664376,,0.732488377853132,0.541587594000832,0.03983507220360439,0.03402922643901632,,,,,,,,,,,,,,,,,,,,,,873.0
14,_subset_far-silent_abstract,0.43884892086330934,,0.5398610954203693,0.7021629851424952,0.1244958454712006,0.181836759178687,,,,,,,,,,,,,,,,,,,,,,139.0
14,_subset_far-silent_calibrated,0.5467625899280576,,0.5931230074559446,0.5671579573877051,0.10704497104333041,0.1306838326648383,,,,,,,,,,,,,,,,,,,,,,139.0
14,_subset_far-silent_calib+reliab,0.5035971223021583,,0.5908807597527594,0.5837766488597119,0.07493135279672027,0.14656349806329372,,,,,,,,,,,,,,,,,,,,,,139.0
15,radar only,0.5452,0.41245932214874914,0.791178753990066,0.5556868719984898,0.037069261876003054,0.02822198769735096,0.5467464472700074,,,,,,,,,,,,,,,,,,,,,
15,RF only,0.532,0.386759346331468,0.7671955380492383,0.5801503367965062,0.03350774314780161,0.02801688391489454,0.62528047868362,,,,,,,,,,,,,,,,,,,,,
15,EO/IR only,0.5576,0.4341388791949289,0.7937121165350493,0.5562507885228689,0.021725263497793853,0.029185466763458907,0.5617053103964099,,,,,,,,,,,,,,,,,,,,,
15,acoustic only,0.5364,0.37291614995266276,0.7831093828215095,0.5644425499273256,0.029992988463261434,0.02745363512427419,0.6020942408376964,,,,,,,,,,,,,,,,,,,,,
15,all (abstract model),0.56,0.46578616751809754,0.805222635122578,0.5447390525284181,0.0515162462866168,0.03450006060716919,0.49588631264023936,,,,,,,,,,,,,,,,,,,,,
15,all (calibrated),0.5792,0.4765239951952207,0.8153340581301558,0.5312850486936164,0.036758505403281426,0.027526334789979328,0.4809274495138369,,,,,,,,,,,,,,,,,,,,,
15,all (calib+reliab),0.5804,0.4782553722013461,0.8151549541360088,0.5307725583688767,0.03655495802622141,0.027698961058023074,0.48541510845175767,,,,,,,,,,,,,,,,,,,,,
15,_paired_stats,,,,,,,,0.010111423007577836,0.005168254204785311,0.01555814418826485,-0.014757740883335375,-0.02959857798615376,0.002285083751908765,-0.00020354737706001352,-0.00726725439349148,0.008397623005995503,115.0,163.0,0.004730989962632682,-3.0336631368983125,0.0024160404323169413,-2.2648618745870417,0.023521157007580843,-2.1259984010521187,0.03350339267090459,-3.2317235801783517,0.001230460216957109,
15,_subset_silent-drone_abstract,0.48533333333333334,,0.7910889104052341,0.6160932418786066,0.09673299912037038,0.13737527991406323,,,,,,,,,,,,,,,,,,,,,,375.0
15,_subset_silent-drone_calibrated,0.6186666666666667,,0.810513708473698,0.5167571198321986,0.06322027284839633,0.0940307743659586,,,,,,,,,,,,,,,,,,,,,,375.0
15,_subset_silent-drone_calib+reliab,0.608,,0.8084007148212258,0.5257130289272756,0.05150583641427219,0.09366499011201777,,,,,,,,,,,,,,,,,,,,,,375.0
15,_subset_far-range_abstract,0.5581395348837209,,0.7475762609078966,0.5469394529026919,0.037968751868831065,0.02954620108061302,,,,,,,,,,,,,,,,,,,,,,860.0
15,_subset_far-range_calibrated,0.5674418604651162,,0.7630491178393128,0.5382560150111028,0.031086403416679523,0.030474853910554957,,,,,,,,,,,,,,,,,,,,,,860.0
15,_subset_far-range_calib+reliab,0.5767441860465117,,0.7660625339241541,0.5362150015788407,0.028283600600360528,0.030933113652440284,,,,,,,,,,,,,,,,,,,,,,860.0
15,_subset_far-silent_abstract,0.44029850746268656,,0.7041096005479391,0.6439106698298647,0.11653130091840615,0.15499832979826905,,,,,,,,,,,,,,,,,,,,,,134.0
15,_subset_far-silent_calibrated,0.6044776119402985,,0.7018372820190151,0.5313760430912063,0.06603176549455891,0.11115320368351961,,,,,,,,,,,,,,,,,,,,,,134.0
15,_subset_far-silent_calib+reliab,0.5895522388059702,,0.7105620759100266,0.5489795422431697,0.07047243242421007,0.10377821829830865,,,,,,,,,,,,,,,,,,,,,,134.0
16,radar only,0.5648,0.4388889682094155,0.8007414497153709,0.5419381245514713,0.035802148467907795,0.02796331848725699,0.5075528700906344,,,,,,,,,,,,,,,,,,,,,
16,RF only,0.5432,0.39824193019706583,0.7733696534945473,0.5711500057169949,0.043222623159796685,0.028474267672733134,0.5944108761329305,,,,,,,,,,,,,,,,,,,,,
16,EO/IR only,0.5604,0.4809495860124847,0.7998834878599915,0.5458382121722322,0.025467458570587066,0.03140079756508291,0.525679758308157,,,,,,,,,,,,,,,,,,,,,
16,acoustic only,0.542,0.4356262589687181,0.7831324625105428,0.5620335856554474,0.02423582343185969,0.026766293193836343,0.5785498489425982,,,,,,,,,,,,,,,,,,,,,
16,all (abstract model),0.5748,0.49084138976407565,0.8122592943543241,0.5315410920889236,0.028638621137529678,0.028021014841832045,0.4773413897280967,,,,,,,,,,,,,,,,,,,,,
16,all (calibrated),0.5732,0.4813204707148379,0.8143106697936403,0.5272984269566117,0.021440493454137472,0.027345847999553828,0.4826283987915408,,,,,,,,,,,,,,,,,,,,,
16,all (calib+reliab),0.5728,0.47777319650820604,0.8161648049229071,0.5244060190466888,0.014628375895971301,0.02766812311603684,0.4818731117824773,,,,,,,,,,,,,,,,,,,,,
16,_paired_stats,,,,,,,,0.0020513754393162165,-0.002097105513175712,0.0063612516041724404,-0.007198127683392206,-0.021298490786380374,0.010307631592810616,-0.006812117558166171,-0.01274172073351719,0.00682855155650558,110.0,106.0,0.8383158696331665,-0.7663709765798328,0.443455597072689,-0.6639102652331909,0.5067477457901678,-0.6185443439810745,0.536216576419001,-0.3590467225262174,0.7195601369078662,
16,_subset_silent-drone_abstract,0.5571428571428572,,,0.5653597002804266,0.05442350780791855,0.10828001992255713,,,,,,,,,,,,,,,,,,,,,,420.0
16,_subset_silent-drone_calibrated,0.6047619047619047,,,0.5155289763955835,0.04663026861160347,0.0843166665813532,,,,,,,,,,,,,,,,,,,,,,420.0
16,_subset_silent-drone_calib+reliab,0.5976190476190476,,,0.5143482428555747,0.03416645917631178,0.08570608255768265,,,,,,,,,,,,,,,,,,,,,,420.0
16,_subset_far-range_abstract,0.5673076923076923,,0.7182154129894989,0.5531981801152476,0.06656470217588581,0.050144328282273075,,,,,,,,,,,,,,,,,,,,,,832.0
16,_subset_far-range_calibrated,0.5612980769230769,,0.7365766612749841,0.5465486614163335,0.044998670333066405,0.04107085293439355,,,,,,,,,,,,,,,,,,,,,,832.0
16,_subset_far-range_calib+reliab,0.5637019230769231,,0.7434801913793699,0.5384640505439092,0.04302955583875517,0.039319254877038946,,,,,,,,,,,,,,,,,,,,,,832.0
16,_subset_far-silent_abstract,0.5289855072463768,,,0.6331046013658546,0.15953029439801122,0.1576452683350659,,,,,,,,,,,,,,,,,,,,,,138.0
16,_subset_far-silent_calibrated,0.5652173913043478,,,0.5801450266625429,0.13374412186710977,0.1445368866398918,,,,,,,,,,,,,,,,,,,,,,138.0
16,_subset_far-silent_calib+reliab,0.5579710144927537,,,0.5727853806569455,0.07599457159430076,0.12748238200679013,,,,,,,,,,,,,,,,,,,,,,138.0
17,radar only,0.5528,0.4526024076030375,0.8030845053402182,0.5465194215869953,0.0341897924702133,0.03988319268077846,0.4877323420074349,,,,,,,,,,,,,,,,,,,,,
17,RF only,0.54,0.3873666533374497,0.7804354329574834,0.5705750515081736,0.03445297609825133,0.03764276448692205,0.5568773234200743,,,,,,,,,,,,,,,,,,,,,
17,EO/IR only,0.564,0.44841840981356784,0.8058874565462202,0.5464451756035401,0.03399491588809226,0.04066300977203889,0.475092936802974,,,,,,,,,,,,,,,,,,,,,
17,acoustic only,0.56,0.44499473389635646,0.7970580161647308,0.5548644914775285,0.0464560677513777,0.03867807022162307,0.533085501858736,,,,,,,,,,,,,,,,,,,,,
17,all (abstract model),0.5652,0.48048103325151115,0.8165706126811607,0.531657048327254,0.027076395226391756,0.038976296684694156,0.42973977695167287,,,,,,,,,,,,,,,,,,,,,
17,all (calibrated),0.5744,0.47922081963698065,0.8233764242222934,0.5227447844031557,0.03236034357395341,0.03663806094240737,0.4379182156133829,,,,,,,,,,,,,,,,,,,,,
17,all (calib+reliab),0.5864,0.4933785420525614,0.825939790952,0.5217009780680659,0.024062473321450305,0.0371415994283977,0.4401486988847584,,,,,,,,,,,,,,,,,,,,,
17,_paired_stats,,,,,,,,0.006805811541132689,0.0018566851271677955,0.012299712427002448,0.005283948347561657,-0.017347669955746693,0.020496755266424718,-0.008297870252503108,-0.018548307204654998,0.013201786421675136,229.0,252.0,0.3158057301405514,-0.45462602573462574,0.6493783079268338,-1.9973921850171352,0.04578259610974911,-1.895025336595475,0.05808904509278016,-1.463498129050248,0.14333112520267496,
17,_subset_silent-drone_abstract,0.43636363636363634,,0.7896924501601583,0.6340230339036431,0.08529254610014377,0.16402488033723253,,,,,,,,,,,,,,,,,,,,,,385.0
17,_subset_silent-drone_calibrated,0.5922077922077922,,0.8330397945347539,0.5236939538613266,0.04365344248126679,0.11421759269294984,,,,,,,,,,,,,,,,,,,,,,385.0
17,_subset_silent-drone_calib+reliab,0.6,,0.8349685673522841,0.5335841714945376,0.08203619813645784,0.12206751782015109,,,,,,,,,,,,,,,,,,,,,,385.0
17,_subset_far-range_abstract,0.6022857142857143,,0.7768900103638737,0.5149772533655622,0.0208883545121278,0.030072335991705862,,,,,,,,,,,,,,,,,,,,,,875.0
17,_subset_far-range_calibrated,0.576,,0.7703047475767899,0.5170901252280431,0.04211436986151616,0.03534010036755373,,,,,,,,,,,,,,,,,,,,,,875.0
17,_subset_far-range_calib+reliab,0.6011428571428571,,0.7713830691896775,0.5123747446270231,0.030480482183997324,0.02486917429254811,,,,,,,,,,,,,,,,,,,,,,875.0
17,_subset_far-silent_abstract,0.488,,0.764024794907918,0.623867730206021,0.07015098282299854,0.17906746853507585,,,,,,,,,,,,,,,,,,,,,,125.0
17,_subset_far-silent_calibrated,0.624,,0.8058711261993898,0.49392167449197266,0.10870189271991665,0.1452599819705557,,,,,,,,,,,,,,,,,,,,,,125.0
17,_subset_far-silent_calib+reliab,0.64,,0.8050353754813623,0.5112707494447336,0.09506797294267494,0.14977341095687413,,,,,,,,,,,,,,,,,,,,,,125.0
18,radar only,0.5756,0.4921975347655261,0.802746707171383,0.5384021676365602,0.03188097527183192,0.025970315650846718,0.5418265541059094,,,,,,,,,,,,,,,,,,,,,
18,RF only,0.5548,0.4084371409739558,0.7704097009678785,0.5675849814364542,0.056138395249928585,0.028762886164236542,0.6132003069838834,,,,,,,,,,,,,,,,,,,,,
18,EO/IR only,0.566,0.4770383030390097,0.7973515369990076,0.5431474309289606,0.03207959246564148,0.02634771325103893,0.5533384497313891,,,,,,,,,,,,,,,,,,,,,
18,acoustic only,0.5544,0.4503231933575724,0.7856122816874689,0.5553412145831648,0.03540857477269744,0.023372808065307654,0.5732924021488872,,,,,,,,,,,,,,,,,,,,,
18,all (abstract model),0.556,0.504000004137268,0.8101805548437122,0.5325664995938422,0.047754056599391984,0.03469968892561224,0.5042210283960092,,,,,,,,,,,,,,,,,,,,,
18,all (calibrated),0.5812,0.5137220895685313,0.8172235838331671,0.5214680778694791,0.029037461567868954,0.02736750286442549,0.5003837298541827,,,,,,,,,,,,,,,,,,,,,
18,all (calib+reliab),0.5804,0.5148623131949311,0.8188393589718759,0.5188367552011875,0.022688299453205638,0.026271427300318336,0.4927091327705295,,,,,,,,,,,,,,,,,,,,,
18,_paired_stats,,,,,,,,0.007043028989454858,0.0025947962554820517,0.012038444919945893,-0.01871659503152303,-0.03467959601699534,0.0009484525514608805,-0.0063491621146633155,-0.013434546524611473,0.006585361500822825,137.0,200.0,0.0007087973284198788,-0.0957174241312742,0.9237450019845564,-2.4632695671822336,0.01376763616815034,-2.053819171178854,0.03999319672143909,-1.8085103152068118,0.070527112844736,
18,_subset_silent-drone_abstract,0.48484848484848486,,0.7402609227506447,0.6008602055363924,0.08404676402823769,0.12276465766228123,,,,,,,,,,,,,,,,,,,,,,429.0
18,_subset_silent-drone_calibrated,0.5687645687645687,,0.7593452998416007,0.5296103329901658,0.05842146144701999,0.08427994501403376,,,,,,,,,,,,,,,,,,,,,,429.0
18,_subset_silent-drone_calib+reliab,0.5664335664335665,,0.7624138818162426,0.5261699641217509,0.03746951809637471,0.08335625076486268,,,,,,,,,,,,,,,,,,,,,,429.0
18,_subset_far-range_abstract,0.5347467608951708,,0.7481885347114836,0.5478867791451669,0.06390469090833577,0.05861591204766148,,,,,,,,,,,,,,,,,,,,,,849.0
18,_subset_far-range_calibrated,0.5700824499411072,,0.760593000287514,0.5402342804815969,0.06673139283685396,0.05308151827416375,,,,,,,,,,,,,,,,,,,,,,849.0
18,_subset_far-range_calib+reliab,0.5630153121319199,,0.7652421390672689,0.5353117511805605,0.05101122413792015,0.04946900625380353,,,,,,,,,,,,,,,,,,,,,,849.0
18,_subset_far-silent_abstract,0.40816326530612246,,0.6097817913065204,0.6928304959295456,0.1609046832013499,0.17364279607349012,,,,,,,,,,,,,,,,,,,,,,147.0
18,_subset_far-silent_calibrated,0.5170068027210885,,0.6157969746182146,0.5993673242196705,0.15377726976749756,0.1236424319095719,,,,,,,,,,,,,,,,,,,,,,147.0
18,_subset_far-silent_calib+reliab,0.4897959183673469,,0.6146492867541349,0.599204200879805,0.10258161729708504,0.12869390445616619,,,,,,,,,,,,,,,,,,,,,,147.0
19,radar only,0.5656,0.45452242671624066,0.8007624973891649,0.5468382591311147,0.03780522081914513,0.028008938585928875,0.5143504531722054,,,,,,,,,,,,,,,,,,,,,
19,RF only,0.5448,0.3889933722771256,0.7732887426632076,0.5739674845413412,0.022129646668854048,0.024199538157180497,0.6170694864048338,,,,,,,,,,,,,,,,,,,,,
19,EO/IR only,0.5644,0.4630636397981926,0.8008781741480329,0.5474333285505057,0.0300958457312166,0.02612052030979525,0.49395770392749244,,,,,,,,,,,,,,,,,,,,,
19,acoustic only,0.554,0.44686670195577327,0.7888222180393117,0.5590447662332303,0.03068772467851682,0.02473406584027218,0.5898791540785498,,,,,,,,,,,,,,,,,,,,,
19,all (abstract model),0.5688,0.47568678677271514,0.8086599534613003,0.5375484372663832,0.02055352599685327,0.024121474998685524,0.46827794561933533,,,,,,,,,,,,,,,,,,,,,
19,all (calibrated),0.5804,0.48187650001347143,0.8179136557515714,0.5255519141286572,0.019410847532193107,0.024767844368274786,0.452416918429003,,,,,,,,,,,,,,,,,,,,,
19,all (calib+reliab),0.5816,0.481618400359401,0.818929837948258,0.5246887541016253,0.017739772411734838,0.025447781692460827,0.46148036253776437,,,,,,,,,,,,,,,,,,,,,
19,_paired_stats,,,,,,,,0.009253702290271115,0.0034294610911940306,0.01504334722572881,-0.0011426784646601622,-0.022572474074706063,0.016636757276546572,-0.0016710751204582694,-0.01291888193816327,0.009164232138125642,212.0,241.0,0.18826428305331944,-0.01890078953715728,0.9849202496946071,-2.7390123240460156,0.006162406339223383,-2.3011688400975805,0.021382089433655806,-2.300172870695944,0.021438428160711526,
19,_subset_silent-drone_abstract,0.5382653061224489,,0.7619805821437444,0.5832933775865895,0.07800977958951136,0.13337473529457172,,,,,,,,,,,,,,,,,,,,,,392.0
19,_subset_silent-drone_calibrated,0.5994897959183674,,0.7921379792702121,0.5035828845987728,0.0537922125861959,0.09271332890190437,,,,,,,,,,,,,,,,,,,,,,392.0
19,_subset_silent-drone_calib+reliab,0.6020408163265306,,0.7930700790626102,0.5064425205713609,0.061231832917297314,0.09796150064218767,,,,,,,,,,,,,,,,,,,,,,392.0
19,_subset_far-range_abstract,0.5423529411764706,,0.771092730872259,0.5497832483190144,0.03890901455274264,0.035117163388548034,,,,,,,,,,,,,,,,,,,,,,850.0
19,_subset_far-range_calibrated,0.5705882352941176,,0.7877557187091696,0.5368513522604327,0.03531005821712876,0.03545219201015961,,,,,,,,,,,,,,,,,,,,,,850.0
19,_subset_far-range_calib+reliab,0.5729411764705883,,0.7896859258622831,0.5345000253505569,0.03117513588527855,0.02809873287863464,,,,,,,,,,,,,,,,,,,,,,850.0
19,_subset_far-silent_abstract,0.4765625,,,0.6520638300553195,0.15890605162070204,0.1717607411677634,,,,,,,,,,,,,,,,,,,,,,128.0
19,_subset_far-silent_calibrated,0.5234375,,,0.5559581346313264,0.08651209419118329,0.12265068255861103,,,,,,,,,,,,,,,,,,,,,,128.0
19,_subset_far-silent_calib+reliab,0.53125,,,0.5640045355859307,0.09232921939699186,0.13471504135727333,,,,,,,,,,,,,,,,,,,,,,128.0
