rep,calib_n,source,acc,macroF1,macroAUC,brier,ece,cwece,far@pd0.9
0,0,abstract,0.576,0.46499364484258754,0.80551697161193,0.5368666672376962,0.03799200559066221,0.02632865076234149,0.48068350668647847
0,30,estimated,0.5612,0.45223037779325864,0.7941807076545155,0.5492106873911742,0.0291313041646433,0.025031283582343355,0.47622585438335807
0,100,estimated,0.5764,0.4607322471243551,0.809794549729355,0.5312734165987777,0.023762074517749955,0.024108440410680443,0.45839524517087665
0,300,estimated,0.5848,0.47026696812006147,0.8103549528124956,0.5304902651567177,0.02639986131002063,0.02553454701872805,0.46285289747399705
0,1000,estimated,0.5836,0.4677068745464948,0.8100988568585786,0.5304690304133877,0.02806398922532944,0.0254886027989915,0.45319465081723626
0,-1,oracle-marginal,0.5828,0.46795609286643575,0.8103484532849384,0.5305280334740231,0.025650471513848066,0.025846292677519103,0.4554234769687964
1,0,abstract,0.5708,0.4932416785160037,0.8161140980886772,0.5318079777872107,0.024131672059965466,0.025679836194506298,0.4479242534595776
1,30,estimated,0.5712,0.4755250836600791,0.8153259830329525,0.5296226665418843,0.02990103798322263,0.026553114502811972,0.47341587764020393
1,100,estimated,0.5692,0.45402565556194097,0.8220986326327758,0.5244316615952958,0.02500239849964424,0.029291671719074583,0.42097596504005824
1,300,estimated,0.5684,0.45996689794362533,0.8192480826798263,0.5277801227956208,0.03189300850797474,0.029762510851641867,0.42753095411507647
1,1000,estimated,0.5644,0.4597112081986493,0.8186890801329002,0.5281719230049277,0.03450237315684519,0.02950625192318579,0.42316096139839765
1,-1,oracle-marginal,0.568,0.4616043499511241,0.8177025813601752,0.5291710817152402,0.042230302374864685,0.030965369459078664,0.42388929351784416
2,0,abstract,0.5212,0.46097666210699945,0.7886343364141488,0.5770957929340143,0.0628303606789611,0.052014498621372765,0.5242356450410142
2,30,estimated,0.51,0.44700650764554944,0.7948515515481631,0.5684384554470606,0.06132572162900017,0.049701722235729,0.5421327367636093
2,100,estimated,0.52,0.4587575555390574,0.7987569392893139,0.5614765939465105,0.04869073740599476,0.04959945148014758,0.5182699478001491
2,300,estimated,0.5268,0.4668642588156505,0.80196894366648,0.5586300951974894,0.05013600619433593,0.04834673582350912,0.5160328113348247
2,1000,estimated,0.5288,0.46744553664273203,0.8039258570641852,0.555516828953048,0.047409084096755656,0.04763713321667082,0.4966442953020134
2,-1,oracle-marginal,0.5292,0.46864638382359775,0.804562047365545,0.5551287301928439,0.0447736891328776,0.047718394678714665,0.49440715883668906
3,0,abstract,0.592,0.5107807863114361,0.814733216438899,0.5213635284529935,0.01845434509686419,0.027969675767421032,0.46325648414985593
3,30,estimated,0.594,0.5018378687268416,0.8133981444657427,0.5233261351334831,0.032217000481448016,0.028864351730301583,0.46902017291066284
3,100,estimated,0.602,0.5117287181288909,0.8174315481938103,0.5175718507652913,0.033534290600429,0.028814598976331544,0.48054755043227665
3,300,estimated,0.6068,0.5194240680933921,0.8202933596641984,0.5143976369273965,0.035116115797570895,0.02898028674858814,0.46469740634005763
3,1000,estimated,0.6036,0.5091843007794882,0.819949358779738,0.5152841615692805,0.03281091208344539,0.028236770361295783,0.4675792507204611
3,-1,oracle-marginal,0.6064,0.515169686055775,0.8210797991792004,0.5137613858519173,0.033031107359659556,0.027569794952522493,0.4697406340057637
4,0,abstract,0.5692,0.47863294187289085,0.8096649682089546,0.5499405385632865,0.06793122425701412,0.04366418277989992,0.4684287812041116
4,30,estimated,0.58,0.4920597024876897,0.8135902913324122,0.5384416622736303,0.04752568941762967,0.03490603465955297,0.48237885462555063
4,100,estimated,0.5784,0.4921099975411434,0.8152827502651969,0.5380725769270138,0.048861619389891475,0.039327563578107204,0.46255506607929514
4,300,estimated,0.5768,0.4868909584975928,0.8167809736046543,0.5366444941594555,0.048595848335997,0.03779190523007592,0.461086637298091
4,1000,estimated,0.5776,0.4902326954580993,0.8168470703768893,0.5364179521443811,0.05001694149967087,0.038972445256588654,0.461086637298091
4,-1,oracle-marginal,0.576,0.4886805122394985,0.8170223202348509,0.5364860485278885,0.05080475171878321,0.03915052399250305,0.4588839941262849
5,0,abstract,0.55,0.4529382021916737,0.7995564702355417,0.554395304577468,0.07332630203147869,0.05163871092509451,0.47368421052631576
5,30,estimated,0.5784,0.4824312594420417,0.8093375155968616,0.5380050690817083,0.03953475977212556,0.04062997760023751,0.46710526315789475
5,100,estimated,0.574,0.47205567731383663,0.8095845007729028,0.5394091679396615,0.05289691679306102,0.046691709779374424,0.4656432748538012
5,300,estimated,0.5796,0.47749265960358217,0.8124225118268502,0.5345877482244112,0.03417862458328736,0.042183369631103806,0.472953216374269
5,1000,estimated,0.5748,0.47400228259122035,0.8124521461427017,0.5343827821414016,0.03745692645722612,0.04303197484891411,0.47002923976608185
5,-1,oracle-marginal,0.574,0.47397190568428604,0.8128628055323948,0.5346075656275778,0.041835133270441804,0.0425995563918229,0.47149122807017546
6,0,abstract,0.5792,0.5000888354105274,0.8123294466812115,0.5298005987875984,0.021452628045266726,0.029539830967777174,0.43484735666418467
6,30,estimated,0.5836,0.49839719405169947,0.8158063949056638,0.528732744758872,0.0321906965269516,0.03593743619672217,0.4482501861504095
6,100,estimated,0.5972,0.5063966170087205,0.8237867814789814,0.5155646963266827,0.024781107705570626,0.030617233452901866,0.4422933730454207
6,300,estimated,0.6004,0.5131340771590239,0.825169976448588,0.5140266676901531,0.024126825040863466,0.027784648484248185,0.43857036485480266
6,1000,estimated,0.6008,0.5114337051091825,0.8257336873710351,0.5133113669019923,0.027728339935622525,0.028157434830935375,0.4445271779597915
6,-1,oracle-marginal,0.6024,0.5158729759993982,0.825764619548207,0.5135654528003534,0.026606135543950468,0.02851244749468956,0.43857036485480266
7,0,abstract,0.5752,0.5014187709174553,0.8102556671800794,0.5383429387014415,0.04102199554819635,0.03449993290544945,0.47054491899852724
7,30,estimated,0.5644,0.4948965513693332,0.8095442784756492,0.5356710562670225,0.038555119016236435,0.033466698214501066,0.5184094256259205
7,100,estimated,0.5772,0.5022635218832749,0.8164720550965732,0.5280288736202686,0.013481263097813945,0.02645931064156235,0.48748159057437407
7,300,estimated,0.5764,0.5039295387574757,0.8179621954670295,0.5262204798932406,0.024446521708758787,0.027861010932995953,0.4690721649484536
7,1000,estimated,0.5804,0.5075652196470533,0.8185411390005646,0.5254933503594462,0.02219868346616454,0.029334148054939373,0.4852724594992636
7,-1,oracle-marginal,0.5784,0.5075140275164399,0.8186666575445662,0.5253585370107987,0.02215737774729739,0.028816582170280113,0.48232695139911635
8,0,abstract,0.5584,0.45847285475127586,0.8097154291056943,0.5368577040808322,0.030427534127455858,0.03138602103065669,0.43617021276595747
8,30,estimated,0.5692,0.48802840422802907,0.8131571126697805,0.5378540546051188,0.03215601230481765,0.03577714716736062,0.47112462006079026
8,100,estimated,0.5728,0.48514913496566026,0.8196416710303394,0.5244480005477115,0.03362093804611278,0.025742338337491556,0.4133738601823708
8,300,estimated,0.5724,0.4848788040404716,0.8210814622382792,0.5226200804828258,0.019276115888379925,0.02660169807783622,0.41641337386018235
8,1000,estimated,0.5748,0.48683908713577534,0.820676136368193,0.5238903767798287,0.039627748232878145,0.02786190888384472,0.4126139817629179
8,-1,oracle-marginal,0.568,0.4764347146455533,0.8206037780046062,0.5240366897043017,0.031819038954934396,0.02951175006163845,0.40577507598784196
9,0,abstract,0.5868,0.4850258597166499,0.8092586025423838,0.5362870574640669,0.03927015390027379,0.029617662600638427,0.4548736462093863
9,30,estimated,0.5828,0.4729698795880156,0.812701838805883,0.5288590259005564,0.036469285487947437,0.02881153126869774,0.4555956678700361
9,100,estimated,0.5964,0.4893724102832988,0.8179801283135262,0.5221230423992522,0.0381619653585686,0.025160587147665787,0.451985559566787
9,300,estimated,0.5944,0.4913070967006935,0.8186859681534002,0.5217126590062069,0.03776527853785995,0.02495000368124895,0.44404332129963897
9,1000,estimated,0.592,0.48692979005017006,0.8193363124172639,0.5211643483912947,0.0396818507095741,0.025059312994068196,0.44404332129963897
9,-1,oracle-marginal,0.5924,0.48927043083438887,0.819458485980729,0.5206675997173047,0.0326682180343845,0.024459537053410908,0.44620938628158846
10,0,abstract,0.56,0.4968805728102794,0.8035741966680088,0.554852135329349,0.0727168808169019,0.04891002952171024,0.45931558935361216
10,30,estimated,0.5656,0.49549271305067477,0.808355677407611,0.5420606423570065,0.05301077283717861,0.039293713599341924,0.4806083650190114
10,100,estimated,0.5632,0.48821450402405375,0.8113486556731637,0.5392161688646725,0.057769568855062896,0.03946416755639871,0.467680608365019
10,300,estimated,0.5624,0.49049235113286765,0.8120215491679055,0.5380620305916914,0.061329163605771696,0.03960702603386657,0.4623574144486692
10,1000,estimated,0.5632,0.49004608882353706,0.8132602521539138,0.5368401551819739,0.058963156563126715,0.038187623654781115,0.46083650190114067
10,-1,oracle-marginal,0.5692,0.49663531336525724,0.8132799628865086,0.536836466807256,0.05283096835098619,0.0371825542316288,0.45627376425855515
11,0,abstract,0.562,0.498713784929945,0.8005938753128772,0.545856984098038,0.04479528779390305,0.03227602626408053,0.49772727272727274
11,30,estimated,0.5644,0.49614253302404987,0.8041138860813577,0.5406408987936385,0.044954186060646474,0.03158175536565895,0.525
11,100,estimated,0.5632,0.4872163250630831,0.811387438997758,0.5323988848514087,0.024539281508284116,0.03212297725382188,0.49015151515151517
11,300,estimated,0.5616,0.49027362962676346,0.8095422151883211,0.5355014227693706,0.02824700214954559,0.03431048893486888,0.5022727272727273
11,1000,estimated,0.5632,0.4932411417974899,0.8094715327240822,0.5349873368252801,0.02591075717960852,0.03433309802325314,0.49242424242424243
11,-1,oracle-marginal,0.5652,0.49186683574508644,0.8101847664570772,0.5335914759666779,0.027511473084927192,0.03199485724248364,0.49393939393939396
12,0,abstract,0.572,0.4726856064564333,0.8064671177153688,0.5415453713379169,0.027725338419914577,0.03307800836267706,0.4901675163874727
12,30,estimated,0.5872,0.48928830980752186,0.8162550984078771,0.5274194446225378,0.019943957538310176,0.03154700307184774,0.4879825200291333
12,100,estimated,0.582,0.47925378125259477,0.816206260913848,0.5273653205669869,0.018345160552240693,0.03148622526118012,0.49745083758193737
12,300,estimated,0.5852,0.48756692999078266,0.816549352643,0.5273043139620646,0.01696843606209143,0.032445264882164045,0.4923525127458121
12,1000,estimated,0.58,0.4805552706383387,0.8158425981538104,0.5286773446294133,0.026675484201981115,0.034063772150301694,0.48943918426802624
12,-1,oracle-marginal,0.5844,0.4840066569467057,0.8166048366694679,0.527306351841075,0.019464769314180945,0.03441347291038965,0.49308084486525855
13,0,abstract,0.5468,0.470688981103206,0.8106759563443562,0.5477951284404032,0.06043642137348178,0.04191716942505965,0.4618973561430793
13,30,estimated,0.552,0.46914552512065355,0.804210472694146,0.5523738563634787,0.05297318579673238,0.04088414095468632,0.5241057542768274
13,100,estimated,0.556,0.47164291828139404,0.8153530656333385,0.5398418020747616,0.04510108702750008,0.04027317975303257,0.47433903576982894
13,300,estimated,0.5612,0.4794523036297576,0.8174144021211798,0.5345600625751838,0.03503236791366718,0.0351646950244594,0.4642301710730949
13,1000,estimated,0.5676,0.4840961248781089,0.817655031967832,0.5340450121351993,0.028873999531636867,0.033947599265841705,0.4548989113530327
13,-1,oracle-marginal,0.5652,0.48443302250530074,0.817718631272967,0.5339348429642302,0.03222035451286066,0.032452139948596526,0.4556765163297045
14,0,abstract,0.5568,0.46490340172242495,0.8075531791864488,0.5441680937230059,0.05538437337091875,0.0379378818187466,0.4676470588235294
14,30,estimated,0.5612,0.4827580759592598,0.8066093890040823,0.5399376234049694,0.046556151166704945,0.03013304363545987,0.5029411764705882
14,100,estimated,0.5656,0.4865134609227884,0.8121776684091055,0.5333086614103665,0.04717043351684515,0.029826114926160628,0.48161764705882354
14,300,estimated,0.5704,0.4861401071575319,0.8147901414374129,0.5283456817312131,0.029335207848614275,0.021944104519207527,0.4647058823529412
14,1000,estimated,0.568,0.4868365345852959,0.8149486201540943,0.528743736085645,0.03707833893531127,0.028217218850889847,0.45588235294117646
14,-1,oracle-marginal,0.5664,0.4829030901379024,0.8156663856651236,0.5275859378746167,0.03525539122534477,0.026481696392344333,0.45808823529411763
15,0,abstract,0.56,0.46578616751809754,0.805222635122578,0.5447390525284181,0.0515162462866168,0.03450006060716919,0.49588631264023936
15,30,estimated,0.5812,0.46957298669518804,0.8089035340600401,0.5393853387782936,0.03658134729915574,0.02762967321899084,0.5048616305160808
15,100,estimated,0.5784,0.47589217071404805,0.8146679111413713,0.5324310845653456,0.03165943696631338,0.028472744930479355,0.5003739715781601
15,300,estimated,0.5792,0.4765239951952207,0.8153340581301558,0.5312850486936164,0.036758505403281426,0.027526334789979328,0.4809274495138369
15,1000,estimated,0.5808,0.47814571123105015,0.8155046568628225,0.5310116066838938,0.038165890564480276,0.028017233560915303,0.4824233358264772
15,-1,oracle-marginal,0.5804,0.47957237282157866,0.8157275653222094,0.5309262515950802,0.03448527296970427,0.027424551276133188,0.4786836200448766
16,0,abstract,0.5748,0.49084138976407565,0.8122592943543241,0.5315410920889236,0.028638621137529678,0.028021014841832045,0.4773413897280967
16,30,estimated,0.568,0.49381022341439573,0.8134007791839417,0.5304973838499564,0.03704521608988616,0.033486882028425105,0.4962235649546828
16,100,estimated,0.5672,0.4760553369650813,0.8133601658467124,0.528657007285802,0.024643320724492105,0.02823148343540004,0.4901812688821752
16,300,estimated,0.5732,0.4813204707148379,0.8143106697936403,0.5272984269566117,0.021440493454137472,0.027345847999553828,0.4826283987915408
16,1000,estimated,0.5716,0.4774674857969703,0.8168328131784712,0.524164585357332,0.014689918965061425,0.02726301375144599,0.4818731117824773
16,-1,oracle-marginal,0.5736,0.48224479889101013,0.8182369752331708,0.5228428062818975,0.01846659059361357,0.027399862581774553,0.4826283987915408
17,0,abstract,0.5652,0.48048103325151115,0.8165706126811607,0.531657048327254,0.027076395226391756,0.038976296684694156,0.42973977695167287
17,30,estimated,0.5764,0.48525477462030275,0.8216188301220642,0.5243270469123591,0.03603240145614339,0.03735326629086392,0.42602230483271375
17,100,estimated,0.5644,0.4683828754439338,0.8239326334432773,0.5247041449772898,0.03411556848926291,0.037119404105666005,0.428996282527881
17,300,estimated,0.5744,0.47922081963698065,0.8233764242222934,0.5227447844031557,0.03236034357395341,0.03663806094240737,0.4379182156133829
17,1000,estimated,0.5836,0.49275486680702035,0.8248614119162179,0.5208088193497676,0.03457148520710154,0.03822324939651861,0.433457249070632
17,-1,oracle-marginal,0.5772,0.48216984818282754,0.8253253276588179,0.520761350485643,0.029506008618184178,0.03868466441458895,0.43197026022304835
18,0,abstract,0.556,0.504000004137268,0.8101805548437122,0.5325664995938422,0.047754056599391984,0.03469968892561224,0.5042210283960092
18,30,estimated,0.5688,0.5094132236261385,0.8126321084722603,0.5273494396665062,0.029334199215242183,0.02970502521490616,0.5433614735226401
18,100,estimated,0.5768,0.5175639862869497,0.8163351201737465,0.5225746890362581,0.024025220584023878,0.025483192511881123,0.49961627014581733
18,300,estimated,0.5812,0.5137220895685313,0.8172235838331671,0.5214680778694791,0.029037461567868954,0.02736750286442549,0.5003837298541827
18,1000,estimated,0.5808,0.5157411011715648,0.8182331634753234,0.5196704440600081,0.02553766625701791,0.026018686418707516,0.48810437452033767
18,-1,oracle-marginal,0.5832,0.5193964371114751,0.8179421614127991,0.5199988379003344,0.03289671519241882,0.025805568398394922,0.4827321565617805
19,0,abstract,0.5688,0.47568678677271514,0.8086599534613003,0.5375484372663832,0.02055352599685327,0.024121474998685524,0.46827794561933533
19,30,estimated,0.5768,0.49151082915055244,0.8157405763677046,0.5287075465907431,0.014653409780725617,0.02355314536337485,0.4350453172205438
19,100,estimated,0.5776,0.48456198571176423,0.816037449242088,0.5282846842769452,0.015349415892319926,0.025765611849401102,0.44486404833836857
19,300,estimated,0.5804,0.48187650001347143,0.8179136557515714,0.5255519141286572,0.019410847532193107,0.024767844368274786,0.452416918429003
19,1000,estimated,0.578,0.4833918153550045,0.8173443512842009,0.5259813227849287,0.015203935822462001,0.024998693044154,0.45317220543806647
19,-1,oracle-marginal,0.5812,0.48218733144010373,0.8180401235722191,0.5254566120795898,0.014715713627916554,0.025123533240246042,0.4501510574018127
