rep,diag,acc,macroF1,macroAUC,brier,ece,cwece,far@pd0.9
0,0.7,0.5768,0.46203349137590344,0.8053064053449122,0.5374952052491473,0.030087933663593268,0.024223764127282613,0.4606240713224368
0,0.8,0.576,0.46375992139655114,0.8060021756079647,0.5364903194388835,0.030742389260357127,0.02464504893150878,0.4635958395245171
0,0.9,0.5756,0.4628336240463624,0.8058092299781578,0.5366211995579115,0.0334038260995515,0.025949096482363425,0.475482912332838
0,0.94,0.576,0.46499364484258754,0.80551697161193,0.5368666672376962,0.03799200559066221,0.02632865076234149,0.48068350668647847
0,0.99,0.5768,0.4655281945129106,0.8050560263472766,0.5372915197166082,0.03957649897826248,0.02525852556609349,0.4769687964338782
1,0.7,0.568,0.48169904919974466,0.8159521565063212,0.5336585428903123,0.02997273532564632,0.02809448068805705,0.4515659140568099
1,0.8,0.5692,0.48760682364915797,0.8165994927572182,0.5321321694822477,0.02207565533212181,0.026464971357073888,0.45447924253459576
1,0.9,0.572,0.4935670041691578,0.8162667235719707,0.5317508526320773,0.02513988196671285,0.025404353415817104,0.44865258557902404
1,0.94,0.5708,0.4932416785160037,0.8161140980886772,0.5318079777872107,0.024131672059965466,0.025679836194506298,0.4479242534595776
1,0.99,0.5708,0.49309889362199844,0.8158271917655411,0.5320121318167519,0.023223974717064846,0.024649927686294915,0.4493809176984705
2,0.7,0.5236,0.4612938436480401,0.7882548362016795,0.5740025444983228,0.05148549406684882,0.05001592060672588,0.522744220730798
2,0.8,0.5236,0.464342194135316,0.7886026688450346,0.5751332279904197,0.05630279313043581,0.04912065598213667,0.5234899328859061
2,0.9,0.5212,0.46097666210699945,0.7886758280684332,0.5765017935495778,0.06343025006346235,0.05094470054406105,0.5242356450410142
2,0.94,0.5212,0.46097666210699945,0.7886343364141488,0.5770957929340143,0.0628303606789611,0.052014498621372765,0.5242356450410142
2,0.99,0.522,0.4637364880688329,0.7883598158289872,0.5778914891893504,0.06589732122499761,0.05267287356218357,0.5361670395227442
3,0.7,0.5968,0.513996911168458,0.8132990004934356,0.5239723585738026,0.023988708997991624,0.027074499938626765,0.4510086455331412
3,0.8,0.5944,0.5148026568889852,0.8146367726869133,0.5221993892204677,0.016430433291051275,0.026492783532201535,0.4553314121037464
3,0.9,0.592,0.5108309479331945,0.8146910900145288,0.521468814240855,0.01856003575536737,0.029642541764036048,0.46325648414985593
3,0.94,0.592,0.5107807863114361,0.814733216438899,0.5213635284529935,0.01845434509686419,0.027969675767421032,0.46325648414985593
3,0.99,0.592,0.5107949571135283,0.8145374332335753,0.5213554484816656,0.017579438158484742,0.028592043107503837,0.46325648414985593
4,0.7,0.5704,0.4730705632965878,0.8081480211631078,0.550078675396682,0.05771283394513173,0.04215806569988302,0.4618208516886931
4,0.8,0.5692,0.47675144581093043,0.8092189412521132,0.5496843111697213,0.06368489771810566,0.04333408742388977,0.4713656387665198
4,0.9,0.5692,0.47863294187289085,0.809651978915694,0.5498098562092276,0.06794804272935874,0.04306688685876436,0.4669603524229075
4,0.94,0.5692,0.47863294187289085,0.8096649682089546,0.5499405385632865,0.06793122425701412,0.04366418277989992,0.4684287812041116
4,0.99,0.5688,0.47886107506761005,0.8096809878164791,0.5501622729438493,0.06900320216656357,0.04322993879134335,0.4669603524229075
5,0.7,0.5496,0.4453960100786508,0.7980354957437744,0.5570646933011356,0.07246940916154665,0.0568164018658788,0.48099415204678364
5,0.8,0.55,0.44898335011218976,0.7989968460808492,0.5554060573771831,0.07321038243382273,0.05524767356414638,0.4722222222222222
5,0.9,0.5496,0.45265263262228117,0.799511519388955,0.5545829089365639,0.07341229512373287,0.05183149326716028,0.472953216374269
5,0.94,0.55,0.4529382021916737,0.7995564702355417,0.554395304577468,0.07332630203147869,0.05163871092509451,0.47368421052631576
5,0.99,0.5512,0.4541580511696983,0.7992152321091145,0.5542479739118057,0.07310315916059287,0.05192273595467796,0.47441520467836257
6,0.7,0.5808,0.48872470144308494,0.8119570677635568,0.5298627746613245,0.016827223939470372,0.02924386909100565,0.4274013402829486
6,0.8,0.5776,0.49136554490650575,0.8124869160609335,0.5292874334282769,0.01609888434271692,0.029746703120974334,0.4355919583023083
6,0.9,0.5784,0.4997002455628049,0.8123837509639413,0.5295465862396898,0.01943633370797712,0.029312145882957406,0.43335815338793743
6,0.94,0.5792,0.5000888354105274,0.8123294466812115,0.5298005987875984,0.021452628045266726,0.029539830967777174,0.43484735666418467
6,0.99,0.5812,0.5019143434335082,0.8120104864336055,0.5302205497234758,0.021523614280154747,0.029375194948855647,0.43633655994043186
7,0.7,0.5728,0.4964817954847713,0.8120979994258273,0.5348145317544196,0.021785599122800866,0.02680105201179425,0.4698085419734904
7,0.8,0.5712,0.4957207064202382,0.8113933996552675,0.5361628865850661,0.036439011922275714,0.033205377448442416,0.46759941089838
7,0.9,0.5736,0.5013269274320297,0.8105660963017163,0.5377148241003653,0.037363601437923735,0.035412559890594913,0.47496318114874814
7,0.94,0.5752,0.5014187709174553,0.8102556671800794,0.5383429387014415,0.04102199554819635,0.03449993290544945,0.47054491899852724
7,0.99,0.576,0.5026757595406486,0.8099508292468931,0.5391576742568762,0.04282684946453673,0.035017407957468855,0.47201767304860087
8,0.7,0.5588,0.45759675801204297,0.8097456971612786,0.5379987965964363,0.030746215660748134,0.03363981428222263,0.43844984802431614
8,0.8,0.5568,0.45621877411393186,0.8102207830010267,0.5370419671031789,0.027329540234645563,0.031138012703290727,0.4338905775075988
8,0.9,0.5584,0.45847285475127586,0.80991883962181,0.5368224632917051,0.028876877832467337,0.030856226857525173,0.43465045592705165
8,0.94,0.5584,0.45847285475127586,0.8097154291056943,0.5368577040808322,0.030427534127455858,0.03138602103065669,0.43617021276595747
8,0.99,0.5596,0.4593231360237217,0.809346094982665,0.536982593631802,0.030575517115613626,0.030434265805631796,0.43844984802431614
9,0.7,0.5828,0.4794458790025218,0.809742189101211,0.5335849742322228,0.027980526603034322,0.028893017114861023,0.4490974729241877
9,0.8,0.5844,0.48362453056329846,0.8097338138849348,0.5344351552548751,0.03207318312253816,0.028705903607541494,0.4505415162454874
9,0.9,0.5864,0.4847651397331063,0.8094092985803051,0.5357212215466535,0.037641827583241215,0.029046450803314753,0.4505415162454874
9,0.94,0.5868,0.4850258597166499,0.8092586025423838,0.5362870574640669,0.03927015390027379,0.029617662600638427,0.4548736462093863
9,0.99,0.586,0.4822539451817447,0.8089787276316509,0.5370387190828725,0.039365392144452574,0.0305875610719671,0.45703971119133574
10,0.7,0.556,0.48349097849633604,0.8027601620274963,0.5545281837349111,0.06574472095847418,0.04411474459879534,0.4783269961977186
10,0.8,0.5588,0.49426891156017766,0.8036712418316525,0.5543661041180676,0.06971844567649872,0.047080911853291406,0.464638783269962
10,0.9,0.5596,0.4966530233649955,0.8036973102723421,0.5546660968266219,0.0723338490507508,0.04885933281156941,0.464638783269962
10,0.94,0.56,0.4968805728102794,0.8035741966680088,0.554852135329349,0.0727168808169019,0.04891002952171024,0.45931558935361216
10,0.99,0.56,0.49675431427753725,0.8032771671439156,0.5551292636002728,0.07336426126778987,0.04902999686567614,0.45931558935361216
11,0.7,0.552,0.47126106538674845,0.8016151332536914,0.5439338593743491,0.04457244814849733,0.03561145634662376,0.5015151515151515
11,0.8,0.5584,0.48773517027787516,0.8012134171342926,0.5445713358520665,0.049425166476930286,0.03265789038598175,0.49772727272727274
11,0.9,0.56,0.4912959662175046,0.8007845958242017,0.5454687944397064,0.04616001150444386,0.03136802421361512,0.49924242424242427
11,0.94,0.562,0.498713784929945,0.8005938753128772,0.545856984098038,0.04479528779390305,0.03227602626408053,0.49772727272727274
11,0.99,0.5612,0.49782761186908026,0.8002407496206904,0.5463729510517004,0.0464948181436647,0.03383408895651258,0.4962121212121212
12,0.7,0.5732,0.47170703469031156,0.8052088309897608,0.54313191030046,0.0301541474825304,0.036005445358820186,0.4996358339402768
12,0.8,0.5708,0.46982442029322147,0.8062418505787621,0.5420006886689539,0.028758350656482412,0.034950200531710475,0.48871085214857973
12,0.9,0.5712,0.471108596562974,0.8064949597317521,0.5415800869014804,0.02803428932426103,0.033281035812160256,0.4901675163874727
12,0.94,0.572,0.4726856064564333,0.8064671177153688,0.5415453713379169,0.027725338419914577,0.03307800836267706,0.4901675163874727
12,0.99,0.5732,0.4750747941632651,0.8063311771693815,0.5415979853673855,0.028025361623188326,0.03246095103909295,0.49308084486525855
13,0.7,0.546,0.4681199301682496,0.8093119781214647,0.5500367948280414,0.05364562810043588,0.043352434515200905,0.4735614307931571
13,0.8,0.5468,0.4701412574553018,0.8102289842428037,0.5485473167394,0.05649096721665591,0.042623322019598765,0.46734059097978226
13,0.9,0.5468,0.47011397917300424,0.8105492800289902,0.5479155351216095,0.0597576989986329,0.041351145318123256,0.46578538102643857
13,0.94,0.5468,0.470688981103206,0.8106759563443562,0.5477951284404032,0.06043642137348178,0.04191716942505965,0.4618973561430793
13,0.99,0.5472,0.47039476497397315,0.8107785940650798,0.5477287396495285,0.06051676496278354,0.04140684334429109,0.46111975116640747
14,0.7,0.5572,0.45789635369654375,0.8084961078068773,0.5429730826872924,0.05805298008519932,0.037618765253433294,0.45073529411764707
14,0.8,0.5548,0.4582472951204815,0.8082434038655782,0.5432130621480595,0.05907114661387128,0.0385508117608961,0.44632352941176473
14,0.9,0.5564,0.4644194422393584,0.807705056910982,0.5438511162134364,0.05370427938388916,0.03764712410091,0.45955882352941174
14,0.94,0.5568,0.46490340172242495,0.8075531791864488,0.5441680937230059,0.05538437337091875,0.0379378818187466,0.4676470588235294
14,0.99,0.5568,0.4650867830435457,0.8071110015319258,0.5446179075370141,0.05639176403645662,0.03832611543173522,0.4742647058823529
15,0.7,0.558,0.4455085358555397,0.8047755460609929,0.5451298566595636,0.04555654011874624,0.03215422216716594,0.48840688107703817
15,0.8,0.5604,0.46481694237241233,0.8054030689300166,0.544602904536283,0.04775598349568366,0.03414672035282479,0.4913986537023186
15,0.9,0.5604,0.4661491292965543,0.8053860609537187,0.5446350729692625,0.05039677296174441,0.03355347204202663,0.49588631264023936
15,0.94,0.56,0.46578616751809754,0.805222635122578,0.5447390525284181,0.0515162462866168,0.03450006060716919,0.49588631264023936
15,0.99,0.5616,0.47269953363580164,0.8049859312516832,0.5449369922761785,0.05057865375260711,0.035391564575560114,0.49962602842183995
16,0.7,0.5756,0.49107284784161254,0.8119011005626019,0.5313575117226947,0.023326718164760608,0.02682530657375426,0.48942598187311176
16,0.8,0.5744,0.4894861481241217,0.8124898480581064,0.5309518786831537,0.02748376334374541,0.027925447149256735,0.48489425981873113
16,0.9,0.5752,0.49105142721062855,0.8124463423184077,0.5312942109209081,0.02866208264964488,0.028461915286041632,0.4826283987915408
16,0.94,0.5748,0.49084138976407565,0.8122592943543241,0.5315410920889236,0.028638621137529678,0.028021014841832045,0.4773413897280967
16,0.99,0.5736,0.49018541493576046,0.8121555856793239,0.5319180931200224,0.02839805337640213,0.02902425046836984,0.4788519637462236
17,0.7,0.562,0.4661835796624086,0.8162147292863262,0.5332510226552896,0.02530267102874445,0.042727680186422215,0.4349442379182156
17,0.8,0.5628,0.4707846358511956,0.8168623576821993,0.5317868703651744,0.025524329720593847,0.040785754481750286,0.42825278810408923
17,0.9,0.566,0.47955417533243094,0.8166792034133933,0.5315388924869463,0.027729653130638354,0.039244427056057365,0.433457249070632
17,0.94,0.5652,0.48048103325151115,0.8165706126811607,0.531657048327254,0.027076395226391756,0.038976296684694156,0.42973977695167287
17,0.99,0.5652,0.4839244404260187,0.816200858507743,0.5319386276178313,0.0281037331737113,0.03956099717402305,0.4267657992565056
18,0.7,0.5604,0.4955705486872186,0.8111664925507218,0.5299066114636285,0.030288889683985125,0.030549714831860898,0.49347659247889486
18,0.8,0.5568,0.5000757619549222,0.8109056883664161,0.5306734179462635,0.04081042311017293,0.032669735070323905,0.5026861089792786
18,0.9,0.556,0.5038290007757389,0.810336287623987,0.5319855159643825,0.04977191906940786,0.034870950925376024,0.5042210283960092
18,0.94,0.556,0.504000004137268,0.8101805548437122,0.5325664995938422,0.047754056599391984,0.03469968892561224,0.5042210283960092
18,0.99,0.5564,0.5042572095707988,0.8098577779864811,0.5333290810557799,0.043835273657904454,0.034278036655136436,0.5057559478127398
19,0.7,0.5716,0.477466972338665,0.8081944362567535,0.537432622288068,0.020431971749467818,0.02159104871570112,0.4622356495468278
19,0.8,0.5696,0.47521016463632254,0.8090476436722198,0.5369387389775676,0.0180318998022589,0.023437983563953414,0.466012084592145
19,0.9,0.5712,0.4791730946486698,0.8087947692581056,0.5372722141652219,0.01821908973779895,0.02347088009903611,0.466012084592145
19,0.94,0.5688,0.47568678677271514,0.8086599534613003,0.5375484372663832,0.02055352599685327,0.024121474998685524,0.46827794561933533
19,0.99,0.5696,0.47494385113945564,0.8084871480204024,0.5379879745214176,0.02151279857384571,0.023691885321122715,0.47583081570996977
