rep,variant,acc,macroF1,macroAUC,brier,ece,cwece,far@pd0.9
0,Proposed (full),0.586,0.5016493683181235,0.8069967295995757,0.5347934200458887,0.034361795571951646,0.026235233888218225,0.4725111441307578
0,-ICI (full table),0.5848,0.5010525374599132,0.8005431484544822,0.5415071230332662,0.04646738719336921,0.03401555765617285,0.47473997028231796
0,-constraints,0.586,0.5016493683181235,0.8070066464239507,0.5347931447884352,0.0343609314338933,0.026234741849844815,0.4725111441307578
0,-prior (MLE),0.5512,0.4737670907244691,0.7811722613316947,0.5590513607726096,0.06832638499813345,0.04746640748333433,0.4970282317979198
0,-reliability,0.5824,0.5011954714964472,0.8065108089243711,0.5359017372896382,0.03197099836983988,0.027292025781060825,0.47473997028231796
1,Proposed (full),0.5552,0.45373556404958776,0.8077697524253832,0.542905167547847,0.04879148576667392,0.0351697189611405,0.47560087399854334
1,-ICI (full table),0.554,0.46061668419879503,0.7996579790664147,0.5547034465805262,0.0708132521762441,0.04578020026796445,0.4945375091041515
1,-constraints,0.5552,0.45373556404958776,0.8077489219574865,0.5429077176632569,0.04879014547178857,0.03517092746081917,0.47560087399854334
1,-prior (MLE),0.5208,0.4296432422609156,0.7758215166001634,0.5948302296474166,0.11265017196725001,0.07177782325679156,0.5273124544792426
1,-reliability,0.5552,0.4536888965491202,0.8056653833803633,0.5453399432694547,0.05171731450991266,0.036569141508314,0.4865258557902403
2,Proposed (full),0.5232,0.4648667045349594,0.8029914364993364,0.5582261174729575,0.045846775868535763,0.048411098001449035,0.4862043251304996
2,-ICI (full table),0.5228,0.4597628802467668,0.8015814676257708,0.5603000809492518,0.039194144711741964,0.044905663824564804,0.48769574944071586
2,-constraints,0.5232,0.4648667045349594,0.8029848376620775,0.5582255656014661,0.04584830352982945,0.048410150598599745,0.4862043251304996
2,-prior (MLE),0.5136,0.45328617904790675,0.7760786848283288,0.5992810119301306,0.08075252738800556,0.07063262735802862,0.5316927665920954
2,-reliability,0.5232,0.46515521706016755,0.8021906825696106,0.5596679704015278,0.048517514035276384,0.04749999347772843,0.5003728560775541
3,Proposed (full),0.5956,0.4847360362604083,0.8181422382409095,0.5253765910419564,0.04473050105461563,0.040761363483621485,0.4603746397694525
3,-ICI (full table),0.5992,0.47579960779550523,0.8194701636526869,0.5189959347259326,0.03177211787168838,0.030447402534125256,0.4654178674351585
3,-constraints,0.5956,0.4847360362604083,0.8181410494468121,0.5253766755676965,0.04473092932804076,0.04076103682609297,0.4603746397694525
3,-prior (MLE),0.5756,0.4769511999032022,0.7968492001471066,0.5525938073428924,0.03639905571402185,0.04302701142030785,0.47910662824207495
3,-reliability,0.5896,0.4823173891194893,0.8170629621335354,0.5243771332571859,0.03218947889937404,0.03819766114044819,0.4610951008645533
4,Proposed (full),0.576,0.4868569391065315,0.8144050962686622,0.5378159480679595,0.05406307664964559,0.03952813554990167,0.46916299559471364
4,-ICI (full table),0.5692,0.48983342595337787,0.8134187232025454,0.5395251406439698,0.0631583020205969,0.040105208328391304,0.4698972099853157
4,-constraints,0.576,0.4868569391065315,0.8144049333609287,0.5378163215751082,0.054064105679347815,0.03952834801713742,0.46916299559471364
4,-prior (MLE),0.5364,0.4761916636235251,0.7921410705143914,0.5784997610450126,0.09776164327591909,0.06201161856377382,0.4948604992657856
4,-reliability,0.5772,0.4900525218732001,0.8143179999067754,0.5391472021938419,0.056337269074313974,0.03794323912730543,0.4647577092511013
5,Proposed (full),0.5512,0.45008057199040996,0.7971156909665734,0.561979847182794,0.0773839794733472,0.05809319962046958,0.4904970760233918
5,-ICI (full table),0.562,0.4658006715634917,0.7960135401564897,0.5588462131968057,0.06913837487317794,0.05917792302318751,0.4861111111111111
5,-constraints,0.5512,0.45008057199040996,0.7971165203450907,0.5619799961968738,0.07738262954362791,0.05802723714935363,0.4904970760233918
5,-prior (MLE),0.5768,0.4875673745936125,0.7760485489435184,0.5673911615587863,0.09809298910531797,0.06051859293313546,0.5
5,-reliability,0.5484,0.4499698018572992,0.7973579835218587,0.5624845264782043,0.08313207196519946,0.059346010677154046,0.4956140350877193
6,Proposed (full),0.5788,0.47251662153112156,0.8139094847102208,0.5340580562012017,0.027372728142035698,0.043421861442108946,0.462397617274758
6,-ICI (full table),0.5748,0.48563653641019566,0.8132711873809975,0.5339515616855389,0.029074947642075903,0.045241280300783726,0.47058823529411764
6,-constraints,0.5788,0.47251662153112156,0.8139112723872816,0.5340561338895854,0.027373350088603136,0.04342138222830859,0.462397617274758
6,-prior (MLE),0.5652,0.39456158831213783,0.7803699537337914,0.5532535018292611,0.05282355856229168,0.04282244745079879,0.4802680565897245
6,-reliability,0.58,0.4858422408693316,0.8130072700560359,0.5351499801850179,0.0338765205264655,0.04530009277505004,0.4638868205510052
7,Proposed (full),0.572,0.5018398512989408,0.814441371768168,0.5343106386897042,0.02255046802773308,0.038813556851747234,0.49410898379970547
7,-ICI (full table),0.57,0.5072467661664003,0.8128281688081145,0.5382380569367037,0.029602174506147976,0.04339475272977348,0.49337260677466865
7,-constraints,0.572,0.5018398512989408,0.8144375657584112,0.5343111279338798,0.022551184596218493,0.03865406148673321,0.49410898379970547
7,-prior (MLE),0.5492,0.4593119199160576,0.7799547363822784,0.5762092857032146,0.08792536824897595,0.05960665766777381,0.5103092783505154
7,-reliability,0.5688,0.49805406322346246,0.8133497658448267,0.5365845461495976,0.02545659970459977,0.04008653077905234,0.4793814432989691
8,Proposed (full),0.5628,0.47339063616015653,0.813034861663576,0.5401813269639495,0.031050804480432122,0.04205388468922439,0.44452887537993924
8,-ICI (full table),0.5612,0.4792442768240526,0.8082459100852482,0.5460283953004944,0.029349525163154092,0.04165848454672623,0.44832826747720367
8,-constraints,0.5628,0.47339063616015653,0.8130470055127152,0.5401848191152799,0.03105318547120402,0.042058328144301806,0.4430091185410334
8,-prior (MLE),0.5544,0.46799945689947964,0.7864935972307323,0.5592402076829373,0.054656321503291604,0.04729098777432354,0.493161094224924
8,-reliability,0.5632,0.4752276669896386,0.8117588955283113,0.5409715263187176,0.0347850168923,0.040691411326557125,0.4513677811550152
9,Proposed (full),0.59,0.518965064498008,0.821162934549338,0.5207737161378013,0.024411726053153896,0.02379449497268045,0.4202166064981949
9,-ICI (full table),0.5864,0.5117168543005834,0.81834044653514,0.5277200854999141,0.03800534261836043,0.030849934727704635,0.43465703971119135
9,-constraints,0.59,0.518965064498008,0.821162934549338,0.5207736584329695,0.02441182856506779,0.023794608439137072,0.4202166064981949
9,-prior (MLE),0.5672,0.49775448853839765,0.7952619492243252,0.573620297664743,0.09053407229033432,0.05944973077069924,0.4635379061371841
9,-reliability,0.5872,0.5218202158960711,0.8208699554328951,0.5219817890570423,0.03449885788605254,0.025753181149819088,0.42454873646209385
10,Proposed (full),0.556,0.47940740933458525,0.8049534362857955,0.5596691958030607,0.0925980485054416,0.057503107998989667,0.5193916349809886
10,-ICI (full table),0.5544,0.4768301195358682,0.8072950406635564,0.5600627848803311,0.10637199963255094,0.06159929872422644,0.5003802281368821
10,-constraints,0.556,0.47940740933458525,0.8049532922326275,0.5596692819306132,0.09259797724375443,0.05750311212716007,0.5193916349809886
10,-prior (MLE),0.5576,0.4881661425660909,0.7894212775894305,0.5664331887772249,0.11576814776638278,0.06332896932977329,0.5437262357414449
10,-reliability,0.558,0.48160378571173534,0.8056722773739948,0.5590809089924113,0.09245727396456789,0.0579096003994051,0.5216730038022813
11,Proposed (full),0.548,0.47928360088618127,0.8068591820727926,0.5379462622590917,0.029014339643408247,0.03645935417140322,0.5098484848484849
11,-ICI (full table),0.5544,0.46539727685744914,0.8019251404994738,0.5512525214104844,0.05771451009515253,0.048169948133756704,0.5166666666666667
11,-constraints,0.546,0.4739565942916596,0.8060162553954358,0.5387323991414497,0.029754484836071307,0.03687973768733482,0.5166666666666667
11,-prior (MLE),0.5512,0.4493682717048204,0.7870382008416433,0.5959985422135102,0.14142555154344355,0.07949070062538799,0.5212121212121212
11,-reliability,0.5508,0.48406809157245906,0.8053396218765622,0.5394675794614947,0.03582988335788656,0.037519131530690926,0.5060606060606061
12,Proposed (full),0.5612,0.44086897811443926,0.8017335866842665,0.5625343333441266,0.042381986139613706,0.05863737780193981,0.5010924981791697
12,-ICI (full table),0.5564,0.4315108423183294,0.7996730284889666,0.5652218894900014,0.06546470862329933,0.05911188380849764,0.5069191551347414
12,-constraints,0.5612,0.44086897811443926,0.8017194952441419,0.5625336036355527,0.04237985507397384,0.05863642150088131,0.5010924981791697
12,-prior (MLE),0.5644,0.4657274219305627,0.7710166552249806,0.5702390691839678,0.07048830629795261,0.051940273931641655,0.48943918426802624
12,-reliability,0.5632,0.43816629769585547,0.8030364053177788,0.5612487939087515,0.04391578379629308,0.059701171743444865,0.493809176984705
13,Proposed (full),0.5456,0.4569297971481229,0.8076380263660308,0.5586593167834748,0.060706327938556244,0.05502356959508338,0.4774494556765163
13,-ICI (full table),0.5484,0.47652703073533415,0.8055724227098503,0.5587433696590611,0.0693957680938885,0.05133955461182088,0.48055987558320373
13,-constraints,0.5456,0.4569297971481229,0.8076184315589572,0.5586609806954144,0.06070396715594301,0.05502268478266166,0.4774494556765163
13,-prior (MLE),0.5324,0.457963531532965,0.7710535687096,0.6084324462979208,0.11539012278784957,0.0728532703614657,0.531104199066874
13,-reliability,0.5416,0.4566500361739314,0.8079749570577776,0.5598498921462056,0.07241184439810285,0.05724429413494349,0.48055987558320373
14,Proposed (full),0.556,0.49586659158301727,0.8066625398703142,0.539462107950903,0.03714763010503694,0.03255160789710362,0.47941176470588237
14,-ICI (full table),0.5556,0.4940454471541399,0.8007696170837642,0.5534490243293432,0.038431602475039975,0.036395169022923786,0.5301470588235294
14,-constraints,0.556,0.49586659158301727,0.8066643859806688,0.5394621006300738,0.03714641810352467,0.032551128219909145,0.47941176470588237
14,-prior (MLE),0.5444,0.49986589214338395,0.7878443958934472,0.5811992294697553,0.06982204510273697,0.049746366777723185,0.5889705882352941
14,-reliability,0.5552,0.4970259218004552,0.8052227740788074,0.5419920075156226,0.03616658043427125,0.03181602709445038,0.4801470588235294
15,Proposed (full),0.5748,0.4941635351212945,0.8143712628257249,0.5319393922794378,0.03491223558801571,0.027691587622354415,0.4824233358264772
15,-ICI (full table),0.5712,0.4799716187979405,0.8112261782838323,0.5380365917093077,0.048227529415553236,0.03422039847106618,0.4906507105459985
15,-constraints,0.5748,0.4941635351212945,0.8143712628257249,0.5319392979981192,0.03491222370015721,0.027691423743917136,0.4824233358264772
15,-prior (MLE),0.5604,0.47970434218348773,0.7891590636977289,0.5689398601205132,0.10209396290903006,0.055676630038875706,0.49214659685863876
15,-reliability,0.5724,0.49059541592283057,0.8147514371633962,0.5318617801153934,0.0419518743917867,0.028435717038145306,0.47643979057591623
16,Proposed (full),0.5652,0.48302583217718226,0.8074196612974631,0.5370122568480671,0.02990024411067993,0.03374819096308019,0.48489425981873113
16,-ICI (full table),0.5484,0.4680818194359852,0.8001309129324847,0.5487467941221023,0.03603518597586907,0.03972530380544675,0.4826283987915408
16,-constraints,0.5652,0.4827394527843111,0.8072360760891046,0.5372646010035089,0.03381906354383315,0.03413371004348802,0.48413897280966767
16,-prior (MLE),0.5312,0.459025552121838,0.773397068558096,0.5900297642852769,0.08547049060965246,0.061521182222969026,0.5581570996978852
16,-reliability,0.5644,0.4845383449344133,0.8048668892840187,0.5408281814913647,0.043372236071870685,0.03753087355243546,0.4909365558912387
17,Proposed (full),0.5868,0.5128011694493435,0.8215407343687485,0.5227329967592215,0.03604097223886356,0.03285689359252479,0.46691449814126396
17,-ICI (full table),0.5688,0.49504300296620546,0.8064643963658403,0.5405980436988295,0.0407100728656382,0.036146812484233314,0.49739776951672865
17,-constraints,0.5864,0.5125842879977534,0.8215438527215831,0.5227323243882491,0.03564590885039169,0.03285703755070951,0.46691449814126396
17,-prior (MLE),0.536,0.4832258923205468,0.7771724657873114,0.6102839310983552,0.10216760603125062,0.07142527742744327,0.5449814126394052
17,-reliability,0.5748,0.5057445053442141,0.8189533795656329,0.5240614364820336,0.01773933165301321,0.02807835051922771,0.47137546468401487
18,Proposed (full),0.5472,0.49218795958533434,0.812016957783718,0.532300057624578,0.04030808574268875,0.03947282797058545,0.5065234075211051
18,-ICI (full table),0.5596,0.48988480715002175,0.8103480869463988,0.5352903398563835,0.04318674613996718,0.04102946916582618,0.5141980046047583
18,-constraints,0.5472,0.49218795958533434,0.8120164810289199,0.5322985848950397,0.040305418730739985,0.03947198368117591,0.5065234075211051
18,-prior (MLE),0.5428,0.47099051427138816,0.7968526458264027,0.5669532480812035,0.08720974085900988,0.0644157934939263,0.5487336914811972
18,-reliability,0.5476,0.49410980135074756,0.8101449330634134,0.5359578016131344,0.04465281566641766,0.042804616363660404,0.5065234075211051
19,Proposed (full),0.5632,0.47430395233246614,0.8094808270156503,0.548816800870505,0.02641870695290734,0.05497045225934916,0.46676737160120846
19,-ICI (full table),0.5576,0.465213648347897,0.7967042242724723,0.5593954737752174,0.03927527408003574,0.05603248899614963,0.4826283987915408
19,-constraints,0.5632,0.47430395233246614,0.8094827088037733,0.5488165849236218,0.02641793660152182,0.054970362052686725,0.46676737160120846
19,-prior (MLE),0.5528,0.4589365251660933,0.7705630994645482,0.5651799118061881,0.05393937146768235,0.05106609726515021,0.48564954682779454
19,-reliability,0.562,0.4733382295605858,0.8077854699214415,0.5500970222022696,0.033861157892316474,0.055053788290055285,0.46148036253776437
